,lat,long,depth,mag,x,y,year,month,day,hour,minute,second,decimal_date,cluster
7,36.41348,-96.89058,5.0,1.2694,-10785810.028264936,4357665.755557873,2013,6,30,5,15,17.0,2013.496834898725,54
8,36.41348,-96.89058,5.0,1.33053,-10785810.028264936,4357665.755557873,2013,6,30,7,52,37.58,2013.4971340526529,54
9,36.41348,-96.89058,5.0,1.27624,-10785810.028264936,4357665.755557873,2013,6,30,22,37,30.47,2013.4988164648134,54
10,36.38691,-96.92653,5.0,1.33814,-10789811.963958954,4353991.026845783,2013,7,3,6,3,13.48,2013.505139601237,15
20,36.30156,-96.89072,5.0,2.7,-10785825.612993646,4342195.294163642,2013,10,16,20,20,17.0,2013.7942434469035,12
21,36.30156,-96.89072,5.0,1.45183,-10785825.612993646,4342195.294163642,2013,10,16,20,44,54.7,2013.7942902723908,12
22,36.30156,-96.89072,5.0,1.40772,-10785825.612993646,4342195.294163642,2013,10,16,20,52,11.97,2013.794304128641,12
23,36.30156,-96.89072,5.0,1.44496,-10785825.612993646,4342195.294163642,2013,10,16,21,16,47.68,2013.794350891069,12
24,36.30156,-96.89072,5.0,2.03642,-10785825.612993646,4342195.294163642,2013,10,16,21,41,40.41,2013.7943981928283,12
25,36.30156,-96.89072,5.0,1.1905,-10785825.612993646,4342195.294163642,2013,10,17,4,45,45.73,2013.795204506363,12
33,36.35355,-97.09108,11.409,1.56743,-10808129.58616899,4349378.993802941,2013,11,23,18,29,40.81,2013.898071488643,10
43,36.44747,-97.05977,5.0,1.52779,-10804644.17291225,4362368.530640689,2013,12,8,12,33,1.78,2013.9384611561081,38
45,36.43464,-96.87712,5.0,1.17114,-10784311.667918859,4360593.160583189,2013,12,13,7,50,36.08,2013.951613433214,44
46,36.43464,-96.87712,5.0,1.15332,-10784311.667918859,4360593.160583189,2013,12,13,8,9,25.5,2013.9516492223743,44
47,36.43464,-96.87712,5.0,1.19868,-10784311.667918859,4360593.160583189,2013,12,13,8,23,39.48,2013.9516762833675,44
48,36.43464,-96.87712,5.0,1.61944,-10784311.667918859,4360593.160583189,2013,12,13,8,38,51.26,2013.9517051759324,44
49,36.43464,-96.87712,5.0,1.20624,-10784311.667918859,4360593.160583189,2013,12,13,8,59,12.09,2013.9517438617006,44
50,36.43464,-96.87712,5.0,1.17854,-10784311.667918859,4360593.160583189,2013,12,13,10,14,4.72,2013.9518862245545,44
51,36.43464,-96.87712,5.0,1.29197,-10784311.667918859,4360593.160583189,2013,12,13,10,15,49.96,2013.9518895594088,44
52,36.43464,-96.87712,5.0,1.39271,-10784311.667918859,4360593.160583189,2013,12,13,15,29,45.41,2013.9524864188024,44
53,36.43464,-96.87712,5.0,1.68354,-10784311.667918859,4360593.160583189,2013,12,13,17,14,37.93,2013.9526858167287,44
54,36.43464,-96.87712,5.0,1.89176,-10784311.667918859,4360593.160583189,2013,12,13,17,36,18.59,2013.952727032157,44
55,36.43464,-96.87712,5.0,1.9,-10784311.667918859,4360593.160583189,2013,12,13,22,9,12.0,2013.953245874211,44
56,36.43464,-96.87712,5.0,1.17919,-10784311.667918859,4360593.160583189,2013,12,13,23,5,23.33,2013.953352705212,44
61,36.41478,-96.88863,4.256,1.35688,-10785592.95525789,4357845.58258584,2013,12,14,12,28,8.8,2013.954878976855,54
62,36.41734,-96.89167,4.466,1.3734,-10785931.366509901,4358199.712301916,2013,12,14,13,44,56.32,2013.9550249803533,54
63,36.41478,-96.88863,4.256,1.55394,-10785592.95525789,4357845.58258584,2013,12,14,13,45,46.2,2013.9550265609553,54
73,36.43464,-96.87712,5.0,1.16964,-10784311.667918859,4360593.160583189,2013,12,16,7,22,10.12,2013.9597729269653,44
80,36.46347,-97.03407,5.0,1.0782,-10801783.261998864,4364582.965537205,2013,12,21,7,21,17.27,2013.9734605061856,33
81,36.46347,-97.03407,5.0,1.13321,-10801783.261998864,4364582.965537205,2013,12,21,7,23,26.35,2013.9734645964838,33
82,36.46347,-97.03407,5.0,1.23735,-10801783.261998864,4364582.965537205,2013,12,21,7,25,58.67,2013.9734694232134,33
83,36.46347,-97.03407,5.0,1.09603,-10801783.261998864,4364582.965537205,2013,12,21,7,58,56.89,2013.9735321092226,33
84,36.47261,-97.04742,5.0,1.71139,-10803269.377200954,4365848.166553675,2013,12,21,9,52,50.0,2013.9737486374122,22
85,36.46347,-97.03407,5.0,1.17081,-10801783.261998864,4364582.965537205,2013,12,21,10,0,51.86,2013.9737639066343,33
86,36.47261,-97.04742,5.0,1.66969,-10803269.377200954,4365848.166553675,2013,12,21,10,43,4.41,2013.973844158301,22
87,36.47261,-97.04742,5.0,1.5229,-10803269.377200954,4365848.166553675,2013,12,21,10,46,18.03,2013.9738502937487,22
88,36.47261,-97.04742,5.0,1.53811,-10803269.377200954,4365848.166553675,2013,12,21,11,25,48.84,2013.973925420184,22
89,36.47261,-97.04742,5.0,1.54899,-10803269.377200954,4365848.166553675,2013,12,21,11,42,3.87,2013.9739563170203,22
90,36.45693,-97.04308,5.0,1.81655,-10802786.250610912,4363677.760069014,2013,12,21,12,1,56.8,2013.9739941186908,32
91,36.47261,-97.04742,5.0,2.317,-10803269.377200954,4365848.166553675,2013,12,21,12,4,22.98,2013.9739987508556,22
92,36.47261,-97.04742,5.0,1.59681,-10803269.377200954,4365848.166553675,2013,12,21,12,14,3.85,2013.9740171575152,22
93,36.47261,-97.04742,5.0,2.11624,-10803269.377200954,4365848.166553675,2013,12,21,12,41,1.34,2013.9740684126803,22
94,36.46347,-97.03407,5.0,1.24642,-10801783.261998864,4364582.965537205,2013,12,21,12,51,44.17,2013.9740887827338,33
95,36.46347,-97.03407,5.0,1.19425,-10801783.261998864,4364582.965537205,2013,12,21,12,56,14.77,2013.9740973575304,33
96,36.47261,-97.04742,5.0,1.90103,-10803269.377200954,4365848.166553675,2013,12,21,13,46,33.67,2013.9741930206987,22
97,36.46347,-97.03407,5.0,1.12352,-10801783.261998864,4364582.965537205,2013,12,21,14,26,4.14,2013.9742681363603,33
98,36.46347,-97.03407,5.0,1.18804,-10801783.261998864,4364582.965537205,2013,12,21,14,45,35.12,2013.9743052424772,33
99,36.46347,-97.03407,5.0,1.30346,-10801783.261998864,4364582.965537205,2013,12,21,16,38,35.45,2013.9745200981697,33
100,36.47098,-97.0442,5.0,1.50569,-10802910.9284406,4365622.523495137,2013,12,21,17,19,6.2,2013.974597123989,22
101,36.46347,-97.03407,5.0,1.75462,-10801783.261998864,4364582.965537205,2013,12,21,17,33,9.66,2013.9746238516236,33
102,36.46347,-97.03407,5.0,1.16294,-10801783.261998864,4364582.965537205,2013,12,21,17,44,50.71,2013.9746460665576,33
103,36.46347,-97.03407,5.0,1.16273,-10801783.261998864,4364582.965537205,2013,12,21,17,48,39.33,2013.9746533110883,33
104,36.47261,-97.04742,5.0,2.03492,-10803269.377200954,4365848.166553675,2013,12,21,17,57,24.89,2013.9746699650798,22
105,36.46347,-97.03407,5.0,1.16801,-10801783.261998864,4364582.965537205,2013,12,21,18,27,24.7,2013.9747269976172,33
106,36.47261,-97.04742,5.0,1.53157,-10803269.377200954,4365848.166553675,2013,12,21,18,34,32.63,2013.9747405579005,22
107,36.46347,-97.03407,5.0,1.40672,-10801783.261998864,4364582.965537205,2013,12,21,18,39,59.83,2013.974750926243,33
108,36.46347,-97.03407,5.0,1.20727,-10801783.261998864,4364582.965537205,2013,12,21,18,52,15.1,2013.9747742255431,33
109,36.47261,-97.04742,5.0,2.28943,-10803269.377200954,4365848.166553675,2013,12,21,19,13,55.84,2013.9748154435065,22
110,36.46347,-97.03407,5.0,1.17551,-10801783.261998864,4364582.965537205,2013,12,21,19,47,59.99,2013.9748802187112,33
111,36.46347,-97.03407,5.0,1.34233,-10801783.261998864,4364582.965537205,2013,12,21,20,0,53.35,2013.9749047250107,33
112,36.47261,-97.04742,5.0,1.61808,-10803269.377200954,4365848.166553675,2013,12,21,20,13,55.35,2013.9749295050954,22
113,36.47261,-97.04742,5.0,1.50287,-10803269.377200954,4365848.166553675,2013,12,21,22,20,11.86,2013.9751695902096,22
114,36.47098,-97.0442,5.0,1.69775,-10802910.9284406,4365622.523495137,2013,12,21,22,37,39.87,2013.9752027996426,22
115,36.47261,-97.04742,5.0,1.61879,-10803269.377200954,4365848.166553675,2013,12,21,23,3,35.87,2013.9752521063072,22
116,36.47261,-97.04742,5.0,1.59528,-10803269.377200954,4365848.166553675,2013,12,21,23,5,2.01,2013.975254835919,22
117,36.46347,-97.03407,5.0,1.19279,-10801783.261998864,4364582.965537205,2013,12,21,23,30,44.77,2013.9753037230334,33
118,36.45693,-97.04308,5.0,1.63389,-10802786.250610912,4363677.760069014,2013,12,22,1,58,24.92,2013.9755844842448,32
119,36.45693,-97.04308,5.0,1.56825,-10802786.250610912,4363677.760069014,2013,12,22,2,5,5.56,2013.9755971797601,32
121,36.46347,-97.03407,5.0,1.25354,-10801783.261998864,4364582.965537205,2013,12,22,2,28,31.28,2013.975641724339,33
122,36.47261,-97.04742,5.0,1.52867,-10803269.377200954,4365848.166553675,2013,12,22,4,24,31.32,2013.9758622746976,22
123,36.45693,-97.04308,5.0,1.63553,-10802786.250610912,4363677.760069014,2013,12,22,9,52,50.52,2013.9764865046773,32
124,36.47261,-97.04742,5.0,1.49975,-10803269.377200954,4365848.166553675,2013,12,22,9,56,42.5,2013.9764938556798,22
127,36.46347,-97.03407,5.0,1.11472,-10801783.261998864,4364582.965537205,2013,12,22,12,15,7.88,2013.9767570372906,33
128,36.45693,-97.04308,5.0,1.48705,-10802786.250610912,4363677.760069014,2013,12,22,12,18,57.27,2013.976764306221,32
129,36.47261,-97.04742,5.0,1.70115,-10803269.377200954,4365848.166553675,2013,12,22,13,41,17.1,2013.9769208399878,22
130,36.45364,-97.04443,5.0,1.46249,-10802936.531923482,4363222.417982528,2013,12,22,14,13,18.03,2013.9769817105864,32
131,36.45364,-97.04443,5.0,1.37825,-10802936.531923482,4363222.417982528,2013,12,22,14,27,5.82,2013.9770079416685,32
132,36.47261,-97.04742,5.0,1.46176,-10803269.377200954,4365848.166553675,2013,12,22,14,37,58.49,2013.9770286235328,22
133,36.47261,-97.04742,5.0,3.3,-10803269.377200954,4365848.166553675,2013,12,22,16,28,29.0,2013.977238731716,22
135,36.47261,-97.04742,5.0,2.21355,-10803269.377200954,4365848.166553675,2013,12,22,17,1,16.85,2013.9773010891197,22
136,36.47098,-97.0442,5.0,1.90269,-10802910.9284406,4365622.523495137,2013,12,22,17,39,3.01,2013.9773728993966,22
137,36.47261,-97.04742,5.0,1.75052,-10803269.377200954,4365848.166553675,2013,12,22,18,24,43.99,2013.9774597558117,22
138,36.45364,-97.04443,5.0,1.63032,-10802936.531923482,4363222.417982528,2013,12,22,18,50,17.33,2013.9775083444242,32
139,36.47098,-97.0442,5.0,2.7,-10802910.9284406,4365622.523495137,2013,12,22,19,0,5.0,2013.9775269665627,22
140,36.45309,-97.04323,5.0,1.91289,-10802802.948534528,4363146.298849406,2013,12,22,19,4,47.94,2013.9775359323903,32
141,36.45309,-97.04323,5.0,1.584,-10802802.948534528,4363146.298849406,2013,12,22,19,15,12.18,2013.9775557133623,32
142,36.47261,-97.04742,5.0,1.86506,-10803269.377200954,4365848.166553675,2013,12,22,19,23,56.5,2013.9775723280604,22
143,36.45364,-97.04443,5.0,1.53599,-10802936.531923482,4363222.417982528,2013,12,22,19,27,3.81,2013.977578263556,32
144,36.45309,-97.04323,5.0,1.74228,-10802802.948534528,4363146.298849406,2013,12,22,20,17,15.94,2013.977673712196,32
146,36.45364,-97.04443,5.0,1.52307,-10802936.531923482,4363222.417982528,2013,12,22,20,34,46.94,2013.9777070163764,32
147,36.45364,-97.04443,5.0,1.88076,-10802936.531923482,4363222.417982528,2013,12,22,20,35,39.21,2013.9777086727127,32
148,36.45309,-97.04323,5.0,2.05946,-10802802.948534528,4363146.298849406,2013,12,22,20,52,51.22,2013.9777413751362,32
149,36.45309,-97.04323,5.0,1.60705,-10802802.948534528,4363146.298849406,2013,12,22,20,57,53.19,2013.9777509439882,32
150,36.45797,-97.04121,5.0,1.6228,-10802578.083163127,4363821.702011191,2013,12,22,21,5,54.26,2013.9777661881765,32
151,36.45309,-97.04323,5.0,1.91005,-10802802.948534528,4363146.298849406,2013,12,22,21,18,14.37,2013.9777896408473,32
152,36.45309,-97.04323,5.0,1.61899,-10802802.948534528,4363146.298849406,2013,12,22,21,20,42.29,2013.9777943281492,32
153,36.49611,-97.03201,5.0,1.39504,-10801553.94384783,4369101.830240844,2013,12,22,21,23,15.05,2013.9777991688215,13
154,36.47098,-97.0442,5.0,1.47751,-10802910.9284406,4365622.523495137,2013,12,22,21,43,42.2,2013.9778380548585,22
155,36.45797,-97.04121,5.0,1.54646,-10802578.083163127,4363821.702011191,2013,12,22,22,24,8.37,2013.9779149355463,32
156,36.45309,-97.04323,5.0,2.46407,-10802802.948534528,4363146.298849406,2013,12,22,22,52,9.81,2013.9779682171647,32
158,36.45309,-97.04323,5.0,1.53528,-10802802.948534528,4363146.298849406,2013,12,22,23,34,14.25,2013.9780482118413,32
159,36.45309,-97.04323,5.0,2.09432,-10802802.948534528,4363146.298849406,2013,12,23,0,11,36.76,2013.978119272695,32
160,36.45309,-97.04323,5.0,1.87235,-10802802.948534528,4363146.298849406,2013,12,23,0,54,4.26,2013.9781999980987,32
161,36.45364,-97.04443,5.0,1.38553,-10802936.531923482,4363222.417982528,2013,12,23,2,28,35.85,2013.9783797199407,32
162,36.47098,-97.0442,5.0,1.49096,-10802910.9284406,4365622.523495137,2013,12,23,2,55,24.69,2013.9784307010038,22
163,36.45309,-97.04323,5.0,1.60686,-10802802.948534528,4363146.298849406,2013,12,23,3,45,22.58,2013.9785256984055,32
164,36.49611,-97.03201,5.0,1.63137,-10801553.94384783,4369101.830240844,2013,12,23,4,11,24.96,2013.97857520724,13
165,36.45364,-97.04443,5.0,1.4964,-10802936.531923482,4363222.417982528,2013,12,23,4,41,45.43,2013.9786328944533,32
166,36.47261,-97.04742,5.0,1.77732,-10803269.377200954,4365848.166553675,2013,12,23,5,26,56.32,2013.9787187973736,22
167,36.45693,-97.04308,5.0,1.45607,-10802786.250610912,4363677.760069014,2013,12,23,5,46,18.58,2013.9787556271706,32
168,36.47261,-97.04742,5.0,2.03785,-10803269.377200954,4365848.166553675,2013,12,23,5,58,49.82,2013.9787794325298,22
169,36.47098,-97.0442,5.0,1.44458,-10802910.9284406,4365622.523495137,2013,12,23,6,8,9.24,2013.9787971594799,22
170,36.47098,-97.0442,5.0,1.42825,-10802910.9284406,4365622.523495137,2013,12,23,6,9,54.05,2013.9788004807083,22
171,36.47261,-97.04742,5.0,1.53141,-10803269.377200954,4365848.166553675,2013,12,23,6,48,56.11,2013.9788746961112,22
172,36.45364,-97.04443,5.0,2.35745,-10802936.531923482,4363222.417982528,2013,12,23,7,26,56.38,2013.9789469535071,32
173,36.45364,-97.04443,5.0,1.39193,-10802936.531923482,4363222.417982528,2013,12,23,7,45,8.73,2013.9789815679899,32
174,36.45364,-97.04443,5.0,1.42055,-10802936.531923482,4363222.417982528,2013,12,23,8,37,9.76,2013.9790804674626,32
175,36.45364,-97.04443,5.0,1.48073,-10802936.531923482,4363222.417982528,2013,12,23,8,41,45.55,2013.9790892067203,32
176,36.45364,-97.04443,5.0,1.44796,-10802936.531923482,4363222.417982528,2013,12,23,10,21,13.8,2013.9792783291505,32
177,36.45364,-97.04443,5.0,1.4423,-10802936.531923482,4363222.417982528,2013,12,23,10,23,5.26,2013.9792818611047,32
179,36.49611,-97.03201,5.0,1.59367,-10801553.94384783,4369101.830240844,2013,12,23,13,32,29.94,2013.9796419860827,13
181,36.47261,-97.04742,5.0,1.74758,-10803269.377200954,4365848.166553675,2013,12,23,14,12,44.07,2013.979718485246,22
182,36.47261,-97.04742,5.0,1.80466,-10803269.377200954,4365848.166553675,2013,12,23,14,33,41.54,2013.9797583320658,22
183,36.47261,-97.04742,5.0,2.17038,-10803269.377200954,4365848.166553675,2013,12,23,14,34,44.18,2013.9797603170077,22
184,36.45364,-97.04443,5.0,1.65645,-10802936.531923482,4363222.417982528,2013,12,23,17,56,49.38,2013.98014454141,32
186,36.49611,-97.03201,5.0,2.03658,-10801553.94384783,4369101.830240844,2013,12,24,1,13,32.05,2013.9809748539178,13
187,36.47261,-97.04742,5.0,1.51461,-10803269.377200954,4365848.166553675,2013,12,24,1,42,37.28,2013.9810301569194,22
188,36.45693,-97.04308,5.0,1.50317,-10802786.250610912,4363677.760069014,2013,12,24,2,27,23.37,2013.9811152739753,32
189,36.49611,-97.03201,5.0,1.86262,-10801553.94384783,4369101.830240844,2013,12,24,5,17,30.03,2013.9814387035135,13
194,36.45693,-97.04308,5.0,1.55325,-10802786.250610912,4363677.760069014,2013,12,24,20,0,19.74,2013.9831172123356,32
200,36.45364,-97.04443,5.0,1.5182,-10802936.531923482,4363222.417982528,2013,12,25,1,43,9.24,2013.9837690204579,32
202,36.49611,-97.03201,5.0,1.60292,-10801553.94384783,4369101.830240844,2013,12,25,2,54,9.34,2013.9839040148806,13
203,36.45693,-97.04308,5.0,1.65052,-10802786.250610912,4363677.760069014,2013,12,25,3,25,33.42,2013.9839637177731,32
204,36.47098,-97.0442,5.0,1.5884,-10802910.9284406,4365622.523495137,2013,12,25,3,31,19.25,2013.9839746764646,22
206,36.46347,-97.03407,5.0,1.41632,-10801783.261998864,4364582.965537205,2013,12,25,3,58,54.18,2013.9840271180317,33
207,36.47261,-97.04742,5.0,1.70909,-10803269.377200954,4365848.166553675,2013,12,25,4,12,18.9,2013.9840526180699,22
210,36.49611,-97.03201,5.0,1.33179,-10801553.94384783,4369101.830240844,2013,12,25,5,45,0.01,2013.9842288390118,13
211,36.45364,-97.04443,5.0,1.52522,-10802936.531923482,4363222.417982528,2013,12,25,5,48,39.66,2013.9842357993002,32
212,36.45797,-97.04121,5.0,1.77154,-10802578.083163127,4363821.702011191,2013,12,25,6,8,8.01,2013.9842728220776,32
213,36.45797,-97.04121,5.0,1.4164,-10802578.083163127,4363821.702011191,2013,12,25,6,18,12.03,2013.9842919623165,32
214,36.47364,-97.0334,5.0,1.14789,-10801708.677940032,4365990.75326433,2013,12,25,6,41,21.55,2013.9843359935483,34
215,36.45797,-97.04121,5.0,1.37672,-10802578.083163127,4363821.702011191,2013,12,25,6,46,38.69,2013.9843460431084,32
218,36.47261,-97.04742,5.0,1.51371,-10803269.377200954,4365848.166553675,2013,12,25,8,29,7.39,2013.984540883654,22
219,36.46347,-97.03407,5.0,1.06399,-10801783.261998864,4364582.965537205,2013,12,25,9,20,20.39,2013.984638261148,33
220,36.46347,-97.03407,5.0,1.1233,-10801783.261998864,4364582.965537205,2013,12,25,9,41,24.51,2013.9846783186933,33
221,36.45797,-97.04121,5.0,1.58715,-10802578.083163127,4363821.702011191,2013,12,25,9,44,25.37,2013.984684049801,32
228,36.47364,-97.0334,5.0,1.15123,-10801708.677940032,4365990.75326433,2013,12,25,11,57,42.33,2013.9849374581718,34
231,36.45693,-97.04308,5.0,2.13936,-10802786.250610912,4363677.760069014,2013,12,25,13,15,3.76,2013.9850845362132,32
234,36.47261,-97.04742,5.0,1.58741,-10803269.377200954,4365848.166553675,2013,12,25,15,25,19.67,2013.9853322074555,22
237,36.47364,-97.0334,5.0,1.45971,-10801708.677940032,4365990.75326433,2013,12,25,16,52,4.57,2013.9854971407838,34
239,36.47364,-97.0334,5.0,1.5521,-10801708.677940032,4365990.75326433,2013,12,25,19,21,33.84,2013.9857813597991,34
240,36.47364,-97.0334,5.0,1.30156,-10801708.677940032,4365990.75326433,2013,12,25,19,26,33.13,2013.985790843727,34
241,36.47364,-97.0334,5.0,1.255,-10801708.677940032,4365990.75326433,2013,12,25,20,36,2.36,2013.9859229586534,34
242,36.47364,-97.0334,5.0,1.35253,-10801708.677940032,4365990.75326433,2013,12,25,21,1,42.44,2013.9859717608438,34
244,36.47364,-97.0334,5.0,1.3118,-10801708.677940032,4365990.75326433,2013,12,25,21,20,38.77,2013.9860077689684,34
245,36.47364,-97.0334,5.0,1.27423,-10801708.677940032,4365990.75326433,2013,12,25,21,42,26.69,2013.9860492144524,34
246,36.47364,-97.0334,5.0,1.27263,-10801708.677940032,4365990.75326433,2013,12,25,21,59,15.5,2013.9860811817123,34
247,36.47364,-97.0334,5.0,1.30788,-10801708.677940032,4365990.75326433,2013,12,25,22,0,54.77,2013.9860843273887,34
249,36.47364,-97.0334,5.0,1.27404,-10801708.677940032,4365990.75326433,2013,12,25,23,4,32.96,2013.9862053185286,34
250,36.47364,-97.0334,5.0,1.31379,-10801708.677940032,4365990.75326433,2013,12,26,0,27,19.06,2013.9863626847416,34
251,36.47364,-97.0334,5.0,1.3328,-10801708.677940032,4365990.75326433,2013,12,26,0,47,54.15,2013.9864018223818,34
252,36.47188,-97.04256,5.0,1.62921,-10802728.364475697,4365747.111100278,2013,12,26,1,53,20.28,2013.9865262339342,22
253,36.47364,-97.0334,5.0,1.21463,-10801708.677940032,4365990.75326433,2013,12,26,2,0,4.6,2013.9865390460618,34
254,36.47364,-97.0334,5.0,1.17764,-10801708.677940032,4365990.75326433,2013,12,26,2,3,25.14,2013.9865454007909,34
255,36.47188,-97.04256,5.0,1.23684,-10802728.364475697,4365747.111100278,2013,12,26,2,6,36.46,2013.986551463356,22
256,36.47188,-97.04256,5.0,1.21837,-10802728.364475697,4365747.111100278,2013,12,26,2,16,22.85,2013.9865700449336,22
257,36.47188,-97.04256,5.0,1.21539,-10802728.364475697,4365747.111100278,2013,12,26,2,20,1.79,2013.9865769827236,22
258,36.45693,-97.04308,5.0,1.51678,-10802786.250610912,4363677.760069014,2013,12,26,3,46,1.42,2013.9867404815323,32
259,36.47364,-97.0334,5.0,1.2121,-10801708.677940032,4365990.75326433,2013,12,26,4,18,15.98,2013.9868017840392,34
260,36.47364,-97.0334,5.0,1.24512,-10801708.677940032,4365990.75326433,2013,12,26,4,33,40.2,2013.9868310708039,34
261,36.47188,-97.04256,5.0,1.21323,-10802728.364475697,4365747.111100278,2013,12,26,4,39,39.74,2013.986842463939,22
262,36.47188,-97.04256,5.0,1.29418,-10802728.364475697,4365747.111100278,2013,12,26,4,49,12.48,2013.9868606129744,22
263,36.47188,-97.04256,5.0,1.30469,-10802728.364475697,4365747.111100278,2013,12,26,5,9,53.02,2013.986899923315,22
264,36.47188,-97.04256,5.0,1.3157,-10802728.364475697,4365747.111100278,2013,12,26,5,40,47.07,2013.986958674614,22
265,36.47188,-97.04256,5.0,1.3112,-10802728.364475697,4365747.111100278,2013,12,26,5,46,24.29,2013.986969360471,22
267,36.47098,-97.0442,5.0,1.36809,-10802910.9284406,4365622.523495137,2013,12,26,6,14,57.05,2013.9870236345603,22
268,36.47364,-97.0334,5.0,1.35449,-10801708.677940032,4365990.75326433,2013,12,26,7,11,21.35,2013.987130876556,34
269,36.47188,-97.04256,5.0,1.69949,-10802728.364475697,4365747.111100278,2013,12,26,7,12,27.56,2013.9871329746243,22
270,36.47188,-97.04256,5.0,2.04878,-10802728.364475697,4365747.111100278,2013,12,26,7,13,46.53,2013.9871354770326,22
271,36.47364,-97.0334,5.0,1.49069,-10801708.677940032,4365990.75326433,2013,12,26,7,19,38.41,2013.987146627437,34
272,36.47364,-97.0334,5.0,1.79444,-10801708.677940032,4365990.75326433,2013,12,26,7,20,18.93,2013.9871479114381,34
273,36.47364,-97.0334,5.0,1.21386,-10801708.677940032,4365990.75326433,2013,12,26,7,34,58.74,2013.9871757909348,34
274,36.47364,-97.0334,5.0,1.36019,-10801708.677940032,4365990.75326433,2013,12,26,14,21,15.98,2013.9879482590566,34
276,36.47188,-97.04256,5.0,1.46586,-10802728.364475697,4365747.111100278,2013,12,26,16,14,43.2,2013.9881639668415,22
277,36.45364,-97.04443,5.0,1.45704,-10802936.531923482,4363222.417982528,2013,12,27,0,34,20.53,2013.989113891107,32
278,36.47188,-97.04256,5.0,1.33662,-10802728.364475697,4365747.111100278,2013,12,27,1,7,28.61,2013.9891768895607,22
286,36.47364,-97.0334,5.0,1.27357,-10801708.677940032,4365990.75326433,2013,12,27,6,18,45.93,2013.989768738117,34
288,36.47364,-97.0334,5.0,1.21881,-10801708.677940032,4365990.75326433,2013,12,27,7,4,53.24,2013.9898564288792,34
289,36.47364,-97.0334,5.0,1.28812,-10801708.677940032,4365990.75326433,2013,12,27,7,5,31.25,2013.9898576333435,34
291,36.47364,-97.0334,5.0,1.60453,-10801708.677940032,4365990.75326433,2013,12,27,15,39,36.92,2013.9908350736432,34
293,36.47364,-97.0334,5.0,1.36978,-10801708.677940032,4365990.75326433,2013,12,27,18,29,22.1,2013.9911578225212,34
294,36.47364,-97.0334,5.0,1.78417,-10801708.677940032,4365990.75326433,2013,12,27,18,30,34.5,2013.991160116739,34
295,36.47188,-97.04256,5.0,1.67496,-10802728.364475697,4365747.111100278,2013,12,27,20,2,34.19,2013.9913350251604,22
296,36.47364,-97.0334,5.0,1.2845,-10801708.677940032,4365990.75326433,2013,12,28,0,36,24.68,2013.9918556759703,34
297,36.47364,-97.0334,5.0,1.19848,-10801708.677940032,4365990.75326433,2013,12,28,4,36,41.64,2013.9923125218647,34
299,36.47364,-97.0334,5.0,1.25088,-10801708.677940032,4365990.75326433,2013,12,28,6,23,3.15,2013.9925147397141,34
301,36.47364,-97.0334,5.0,1.53088,-10801708.677940032,4365990.75326433,2013,12,28,17,24,48.18,2013.9937729161913,34
302,36.47364,-97.0334,5.0,1.69533,-10801708.677940032,4365990.75326433,2013,12,28,20,23,30.16,2013.994112675235,34
303,36.47364,-97.0334,5.0,1.42105,-10801708.677940032,4365990.75326433,2013,12,29,0,35,57.81,2013.9945926752985,34
304,36.47364,-97.0334,5.0,1.27371,-10801708.677940032,4365990.75326433,2013,12,29,0,54,23.73,2013.9946277197885,34
305,36.47364,-97.0334,5.0,1.22873,-10801708.677940032,4365990.75326433,2013,12,29,1,31,56.44,2013.994699103861,34
306,36.47364,-97.0334,5.0,1.29075,-10801708.677940032,4365990.75326433,2013,12,29,1,37,57.5,2013.9947105451618,34
307,36.47364,-97.0334,5.0,1.35967,-10801708.677940032,4365990.75326433,2013,12,29,2,27,54.98,2013.9948055295713,34
308,36.47364,-97.0334,5.0,1.25612,-10801708.677940032,4365990.75326433,2013,12,29,8,42,12.58,2013.9955171679721,34
310,36.47364,-97.0334,5.0,1.92939,-10801708.677940032,4365990.75326433,2013,12,29,16,8,41.94,2013.9963660715644,34
312,36.47364,-97.0334,5.0,1.88901,-10801708.677940032,4365990.75326433,2013,12,29,19,11,39.66,2013.9967139345197,34
313,36.47364,-97.0334,5.0,1.98306,-10801708.677940032,4365990.75326433,2013,12,29,19,13,41.92,2013.9967178087054,34
314,36.47364,-97.0334,5.0,1.81209,-10801708.677940032,4365990.75326433,2013,12,29,19,17,2.71,2013.9967241713564,34
315,36.47364,-97.0334,5.0,1.76028,-10801708.677940032,4365990.75326433,2013,12,29,19,26,1.85,2013.996741255672,34
317,36.46347,-97.03407,5.0,1.6263,-10801783.261998864,4364582.965537205,2013,12,29,20,48,53.84,2013.996898808528,33
318,36.47364,-97.0334,5.0,1.51087,-10801708.677940032,4365990.75326433,2013,12,29,20,51,30.55,2013.996903774368,34
319,36.47364,-97.0334,5.0,1.59551,-10801708.677940032,4365990.75326433,2013,12,29,20,53,19.68,2013.996907232489,34
321,36.47364,-97.0334,5.0,1.54542,-10801708.677940032,4365990.75326433,2013,12,29,23,2,59.91,2013.9971537731005,34
322,36.47364,-97.0334,5.0,1.62182,-10801708.677940032,4365990.75326433,2013,12,29,23,9,1.67,2013.9971652365832,34
324,36.46825,-97.03123,5.0,1.64211,-10801467.11464501,4365244.6166083,2013,12,29,23,24,34.65,2013.9971948009354,33
328,36.47188,-97.04256,5.0,1.46702,-10802728.364475697,4365747.111100278,2013,12,29,23,57,18.51,2013.9972570319035,22
329,36.47364,-97.0334,5.0,1.5233,-10801708.677940032,4365990.75326433,2013,12,30,0,12,3.05,2013.9972850612849,34
338,36.47364,-97.0334,5.0,1.5092,-10801708.677940032,4365990.75326433,2013,12,30,2,27,18.52,2013.9975422250109,34
339,36.47364,-97.0334,5.0,1.52248,-10801708.677940032,4365990.75326433,2013,12,30,3,5,58.1,2013.9976157280655,34
340,36.46825,-97.03123,5.0,1.60737,-10801467.11464501,4365244.6166083,2013,12,30,3,8,37.8,2013.9976207886532,33
341,36.47364,-97.0334,5.0,1.22089,-10801708.677940032,4365990.75326433,2013,12,30,3,9,53.36,2013.997623183005,34
342,36.47364,-97.0334,5.0,1.46293,-10801708.677940032,4365990.75326433,2013,12,30,3,16,53.27,2013.99763648915,34
346,36.47364,-97.0334,5.0,1.83526,-10801708.677940032,4365990.75326433,2013,12,30,4,14,37.3,2013.997746257637,34
353,36.46825,-97.03123,5.0,2.60548,-10801467.11464501,4365244.6166083,2013,12,30,5,24,10.46,2013.9978784970974,33
354,36.46825,-97.03123,5.0,1.46853,-10801467.11464501,4365244.6166083,2013,12,30,5,27,45.94,2013.9978853252464,33
358,36.46825,-97.03123,5.0,1.56552,-10801467.11464501,4365244.6166083,2013,12,30,6,15,18.87,2013.9979757291428,33
359,36.46825,-97.03123,5.0,1.53364,-10801467.11464501,4365244.6166083,2013,12,30,6,58,58.17,2013.9980587297514,33
360,36.46825,-97.03123,5.0,1.74756,-10801467.11464501,4365244.6166083,2013,12,30,7,3,9.77,2013.9980667024743,33
361,36.46825,-97.03123,5.0,1.49634,-10801467.11464501,4365244.6166083,2013,12,30,7,5,21.44,2013.9980708748446,33
362,36.46825,-97.03123,5.0,2.42051,-10801467.11464501,4365244.6166083,2013,12,30,7,9,40.04,2013.9980790693842,33
363,36.46825,-97.03123,5.0,1.52722,-10801467.11464501,4365244.6166083,2013,12,30,7,17,45.69,2013.9980944587041,33
365,36.46825,-97.03123,5.0,1.5284,-10801467.11464501,4365244.6166083,2013,12,30,7,48,36.04,2013.9981530927573,33
367,36.46825,-97.03123,5.0,1.67236,-10801467.11464501,4365244.6166083,2013,12,30,8,25,35.57,2013.998223425419,33
369,36.46825,-97.03123,5.0,1.46094,-10801467.11464501,4365244.6166083,2013,12,30,8,31,27.65,2013.9982345821609,33
370,36.47364,-97.0334,5.0,1.27385,-10801708.677940032,4365990.75326433,2013,12,30,8,40,48.86,2013.9982523658327,34
372,36.46825,-97.03123,5.0,2.27904,-10801467.11464501,4365244.6166083,2013,12,30,8,46,14.97,2013.998262699635,33
374,36.46825,-97.03123,5.0,1.64358,-10801467.11464501,4365244.6166083,2013,12,30,8,47,52.69,2013.9982657961948,33
376,36.46825,-97.03123,5.0,1.54557,-10801467.11464501,4365244.6166083,2013,12,30,9,16,0.26,2013.9983192720613,33
377,36.46825,-97.03123,5.0,1.46977,-10801467.11464501,4365244.6166083,2013,12,30,9,23,43.02,2013.9983339360408,33
378,36.46825,-97.03123,5.0,1.50453,-10801467.11464501,4365244.6166083,2013,12,30,9,25,56.68,2013.9983381714706,33
379,36.46825,-97.03123,5.0,1.49508,-10801467.11464501,4365244.6166083,2013,12,30,9,27,18.24,2013.998340755951,33
380,36.46825,-97.03123,5.0,1.6332,-10801467.11464501,4365244.6166083,2013,12,30,9,31,4.52,2013.9983479263315,33
381,36.46825,-97.03123,5.0,1.59825,-10801467.11464501,4365244.6166083,2013,12,30,9,32,19.08,2013.9983502889954,33
382,36.46347,-97.03407,5.0,1.12127,-10801783.261998864,4364582.965537205,2013,12,30,9,44,45.3,2013.9983739352801,33
383,36.46825,-97.03123,5.0,1.56891,-10801467.11464501,4365244.6166083,2013,12,30,9,48,41.8,2013.998381429513,33
386,36.46825,-97.03123,5.0,1.43403,-10801467.11464501,4365244.6166083,2013,12,30,10,31,48.09,2013.9984633840977,33
387,36.46825,-97.03123,5.0,1.60554,-10801467.11464501,4365244.6166083,2013,12,30,10,33,9.74,2013.99846597143,33
388,36.46825,-97.03123,5.0,1.47865,-10801467.11464501,4365244.6166083,2013,12,30,10,45,45.31,2013.9984899139986,33
389,36.46825,-97.03123,5.0,1.55651,-10801467.11464501,4365244.6166083,2013,12,30,10,48,26.19,2013.998495011978,33
391,36.46825,-97.03123,5.0,1.53198,-10801467.11464501,4365244.6166083,2013,12,30,11,5,12.57,2013.9985269022359,33
392,36.46825,-97.03123,5.0,1.62798,-10801467.11464501,4365244.6166083,2013,12,30,11,8,23.43,2013.9985329502244,33
393,36.46825,-97.03123,5.0,1.46691,-10801467.11464501,4365244.6166083,2013,12,30,11,21,10.4,2013.998557254037,33
394,36.46825,-97.03123,5.0,1.52265,-10801467.11464501,4365244.6166083,2013,12,30,11,23,2.9,2013.998560818947,33
396,36.46825,-97.03123,5.0,1.43801,-10801467.11464501,4365244.6166083,2013,12,30,11,35,46.07,2013.998585002345,33
397,36.46825,-97.03123,5.0,1.71662,-10801467.11464501,4365244.6166083,2013,12,30,11,38,24.27,2013.9985900154004,33
401,36.46825,-97.03123,5.0,1.52379,-10801467.11464501,4365244.6166083,2013,12,30,12,52,47.52,2013.9987314472583,33
402,36.46825,-97.03123,5.0,1.69795,-10801467.11464501,4365244.6166083,2013,12,30,12,58,42.45,2013.9987426943114,33
403,36.46825,-97.03123,5.0,1.54441,-10801467.11464501,4365244.6166083,2013,12,30,13,0,52.65,2013.9987468201005,33
406,36.46825,-97.03123,5.0,1.55641,-10801467.11464501,4365244.6166083,2013,12,30,13,21,36.47,2013.9987862343778,33
407,36.46825,-97.03123,5.0,1.54054,-10801467.11464501,4365244.6166083,2013,12,30,13,28,3.02,2013.998798483408,33
408,36.46825,-97.03123,5.0,1.70688,-10801467.11464501,4365244.6166083,2013,12,30,13,34,36.66,2013.998810957107,33
409,36.46825,-97.03123,5.0,1.81457,-10801467.11464501,4365244.6166083,2013,12,30,13,46,57.89,2013.9988344452684,33
410,36.46825,-97.03123,5.0,1.64996,-10801467.11464501,4365244.6166083,2013,12,30,14,13,11.32,2013.9988843042563,33
411,36.46347,-97.03407,5.0,1.31481,-10801783.261998864,4364582.965537205,2013,12,30,14,25,35.29,2013.998907879243,33
412,36.46825,-97.03123,5.0,1.56099,-10801467.11464501,4365244.6166083,2013,12,30,14,35,34.32,2013.9989268613583,33
413,36.46825,-97.03123,5.0,2.3,-10801467.11464501,4365244.6166083,2013,12,30,14,41,8.0,2013.9989374350394,33
414,36.46825,-97.03123,5.0,1.72886,-10801467.11464501,4365244.6166083,2013,12,30,14,45,57.35,2013.9989466039876,33
415,36.47188,-97.04256,5.0,1.56511,-10802728.364475697,4365747.111100278,2013,12,30,15,14,27.62,2013.9990007991735,22
416,36.46825,-97.03123,5.0,1.61756,-10801467.11464501,4365244.6166083,2013,12,30,15,57,44.91,2013.9990831023272,33
417,36.46825,-97.03123,5.0,2.00222,-10801467.11464501,4365244.6166083,2013,12,30,16,12,35.52,2013.999111324055,33
418,36.46825,-97.03123,5.0,1.67598,-10801467.11464501,4365244.6166083,2013,12,30,16,21,56.43,2013.9991290982205,33
419,36.46825,-97.03123,5.0,1.65774,-10801467.11464501,4365244.6166083,2013,12,30,16,31,20.79,2013.9991469817096,33
420,36.46825,-97.03123,5.0,1.67091,-10801467.11464501,4365244.6166083,2013,12,30,16,39,43.04,2013.9991628970517,33
423,36.46825,-97.03123,5.0,1.62069,-10801467.11464501,4365244.6166083,2013,12,30,17,2,32.65,2013.9992062973738,33
425,36.47364,-97.0334,5.0,1.35492,-10801708.677940032,4365990.75326433,2013,12,30,18,26,54.18,2013.9993666875807,34
426,36.46825,-97.03123,5.0,1.66572,-10801467.11464501,4365244.6166083,2013,12,30,18,44,12.92,2013.9993996032651,33
427,36.46825,-97.03123,5.0,1.58554,-10801467.11464501,4365244.6166083,2013,12,30,18,52,53.13,2013.9994160877252,33
428,36.46825,-97.03123,5.0,2.0065,-10801467.11464501,4365244.6166083,2013,12,30,18,55,39.54,2013.99942136094,33
429,36.46825,-97.03123,5.0,1.80802,-10801467.11464501,4365244.6166083,2013,12,30,19,6,26.5,2013.9994418618653,33
430,36.46825,-97.03123,5.0,1.75533,-10801467.11464501,4365244.6166083,2013,12,30,19,18,16.37,2013.9994643562882,33
431,36.46825,-97.03123,5.0,1.81727,-10801467.11464501,4365244.6166083,2013,12,30,20,22,17.71,2013.9995860810075,33
433,36.46825,-97.03123,5.0,2.02575,-10801467.11464501,4365244.6166083,2013,12,30,20,27,35.06,2013.9995961372222,33
434,36.46825,-97.03123,5.0,1.8606,-10801467.11464501,4365244.6166083,2013,12,30,20,48,10.15,2013.9996352748624,33
435,36.46825,-97.03123,5.0,2.13065,-10801467.11464501,4365244.6166083,2013,12,30,20,49,15.81,2013.9996373555023,33
436,36.46825,-97.03123,5.0,1.70859,-10801467.11464501,4365244.6166083,2013,12,30,20,52,16.56,2013.9996430831243,33
437,36.47364,-97.0334,5.0,2.01119,-10801708.677940032,4365990.75326433,2013,12,30,20,54,29.66,2013.9996473008086,34
438,36.47364,-97.0334,5.0,1.48225,-10801708.677940032,4365990.75326433,2013,12,30,20,58,30.72,2013.9996549395391,34
439,36.47364,-97.0334,5.0,1.54511,-10801708.677940032,4365990.75326433,2013,12,30,21,2,50.78,2013.9996631803433,34
440,36.47364,-97.0334,5.0,1.57722,-10801708.677940032,4365990.75326433,2013,12,30,21,8,29.9,2013.9996739264077,34
444,36.46825,-97.03123,5.0,1.48662,-10801467.11464501,4365244.6166083,2013,12,31,1,56,55.17,2014.000222297323,33
445,36.46825,-97.03123,5.0,1.48972,-10801467.11464501,4365244.6166083,2013,12,31,2,44,19.11,2014.0003124163434,33
449,36.46825,-97.03123,5.0,2.092,-10801467.11464501,4365244.6166083,2013,12,31,4,44,57.53,2014.000541788032,33
451,36.46825,-97.03123,5.0,2.02958,-10801467.11464501,4365244.6166083,2013,12,31,5,52,54.75,2014.0006709873373,33
452,36.46825,-97.03123,5.0,1.79897,-10801467.11464501,4365244.6166083,2013,12,31,10,53,8.11,2014.001241796271,33
453,36.46825,-97.03123,5.0,1.62737,-10801467.11464501,4365244.6166083,2013,12,31,21,9,6.83,2014.0024129474357,33
455,36.47364,-97.0334,5.0,1.35366,-10801708.677940032,4365990.75326433,2014,1,1,0,53,6.83,2014.002838835336,34
456,36.47364,-97.0334,5.0,1.37477,-10801708.677940032,4365990.75326433,2014,1,1,3,22,9.75,2014.0031222193702,34
458,36.47364,-97.0334,5.0,1.38423,-10801708.677940032,4365990.75326433,2014,1,1,4,56,22.64,2014.003301348645,34
459,36.47188,-97.04256,5.0,1.48954,-10802728.364475697,4365747.111100278,2014,1,1,5,3,36.05,2014.003315082579,22
460,36.47364,-97.0334,5.0,1.38697,-10801708.677940032,4365990.75326433,2014,1,1,7,10,44.28,2014.0035568066012,34
461,36.47364,-97.0334,5.0,1.60132,-10801708.677940032,4365990.75326433,2014,1,1,7,13,54.79,2014.003562843499,34
463,36.49611,-97.03201,5.0,1.54109,-10801553.94384783,4369101.830240844,2014,1,1,15,6,27.54,2014.0044612879306,13
464,36.47188,-97.04256,5.0,1.65355,-10802728.364475697,4365747.111100278,2014,1,2,0,0,6.13,2014.0054758958222,22
465,36.47261,-97.04742,5.0,1.62003,-10803269.377200954,4365848.166553675,2014,1,2,7,40,41.85,2014.0063516189443,22
469,36.45364,-97.04443,5.0,1.7704,-10802936.531923482,4363222.417982528,2014,1,3,3,23,5.23,2014.0085996789996,32
470,36.46454,-97.05012,5.0,1.06307,-10803569.939826095,4364731.072170448,2014,1,3,3,44,9.7,2014.0086397476362,22
471,36.46454,-97.05012,5.0,1.05846,-10803569.939826095,4364731.072170448,2014,1,3,4,30,14.84,2014.0087273696352,22
472,36.49611,-97.03201,5.0,1.48597,-10801553.94384783,4369101.830240844,2014,1,3,6,27,55.77,2014.0089511170052,13
473,36.49611,-97.03201,5.0,1.44136,-10801553.94384783,4369101.830240844,2014,1,3,9,3,35.78,2014.009247084062,13
474,36.47098,-97.0442,5.0,2.04192,-10802910.9284406,4365622.523495137,2014,1,3,19,8,3.4,2014.0103963355896,22
476,36.45364,-97.04443,5.0,2.00732,-10802936.531923482,4363222.417982528,2014,1,4,1,38,35.96,2014.0111388686084,32
477,36.45364,-97.04443,5.0,1.91934,-10802936.531923482,4363222.417982528,2014,1,4,1,40,24.91,2014.0111423210258,32
478,36.47098,-97.0442,5.0,1.68182,-10802910.9284406,4365622.523495137,2014,1,4,2,40,45.22,2014.0112570417268,22
479,36.47261,-97.04742,5.0,2.14917,-10803269.377200954,4365848.166553675,2014,1,4,4,47,28.88,2014.0114979871726,22
480,36.47261,-97.04742,5.0,1.66609,-10803269.377200954,4365848.166553675,2014,1,4,6,8,33.37,2014.011652133559,22
481,36.47261,-97.04742,5.0,2.29728,-10803269.377200954,4365848.166553675,2014,1,4,9,11,23.49,2014.0119997556849,22
482,36.47261,-97.04742,5.0,1.80076,-10803269.377200954,4365848.166553675,2014,1,4,9,17,25.08,2014.0120112137806,22
483,36.45364,-97.04443,5.0,1.58548,-10802936.531923482,4363222.417982528,2014,1,4,20,56,48.17,2014.0133409438613,32
484,36.45797,-97.04121,5.0,1.73828,-10802578.083163127,4363821.702011191,2014,1,6,2,33,2.52,2014.016718081223,32
485,36.47188,-97.04256,5.0,1.56092,-10802728.364475697,4365747.111100278,2014,1,6,20,29,2.91,2014.0187638765306,22
486,36.47188,-97.04256,5.0,2.1,-10802728.364475697,4365747.111100278,2014,1,6,20,29,50.0,2014.0187653687226,22
487,36.47364,-97.0334,5.0,2.1,-10801708.677940032,4365990.75326433,2014,1,6,20,31,55.0,2014.0187693297335,34
491,36.47364,-97.0334,5.0,1.46997,-10801708.677940032,4365990.75326433,2014,1,6,21,43,51.02,2014.0189060961543,34
494,36.47364,-97.0334,5.0,1.25646,-10801708.677940032,4365990.75326433,2014,1,7,1,9,9.16,2014.0192964344565,34
495,36.49611,-97.03201,5.0,1.31258,-10801553.94384783,4369101.830240844,2014,1,7,1,41,43.68,2014.0193583694577,13
498,36.47364,-97.0334,5.0,1.30148,-10801708.677940032,4365990.75326433,2014,1,7,2,16,2.0,2014.0194235936826,34
499,36.49611,-97.03201,5.0,1.36073,-10801553.94384783,4369101.830240844,2014,1,7,3,2,48.6,2014.01951252947,13
500,36.49611,-97.03201,5.0,1.39971,-10801553.94384783,4369101.830240844,2014,1,7,3,55,52.62,2014.0196134249752,13
501,36.47364,-97.0334,5.0,1.14611,-10801708.677940032,4365990.75326433,2014,1,7,4,17,4.53,2014.0196537293712,34
502,36.49611,-97.03201,5.0,1.40185,-10801553.94384783,4369101.830240844,2014,1,7,4,26,11.08,2014.0196710484954,13
503,36.49611,-97.03201,5.0,1.44805,-10801553.94384783,4369101.830240844,2014,1,7,6,39,33.79,2014.0199246390728,13
504,36.49611,-97.03201,5.0,1.37477,-10801553.94384783,4369101.830240844,2014,1,7,6,47,26.74,2014.0199396259538,13
505,36.49611,-97.03201,5.0,1.38077,-10801553.94384783,4369101.830240844,2014,1,7,6,54,35.89,2014.0199532248967,13
506,36.49611,-97.03201,5.0,1.36736,-10801553.94384783,4369101.830240844,2014,1,7,7,7,29.09,2014.0199777261262,13
507,36.49611,-97.03201,5.0,1.37056,-10801553.94384783,4369101.830240844,2014,1,7,7,26,52.38,2014.020014588562,13
508,36.49611,-97.03201,5.0,1.59093,-10801553.94384783,4369101.830240844,2014,1,7,7,53,21.62,2014.0200649485384,13
509,36.49611,-97.03201,5.0,1.53081,-10801553.94384783,4369101.830240844,2014,1,7,8,46,43.08,2014.020166396684,13
510,36.49611,-97.03201,5.0,1.44717,-10801553.94384783,4369101.830240844,2014,1,7,10,20,51.92,2014.0203453976221,13
511,36.47364,-97.0334,5.0,1.45207,-10801708.677940032,4365990.75326433,2014,1,7,23,29,47.56,2014.0218453735392,34
512,36.45364,-97.04443,5.0,1.7268,-10802936.531923482,4363222.417982528,2014,1,8,9,33,41.13,2014.0229935460873,32
513,36.47098,-97.0442,5.0,1.70247,-10802910.9284406,4365622.523495137,2014,1,8,11,40,52.83,2014.023235380067,22
514,36.49611,-97.03201,5.0,2.1362,-10801553.94384783,4369101.830240844,2014,1,8,20,12,2.05,2014.0242072290034,13
515,36.46454,-97.05012,5.0,1.07273,-10803569.939826095,4364731.072170448,2014,1,10,10,36,57.12,2014.0285895353259,22
516,36.46454,-97.05012,5.0,1.22357,-10803569.939826095,4364731.072170448,2014,1,11,18,24,38.72,2014.032216604558,22
517,36.46454,-97.05012,5.0,1.1683,-10803569.939826095,4364731.072170448,2014,1,11,19,3,5.6,2014.032289705174,22
518,36.46454,-97.05012,5.0,1.33583,-10803569.939826095,4364731.072170448,2014,1,11,22,13,11.69,2014.0326511423555,22
519,36.46454,-97.05012,5.0,1.14759,-10803569.939826095,4364731.072170448,2014,1,11,22,33,52.92,2014.0326904745607,22
520,36.46454,-97.05012,5.0,1.20779,-10803569.939826095,4364731.072170448,2014,1,11,23,51,35.4,2014.0328382196365,22
521,36.46454,-97.05012,5.0,1.7,-10803569.939826095,4364731.072170448,2014,1,12,0,7,3.0,2014.0328676135068,22
522,36.46454,-97.05012,5.0,1.87979,-10803569.939826095,4364731.072170448,2014,1,12,0,8,19.55,2014.03287003923,22
523,36.46454,-97.05012,5.0,1.09124,-10803569.939826095,4364731.072170448,2014,1,12,2,22,26.93,2014.033125045314,22
524,36.46454,-97.05012,5.0,1.0878,-10803569.939826095,4364731.072170448,2014,1,12,3,45,51.91,2014.0332836435598,22
525,36.46454,-97.05012,5.0,1.27943,-10803569.939826095,4364731.072170448,2014,1,12,5,1,15.12,2014.0334269754353,22
526,36.46454,-97.05012,5.0,1.20008,-10803569.939826095,4364731.072170448,2014,1,12,8,15,1.1,2014.0337953805106,22
527,36.47098,-97.0442,5.0,1.61724,-10802910.9284406,4365622.523495137,2014,1,12,9,49,44.22,2014.0339754677161,22
528,36.46454,-97.05012,5.0,1.12696,-10803569.939826095,4364731.072170448,2014,1,12,12,39,26.65,2014.0342981294523,22
529,36.34605,-97.08408,3.273,1.37345,-10807350.349733435,4348342.388047214,2014,1,13,0,55,33.88,2014.0356977045149,9
530,36.47364,-97.0334,5.0,1.33084,-10801708.677940032,4365990.75326433,2014,1,13,2,30,57.28,2014.0358790681166,34
533,36.45693,-97.04308,5.0,1.75937,-10802786.250610912,4363677.760069014,2014,1,13,22,8,21.14,2014.0381176369558,32
534,36.47364,-97.0334,5.0,1.58798,-10801708.677940032,4365990.75326433,2014,1,13,22,37,50.76,2014.0381737128298,34
535,36.47364,-97.0334,5.0,1.3277,-10801708.677940032,4365990.75326433,2014,1,13,23,14,44.93,2014.0382438756433,34
536,36.46347,-97.03407,5.0,1.18172,-10801783.261998864,4364582.965537205,2014,1,14,5,20,5.67,2014.0389385019773,33
538,36.46347,-97.03407,5.0,1.44934,-10801783.261998864,4364582.965537205,2014,1,14,17,7,49.54,2014.0402841008188,33
541,36.47364,-97.0334,5.0,1.54754,-10801708.677940032,4365990.75326433,2014,1,15,16,10,46.01,2014.0429134664867,34
542,36.45309,-97.04323,5.0,2.60476,-10802802.948534528,4363146.298849406,2014,1,15,19,33,20.56,2014.0432986209344,32
543,36.45309,-97.04323,5.0,1.75784,-10802802.948534528,4363146.298849406,2014,1,15,23,20,3.03,2014.0437296571984,32
544,36.45309,-97.04323,5.0,1.61091,-10802802.948534528,4363146.298849406,2014,1,15,23,29,7.61,2014.0437469138972,32
546,36.46347,-97.03407,5.0,1.18002,-10801783.261998864,4364582.965537205,2014,1,16,4,1,34.97,2014.0442649304764,33
559,36.45364,-97.04443,5.0,1.4821,-10802936.531923482,4363222.417982528,2014,1,20,0,39,27.51,2014.0548320376074,32
560,36.53119,-97.06655,5.0,1.45004,-10805398.919059828,4373960.626256011,2014,1,22,11,46,54.22,2014.0615767428449,6
561,36.53119,-97.06655,5.0,2.09539,-10805398.919059828,4373960.626256011,2014,1,22,15,34,10.64,2014.0620088549192,6
562,36.53119,-97.06655,5.0,2.29492,-10805398.919059828,4373960.626256011,2014,1,22,17,32,53.37,2014.062234560613,6
564,36.55973,-97.04154,5.0,1.41573,-10802614.818595089,4377915.217993732,2014,1,24,9,23,23.86,2014.0667795985753,6
565,36.55973,-97.04154,5.0,1.48716,-10802614.818595089,4377915.217993732,2014,1,24,13,47,1.2,2014.0672808198342,6
572,36.54108,-97.0632,5.0,1.95532,-10805025.998765672,4375330.850316085,2014,2,5,17,38,54.16,2014.100575904378,6
573,36.54108,-97.0632,5.0,1.38097,-10805025.998765672,4375330.850316085,2014,2,7,3,9,25.93,2014.104398494499,6
574,36.54108,-97.0632,5.0,1.66814,-10805025.998765672,4375330.850316085,2014,2,7,21,59,17.36,2014.106546675286,6
575,36.49611,-97.03201,5.0,1.46671,-10801553.94384783,4369101.830240844,2014,2,12,6,20,56.21,2014.1184518534362,13
576,36.44747,-97.05977,5.0,1.62726,-10804644.17291225,4362368.530640689,2014,2,12,15,41,45.79,2014.1195181442822,38
577,36.44764,-97.07355,0.001,1.72299,-10806178.155495381,4362392.056610602,2014,2,13,0,46,37.25,2014.1205540741375,35
579,36.36698,-97.05544,5.0,1.39015,-10804162.159517115,4351235.458746998,2014,2,14,3,4,21.87,2014.123553814929,3
581,36.36698,-97.05544,5.0,2.7,-10804162.159517115,4351235.458746998,2014,2,14,5,55,56.0,2014.1238800162243,3
582,36.4476,-97.05848,4.002,1.92141,-10804500.570769127,4362386.5210836325,2014,2,14,13,30,14.69,2014.1247437919867,38
583,36.44747,-97.05977,5.0,2.7802,-10804644.17291225,4362368.530640689,2014,2,14,17,52,51.74,2014.1252431027708,38
584,36.44598,-97.0583,4.322,1.47277,-10804480.533260785,4362162.3346397905,2014,2,15,11,3,58.59,2014.1272035449465,38
585,36.46454,-97.05012,5.0,1.24538,-10803569.939826095,4364731.072170448,2014,2,16,3,2,52.52,2014.1290266851724,22
586,36.46454,-97.05012,5.0,1.64192,-10803569.939826095,4364731.072170448,2014,2,16,3,3,38.14,2014.1290281307831,22
587,36.54108,-97.0632,5.0,1.57692,-10805025.998765672,4375330.850316085,2014,2,16,6,38,19.29,2014.1294363097954,6
588,36.54108,-97.0632,5.0,1.99673,-10805025.998765672,4375330.850316085,2014,2,16,11,39,48.6,2014.1300095254392,6
589,36.54108,-97.0632,5.0,1.52742,-10805025.998765672,4375330.850316085,2014,2,16,13,27,33.82,2014.1302143958983,6
590,36.54108,-97.0632,5.0,1.54499,-10805025.998765672,4375330.850316085,2014,2,16,13,31,43.95,2014.1302223220398,6
591,36.54108,-97.0632,5.0,1.55553,-10805025.998765672,4375330.850316085,2014,2,16,14,20,16.49,2014.130314614863,6
592,36.54108,-97.0632,5.0,1.56075,-10805025.998765672,4375330.850316085,2014,2,16,14,30,22.76,2014.1303338264,6
593,36.44598,-97.0583,4.322,1.63964,-10804480.533260785,4362162.3346397905,2014,2,16,22,48,59.69,2014.131281836705,38
594,36.54108,-97.0632,5.0,1.8784,-10805025.998765672,4375330.850316085,2014,2,17,4,21,30.51,2014.131914040041,6
595,36.54108,-97.0632,5.0,2.7,-10805025.998765672,4375330.850316085,2014,2,17,6,46,57.0,2014.1321905658224,6
596,36.54108,-97.0632,5.0,1.5622,-10805025.998765672,4375330.850316085,2014,2,17,8,7,13.36,2014.1323431870612,6
597,36.45729,-97.06933,5.0,1.72152,-10805708.387244232,4363727.585907475,2014,2,17,8,12,28.45,2014.1323531716607,23
598,36.45729,-97.06933,5.0,1.24041,-10805708.387244232,4363727.585907475,2014,2,17,8,50,32.87,2014.1324255605623,23
599,36.45729,-97.06933,5.0,1.21496,-10805708.387244232,4363727.585907475,2014,2,17,8,52,0.91,2014.1324283503816,23
600,36.55263,-97.06202,5.0,1.27768,-10804894.641766535,4376931.283323477,2014,2,17,9,5,20.78,2014.1324536967322,6
601,36.45729,-97.06933,5.0,1.30162,-10805708.387244232,4363727.585907475,2014,2,17,9,6,12.38,2014.1324553318377,23
602,36.45729,-97.06933,5.0,1.20293,-10805708.387244232,4363727.585907475,2014,2,17,9,19,42.12,2014.13248099095,23
603,36.45729,-97.06933,5.0,1.30103,-10805708.387244232,4363727.585907475,2014,2,17,9,26,35.81,2014.132494099995,23
604,36.45729,-97.06933,5.0,1.53605,-10805708.387244232,4363727.585907475,2014,2,17,10,44,2.05,2014.132641330456,23
605,36.45729,-97.06933,5.0,1.60471,-10805708.387244232,4363727.585907475,2014,2,17,10,52,16.35,2014.1326569938778,23
606,36.45729,-97.06933,5.0,2.12019,-10805708.387244232,4363727.585907475,2014,2,17,10,56,30.36,2014.132665042969,23
607,36.45729,-97.06933,5.0,2.21507,-10805708.387244232,4363727.585907475,2014,2,17,11,6,15.29,2014.1326835782822,23
608,36.45729,-97.06933,5.0,1.71989,-10805708.387244232,4363727.585907475,2014,2,17,11,58,57.88,2014.132783794712,23
609,36.44747,-97.05977,5.0,2.12245,-10804644.17291225,4362368.530640689,2014,2,17,12,36,13.15,2014.1328546261439,38
610,36.55263,-97.06202,5.0,1.86931,-10804894.641766535,4376931.283323477,2014,2,17,13,23,59.6,2014.1329454584632,6
611,36.45729,-97.06933,5.0,1.31661,-10805708.387244232,4363727.585907475,2014,2,18,1,31,12.75,2014.1343281095521,23
612,36.55519,-97.06735,5.0,1.63685,-10805487.974652464,4377286.043712349,2014,2,18,7,4,38.8,2014.1349620630212,6
613,36.54108,-97.0632,5.0,2.13147,-10805025.998765672,4375330.850316085,2014,2,18,7,6,35.49,2014.1349657607043,6
614,36.55263,-97.06202,5.0,1.77903,-10804894.641766535,4376931.283323477,2014,2,18,7,13,33.81,2014.1349790164652,6
615,36.55263,-97.06202,5.0,2.7,-10804894.641766535,4376931.283323477,2014,2,18,7,15,32.0,2014.1349827616802,6
616,36.55519,-97.06735,5.0,1.46845,-10805487.974652464,4377286.043712349,2014,2,18,7,21,31.23,2014.134994144992,6
617,36.55519,-97.06735,5.0,1.37654,-10805487.974652464,4377286.043712349,2014,2,18,9,9,36.16,2014.1351996400233,6
618,36.54376,-97.06163,7.75,1.71979,-10804851.227165125,4375702.184894606,2014,2,18,11,23,52.7,2014.1354549363703,6
619,36.55263,-97.06202,5.0,1.48744,-10804894.641766535,4376931.283323477,2014,2,18,14,1,25.4,2014.135754474358,6
620,36.54376,-97.06163,7.75,2.36844,-10804851.227165125,4375702.184894606,2014,2,18,17,45,41.66,2014.1361808775066,6
622,36.46681,-97.05469,5.0,1.39385,-10804078.66989902,4365045.286468915,2014,2,19,2,17,0.73,2014.1371530385707,22
623,36.44428,-97.07667,5.0,1.30762,-10806525.472306656,4361927.082294018,2014,2,19,2,20,13.65,2014.1371591518366,35
624,36.44428,-97.07667,5.0,1.39499,-10806525.472306656,4361927.082294018,2014,2,19,5,50,17.94,2014.137558557685,35
626,36.55263,-97.06202,5.0,1.70923,-10804894.641766535,4376931.283323477,2014,2,19,6,40,50.89,2014.1376546660708,6
628,36.55263,-97.06202,5.0,1.64848,-10804894.641766535,4376931.283323477,2014,2,19,6,45,8.88,2014.1376628412806,6
629,36.55263,-97.06202,5.0,1.79337,-10804894.641766535,4376931.283323477,2014,2,19,6,45,48.1,2014.1376640840874,6
630,36.44428,-97.07667,5.0,1.77079,-10806525.472306656,4361927.082294018,2014,2,19,7,20,24.6,2014.1377298844018,35
631,36.44428,-97.07667,5.0,1.58577,-10806525.472306656,4361927.082294018,2014,2,19,7,54,45.93,2014.137795204008,35
632,36.44375,-97.07326,5.0,1.73857,-10806145.872843051,4361853.739969634,2014,2,19,8,39,58.45,2014.1378811585798,35
633,36.45081,-97.07419,5.0,1.67059,-10806249.39996949,4362830.756199406,2014,2,19,9,16,50.81,2014.1379512640378,35
635,36.44375,-97.07326,5.0,1.96875,-10806145.872843051,4361853.739969634,2014,2,19,14,43,12.85,2014.138571781441,35
637,36.44375,-97.07326,5.0,1.53136,-10806145.872843051,4361853.739969634,2014,2,20,0,41,12.78,2014.1397087478135,35
638,36.44375,-97.07326,5.0,1.35441,-10806145.872843051,4361853.739969634,2014,2,20,0,56,41.67,2014.1397381825614,35
639,36.44375,-97.07326,5.0,1.54373,-10806145.872843051,4361853.739969634,2014,2,20,1,17,14.68,2014.1397772542905,35
640,36.44375,-97.07326,5.0,1.52893,-10806145.872843051,4361853.739969634,2014,2,20,1,39,31.29,2014.1398196089056,35
642,36.44375,-97.07326,5.0,1.54076,-10806145.872843051,4361853.739969634,2014,2,20,2,11,49.5,2014.1398810270744,35
643,36.44375,-97.07326,5.0,1.6,-10806145.872843051,4361853.739969634,2014,2,20,2,53,58.0,2014.1399611504044,35
645,36.55263,-97.06202,5.0,1.30633,-10804894.641766535,4376931.283323477,2014,2,20,4,6,13.6,2014.140098537278,6
646,36.44375,-97.07326,5.0,1.50361,-10806145.872843051,4361853.739969634,2014,2,20,4,15,23.05,2014.1401159482978,35
647,36.44375,-97.07326,5.0,1.30525,-10806145.872843051,4361853.739969634,2014,2,20,6,23,53.39,2014.1403602742287,35
648,36.44375,-97.07326,5.0,1.33419,-10806145.872843051,4361853.739969634,2014,2,20,6,44,5.58,2014.140398686212,35
649,36.52051,-97.06812,5.0,1.4873,-10805573.690660374,4372481.147278323,2014,2,20,7,46,32.37,2014.1405174148224,6
650,36.55263,-97.06202,5.0,1.38836,-10804894.641766535,4376931.283323477,2014,2,20,12,44,15.48,2014.1410834626208,6
651,36.46681,-97.05469,5.0,1.85823,-10804078.66989902,4365045.286468915,2014,2,20,14,26,21.47,2014.1412775835297,22
652,36.44648,-97.07248,5.0,1.8,-10806059.043640234,4362231.527487204,2014,2,20,19,35,40.0,2014.1418656678582,35
654,36.46681,-97.05469,5.0,1.83447,-10804078.66989902,4365045.286468915,2014,2,20,19,46,4.26,2014.1418854494639,22
656,36.44375,-97.07326,5.0,2.47759,-10806145.872843051,4361853.739969634,2014,2,20,19,54,45.49,2014.1419019662458,35
657,36.44428,-97.07667,5.0,1.81469,-10806525.472306656,4361927.082294018,2014,2,20,19,57,15.57,2014.141906721994,35
658,36.44375,-97.07326,5.0,1.7436,-10806145.872843051,4361853.739969634,2014,2,20,20,8,31.04,2014.1419281263468,35
660,36.55519,-97.06735,5.0,2.1,-10805487.974652464,4377286.043712349,2014,2,20,23,24,13.0,2014.1423002066063,6
661,36.55519,-97.06735,5.0,1.79326,-10805487.974652464,4377286.043712349,2014,2,20,23,27,35.09,2014.142306610452,6
662,36.44375,-97.07326,5.0,1.61636,-10806145.872843051,4361853.739969634,2014,2,20,23,36,50.1,2014.1423241976577,35
663,36.44648,-97.07248,5.0,1.7696,-10806059.043640234,4362231.527487204,2014,2,20,23,45,13.55,2014.1423401510253,35
664,36.44598,-97.0583,4.322,1.49348,-10804480.533260785,4362162.3346397905,2014,2,21,0,51,1.48,2014.1424652533778,38
665,36.45081,-97.07419,5.0,1.30961,-10806249.39996949,4362830.756199406,2014,2,21,1,12,8.92,2014.142505416128,35
666,36.44379,-97.06431,5.0,1.5374,-10805149.563400453,4361859.275221921,2014,2,21,2,2,13.35,2014.1426006207696,39
667,36.44375,-97.07326,5.0,1.31861,-10806145.872843051,4361853.739969634,2014,2,21,2,41,4.46,2014.142674489188,35
668,36.53119,-97.06655,5.0,1.43194,-10805398.919059828,4373960.626256011,2014,2,21,3,53,2.74,2014.1428113272239,6
669,36.53119,-97.06655,5.0,1.6544,-10805398.919059828,4373960.626256011,2014,2,21,3,55,27.12,2014.14281590235,6
670,36.53119,-97.06655,5.0,1.26159,-10805398.919059828,4373960.626256011,2014,2,21,4,3,51.86,2014.1428318965955,6
671,36.54498,-97.06645,5.0,1.47424,-10805387.78711075,4375871.229526291,2014,2,21,4,46,28.88,2014.1429129236697,6
672,36.46681,-97.05469,5.0,1.37007,-10804078.66989902,4365045.286468915,2014,2,21,5,7,26.26,2014.1429527676376,22
673,36.44598,-97.0583,4.322,1.46105,-10804480.533260785,4362162.3346397905,2014,2,21,5,17,25.22,2014.1429717475346,38
674,36.53119,-97.06655,5.0,1.26929,-10805398.919059828,4373960.626256011,2014,2,21,6,3,28.77,2014.1430593191496,6
675,36.44598,-97.0583,4.322,1.53541,-10804480.533260785,4362162.3346397905,2014,2,21,6,51,40.19,2014.1431509427207,38
676,36.44648,-97.07248,5.0,1.35932,-10806059.043640234,4362231.527487204,2014,2,21,7,15,37.4,2014.1431964851572,35
677,36.46681,-97.05469,5.0,1.51782,-10804078.66989902,4365045.286468915,2014,2,21,7,16,26.58,2014.1431980435775,22
678,36.55519,-97.06735,5.0,1.47849,-10805487.974652464,4377286.043712349,2014,2,21,7,39,24.41,2014.1432417043754,6
679,36.45081,-97.07419,5.0,1.29264,-10806249.39996949,4362830.756199406,2014,2,21,10,52,24.06,2014.1436086413416,35
680,36.44598,-97.0583,4.322,1.64347,-10804480.533260785,4362162.3346397905,2014,2,21,13,4,14.29,2014.1438593014045,38
681,36.55779,-97.05008,5.0,1.88581,-10803565.487046462,4377646.3592620455,2014,2,21,15,12,50.98,2014.1441038285548,6
682,36.44598,-97.0583,4.322,2.46421,-10804480.533260785,4362162.3346397905,2014,2,21,15,41,21.22,2014.1441580227902,38
683,36.55779,-97.05008,5.0,1.99107,-10803565.487046462,4377646.3592620455,2014,2,21,17,47,4.76,2014.144397063148,6
685,36.55779,-97.05008,5.0,1.71503,-10803565.487046462,4377646.3592620455,2014,2,22,0,38,34.08,2014.1451794204881,6
686,36.55864,-97.05361,5.0,1.49674,-10803958.444848964,4377764.157359966,2014,2,22,1,55,52.71,2014.145326409803,6
687,36.55779,-97.05008,5.0,1.7242,-10803565.487046462,4377646.3592620455,2014,2,22,1,57,25.61,2014.1453293536265,6
688,36.44598,-97.0583,4.322,2.08983,-10804480.533260785,4362162.3346397905,2014,2,22,2,17,26.43,2014.145367405316,38
689,36.44598,-97.0583,4.322,1.89839,-10804480.533260785,4362162.3346397905,2014,2,22,2,19,44.41,2014.1453717776383,38
690,36.44375,-97.07326,5.0,1.38387,-10806145.872843051,4361853.739969634,2014,2,22,2,25,22.18,2014.1453824809237,35
692,36.55864,-97.05361,5.0,2.6,-10803958.444848964,4377764.157359966,2014,2,22,14,13,14.0,2014.1467283316856,6
693,36.55864,-97.05361,5.0,1.84597,-10803958.444848964,4377764.157359966,2014,2,22,14,15,57.73,2014.1467335199761,6
694,36.55495,-97.06055,5.0,1.8,-10804731.002115069,4377252.784426648,2014,2,22,14,23,5.0,2014.1467470593454,6
695,36.55779,-97.05008,5.0,1.61525,-10803565.487046462,4377646.3592620455,2014,2,22,15,33,49.31,2014.1468815534136,6
696,36.46681,-97.05469,5.0,1.59667,-10804078.66989902,4365045.286468915,2014,2,22,20,50,52.43,2014.1474843597105,22
697,36.46681,-97.05469,5.0,1.41765,-10804078.66989902,4365045.286468915,2014,2,22,21,23,26.45,2014.1475462788678,22
698,36.46681,-97.05469,5.0,1.92711,-10804078.66989902,4365045.286468915,2014,2,22,21,34,3.57,2014.1475664679824,22
699,36.44853,-97.07612,5.0,1.63425,-10806464.246586721,4362515.222823956,2014,2,22,22,16,49.9,2014.1476477900728,35
700,36.55779,-97.05008,5.0,1.91751,-10803565.487046462,4377646.3592620455,2014,2,22,23,44,58.02,2014.1478153604837,6
701,36.55779,-97.05008,5.0,1.5887,-10803565.487046462,4377646.3592620455,2014,2,23,1,35,21.35,2014.1480252411463,6
702,36.55779,-97.05008,5.0,1.59668,-10803565.487046462,4377646.3592620455,2014,2,23,1,53,34.92,2014.1480598942885,6
703,36.55779,-97.05008,5.0,1.45259,-10803565.487046462,4377646.3592620455,2014,2,23,2,51,8.33,2014.1481693262479,6
704,36.55779,-97.05008,5.0,1.55975,-10803565.487046462,4377646.3592620455,2014,2,23,3,5,12.97,2014.1481960912743,6
705,36.44375,-97.07326,5.0,1.24803,-10806145.872843051,4361853.739969634,2014,2,23,3,25,36.21,2014.148234853411,35
706,36.55779,-97.05008,5.0,1.79494,-10803565.487046462,4377646.3592620455,2014,2,23,5,59,22.02,2014.1485272016882,6
707,36.44375,-97.07326,5.0,2.11201,-10806145.872843051,4361853.739969634,2014,2,23,6,55,37.3,2014.1486341578575,35
708,36.46681,-97.05469,5.0,1.55604,-10804078.66989902,4365045.286468915,2014,2,23,7,0,43.35,2014.1486438559966,22
709,36.45081,-97.07419,5.0,1.26904,-10806249.39996949,4362830.756199406,2014,2,23,7,4,22.19,2014.1486507906177,35
710,36.46681,-97.05469,5.0,2.7,-10804078.66989902,4365045.286468915,2014,2,23,7,10,51.0,2014.1486631112632,22
711,36.44375,-97.07326,5.0,1.38417,-10806145.872843051,4361853.739969634,2014,2,23,7,28,57.89,2014.148697552729,35
712,36.44598,-97.0583,4.322,1.88282,-10804480.533260785,4362162.3346397905,2014,2,23,7,29,43.48,2014.148698997389,38
713,36.52051,-97.06812,5.0,1.37832,-10805573.690660374,4372481.147278323,2014,2,23,10,5,35.33,2014.1489953396328,6
714,36.44428,-97.07667,5.0,1.40549,-10806525.472306656,4361927.082294018,2014,2,23,12,21,39.04,2014.1492540319923,35
715,36.45081,-97.07419,5.0,1.9,-10806249.39996949,4362830.756199406,2014,2,23,18,11,4.0,2014.1499183714857,35
717,36.55864,-97.05361,5.0,1.63687,-10803958.444848964,4377764.157359966,2014,2,24,11,50,13.87,2014.151932145347,6
718,36.44375,-97.07326,5.0,1.60338,-10806145.872843051,4361853.739969634,2014,2,24,16,12,42.78,2014.15243119819,35
723,36.47098,-97.0442,5.0,1.93227,-10802910.9284406,4365622.523495137,2014,2,24,18,55,42.0,2014.1527410829722,22
724,36.44598,-97.0583,4.322,1.73565,-10804480.533260785,4362162.3346397905,2014,2,24,23,56,36.25,2014.1533131876315,38
725,36.47261,-97.04742,5.0,1.62762,-10803269.377200954,4365848.166553675,2014,2,25,6,56,1.46,2014.1541106250158,22
727,36.44428,-97.07667,5.0,1.69738,-10806525.472306656,4361927.082294018,2014,2,25,16,1,45.54,2014.1551482222983,35
729,36.45081,-97.07419,5.0,1.33767,-10806249.39996949,4362830.756199406,2014,2,26,1,44,33.09,2014.1562562770932,35
731,36.44428,-97.07667,5.0,1.9,-10806525.472306656,4361927.082294018,2014,2,26,3,0,37.0,2014.156400898674,35
736,36.45081,-97.07419,5.0,1.76636,-10806249.39996949,4362830.756199406,2014,2,26,7,58,1.62,2014.1569663605596,35
737,36.46681,-97.05469,5.0,1.6382,-10804078.66989902,4365045.286468915,2014,2,26,10,45,42.05,2014.157285156349,22
738,36.44428,-97.07667,5.0,1.44123,-10806525.472306656,4361927.082294018,2014,2,26,14,57,10.42,2014.1577632779426,35
739,36.44764,-97.07355,0.001,2.43387,-10806178.155495381,4362392.056610602,2014,2,26,18,58,46.29,2014.158222624344,35
740,36.45081,-97.07419,5.0,1.45401,-10806249.39996949,4362830.756199406,2014,2,26,22,44,9.59,2014.158651151862,35
741,36.44379,-97.06431,5.0,1.91249,-10805149.563400453,4361859.275221921,2014,2,26,22,47,36.39,2014.1586577049586,39
742,36.45081,-97.07419,5.0,1.29381,-10806249.39996949,4362830.756199406,2014,2,26,23,24,47.11,2014.1587283922097,35
744,36.44764,-97.07355,0.001,3.2,-10806178.155495381,4362392.056610602,2014,2,27,0,19,9.0,2014.1588317552666,35
745,36.44428,-97.07667,5.0,1.99266,-10806525.472306656,4361927.082294018,2014,2,27,0,22,30.02,2014.1588381252059,35
746,36.45081,-97.07419,5.0,1.4236,-10806249.39996949,4362830.756199406,2014,2,27,3,7,41.74,2014.1591522086596,35
747,36.47364,-97.0334,5.0,1.26842,-10801708.677940032,4365990.75326433,2014,2,27,5,1,36.97,2014.1593688040282,34
748,36.44764,-97.07355,0.001,1.61742,-10806178.155495381,4362392.056610602,2014,2,27,7,25,26.77,2014.1596422658884,35
749,36.55779,-97.05008,5.0,2.5,-10803565.487046462,4377646.3592620455,2014,2,27,9,1,40.0,2014.1598252085075,6
750,36.45534,-97.06917,6.673,1.2751,-10805690.576125707,4363457.698715752,2014,2,27,9,38,49.29,2014.1598958504449,23
751,36.55141,-97.054,5.0,1.89036,-10804001.859450374,4376762.221960313,2014,2,27,10,0,29.92,2014.1599370649226,6
752,36.54376,-97.06163,7.75,3.4,-10804851.227165125,4375702.184894606,2014,2,27,10,14,1.0,2014.1599627664968,6
753,36.55013,-97.05131,5.0,1.63112,-10803702.410020139,4376584.8489726875,2014,2,27,10,20,8.15,2014.1599744007783,6
754,36.55013,-97.05131,5.0,1.33391,-10803702.410020139,4376584.8489726875,2014,2,27,10,22,6.78,2014.1599781599361,6
755,36.54964,-97.05486,5.0,1.35226,-10804097.594212456,4376516.94915336,2014,2,27,10,23,11.48,2014.1599802101555,6
756,36.55973,-97.04154,5.0,1.70985,-10802614.818595089,4377915.217993732,2014,2,27,10,24,8.39,2014.1599820135245,6
758,36.53119,-97.06655,5.0,2.16107,-10805398.919059828,4373960.626256011,2014,2,27,10,33,39.31,2014.1600001048876,6
760,36.45081,-97.07419,5.0,1.92301,-10806249.39996949,4362830.756199406,2014,2,27,10,36,19.92,2014.1600051943115,35
761,36.55973,-97.04154,5.0,1.56342,-10802614.818595089,4377915.217993732,2014,2,27,10,44,44.51,2014.1600211838036,6
762,36.54964,-97.05486,5.0,1.13301,-10804097.594212456,4376516.94915336,2014,2,27,10,53,32.44,2014.1600379128959,6
763,36.52051,-97.06812,5.0,2.1,-10805573.690660374,4372481.147278323,2014,2,27,11,3,35.0,2014.16005700687,6
764,36.55141,-97.054,5.0,1.94564,-10804001.859450374,4376762.221960313,2014,2,27,11,7,12.84,2014.160063909803,6
765,36.55141,-97.054,5.0,1.92166,-10804001.859450374,4376762.221960313,2014,2,27,11,8,40.19,2014.1600666777574,6
766,36.55141,-97.054,5.0,2.5,-10804001.859450374,4376762.221960313,2014,2,27,11,17,42.0,2014.1600838466804,6
767,36.55973,-97.04154,5.0,1.45893,-10802614.818595089,4377915.217993732,2014,2,27,11,47,57.9,2014.160141389079,6
768,36.54432,-97.04462,5.0,2.2,-10802957.682626732,4375779.77882054,2014,2,27,11,48,34.0,2014.160142533019,6
770,36.53119,-97.06655,5.0,1.83541,-10805398.919059828,4373960.626256011,2014,2,27,12,2,43.93,2014.1601694656754,6
771,36.55973,-97.04154,5.0,1.90651,-10802614.818595089,4377915.217993732,2014,2,27,12,3,58.76,2014.1601718368952,6
772,36.55141,-97.054,5.0,1.75485,-10804001.859450374,4376762.221960313,2014,2,27,12,20,48.05,2014.1602038193653,6
775,36.54519,-97.05859,2.661,1.26137,-10804512.815913115,4375900.327641857,2014,2,27,12,56,35.36,2014.1602718635131,6
776,36.54964,-97.05486,5.0,1.30237,-10804097.594212456,4376516.94915336,2014,2,27,13,27,18.67,2014.1603302744822,6
777,36.55973,-97.04154,5.0,1.56797,-10802614.818595089,4377915.217993732,2014,2,27,13,32,12.57,2014.1603395876111,6
778,36.54519,-97.05859,2.661,1.27396,-10804512.815913115,4375900.327641857,2014,2,27,16,4,3.34,2014.160628290491,6
779,36.54964,-97.05486,5.0,2.5,-10804097.594212456,4376516.94915336,2014,2,27,16,8,34.0,2014.160636867189,6
780,36.55013,-97.05131,5.0,1.55385,-10803702.410020139,4376584.8489726875,2014,2,27,16,14,17.28,2014.1606477450757,6
781,36.4476,-97.05848,4.002,1.70704,-10804500.570769127,4362386.5210836325,2014,2,27,17,26,22.65,2014.1607848077801,38
782,36.55013,-97.05131,5.0,1.48627,-10803702.410020139,4376584.8489726875,2014,2,27,17,43,13.08,2014.1608168263747,6
783,36.55013,-97.05131,5.0,1.5622,-10803702.410020139,4376584.8489726875,2014,2,27,17,45,16.72,2014.1608207442898,6
784,36.55013,-97.05131,5.0,1.37672,-10803702.410020139,4376584.8489726875,2014,2,27,18,3,48.52,2014.1608559751057,6
785,36.55013,-97.05131,5.0,1.47195,-10803702.410020139,4376584.8489726875,2014,2,27,18,27,48.46,2014.160901604051,6
786,36.44598,-97.0583,4.322,1.87449,-10804480.533260785,4362162.3346397905,2014,2,27,19,29,16.18,2014.1610184608462,38
787,36.52051,-97.06812,5.0,1.98323,-10805573.690660374,4372481.147278323,2014,2,27,19,45,50.9,2014.1610499816209,6
788,36.55013,-97.05131,5.0,2.9,-10803702.410020139,4376584.8489726875,2014,2,27,20,6,5.0,2014.1610884541283,6
789,36.55013,-97.05131,5.0,2.22558,-10803702.410020139,4376584.8489726875,2014,2,27,20,8,28.94,2014.1610930153117,6
790,36.54231,-97.05107,5.0,1.90261,-10803675.693342349,4375501.274662503,2014,2,27,20,53,34.7,2014.1611787556722,6
791,36.52051,-97.06812,5.0,1.76743,-10805573.690660374,4372481.147278323,2014,2,27,21,31,38.71,2014.1612511315816,6
792,36.55779,-97.05008,5.0,1.71829,-10803565.487046462,4377646.3592620455,2014,2,27,22,3,35.54,2014.161311872259,6
793,36.52051,-97.06812,5.0,2.25424,-10805573.690660374,4372481.147278323,2014,2,27,22,54,40.71,2014.161409001635,6
794,36.53119,-97.06655,5.0,2.22387,-10805398.919059828,4373960.626256011,2014,2,27,23,1,17.84,2014.1614215859254,6
795,36.54231,-97.05107,5.0,1.34186,-10803675.693342349,4375501.274662503,2014,2,27,23,33,4.45,2014.1614820027505,6
796,36.54519,-97.05859,2.661,1.13931,-10804512.815913115,4375900.327641857,2014,2,28,0,36,59.37,2014.1616035240322,6
797,36.44764,-97.07355,0.001,1.71935,-10806178.155495381,4362392.056610602,2014,2,28,0,45,40.14,2014.1616200262376,35
798,36.54231,-97.05107,5.0,1.32428,-10803675.693342349,4375501.274662503,2014,2,28,1,43,34.45,2014.161730120478,6
799,36.55013,-97.05131,5.0,1.5108,-10803702.410020139,4376584.8489726875,2014,2,28,2,38,2.91,2014.1618336917256,6
800,36.44612,-97.06485,5.0,2.2237,-10805209.67592548,4362181.708592116,2014,2,28,4,28,9.68,2014.1620430476335,39
801,36.54231,-97.05107,5.0,1.53411,-10803675.693342349,4375501.274662503,2014,2,28,6,43,30.11,2014.1623003685324,6
802,36.47261,-97.04742,5.0,1.78022,-10803269.377200954,4365848.166553675,2014,2,28,7,54,17.29,2014.1624349535452,22
803,36.47261,-97.04742,5.0,1.73763,-10803269.377200954,4365848.166553675,2014,2,28,8,0,55.08,2014.1624475587498,22
804,36.54179,-97.06773,1.788,1.45523,-10805530.276058964,4375429.225014487,2014,2,28,8,36,18.35,2014.162514841116,6
805,36.52051,-97.06812,5.0,1.75469,-10805573.690660374,4372481.147278323,2014,2,28,9,59,55.43,2014.1626738227876,6
806,36.54193,-97.06085,5.0,1.49339,-10804764.397962308,4375448.6229489725,2014,2,28,15,14,19.77,2014.16327159765,6
807,36.55973,-97.04154,5.0,1.62898,-10802614.818595089,4377915.217993732,2014,2,28,17,4,20.67,2014.163480767549,6
808,36.55973,-97.04154,5.0,2.5,-10802614.818595089,4377915.217993732,2014,2,28,17,5,31.0,2014.163482996172,6
809,36.46681,-97.05469,5.0,1.62399,-10804078.66989902,4365045.286468915,2014,2,28,18,45,24.92,2014.1636729320353,22
810,36.54432,-97.04462,5.0,2.47241,-10802957.682626732,4375779.77882054,2014,2,28,20,6,54.62,2014.1638278772784,6
812,36.4476,-97.05848,4.002,1.78723,-10804500.570769127,4362386.5210836325,2014,2,28,22,33,18.03,2014.1641062067458,38
813,36.45364,-97.04443,5.0,1.55861,-10802936.531923482,4363222.417982528,2014,3,1,0,26,17.99,2014.1650055134105,32
815,36.54672,-97.05705,7.995,1.15293,-10804341.383897293,4376112.330584125,2014,3,1,1,51,8.84,2014.1651668327122,6
816,36.54231,-97.05107,5.0,1.60001,-10803675.693342349,4375501.274662503,2014,3,1,2,35,12.07,2014.1652505916165,6
817,36.54672,-97.05705,7.995,1.06295,-10804341.383897293,4376112.330584125,2014,3,1,2,47,12.74,2014.165273428271,6
818,36.54672,-97.05705,7.995,2.0,-10804341.383897293,4376112.330584125,2014,3,1,2,52,23.0,2014.165283259817,6
819,36.54231,-97.05107,5.0,2.0,-10803675.693342349,4375501.274662503,2014,3,1,3,51,59.0,2014.165396576419,6
820,36.52051,-97.06812,5.0,1.74425,-10805573.690660374,4372481.147278323,2014,3,1,4,56,42.01,2014.1655196215809,6
822,36.54179,-97.06773,1.788,1.27632,-10805530.276058964,4375429.225014487,2014,3,1,8,4,18.54,2014.1658763194919,6
823,36.54672,-97.05705,7.995,1.1598,-10804341.383897293,4376112.330584125,2014,3,1,8,11,27.42,2014.165889909879,6
824,36.54519,-97.05859,2.661,1.15419,-10804512.815913115,4375900.327641857,2014,3,1,8,56,29.8,2014.1659755431338,6
825,36.44379,-97.06431,5.0,1.68842,-10805149.563400453,4361859.275221921,2014,3,1,9,0,28.84,2014.1659831178542,39
827,36.44764,-97.07355,0.001,1.704,-10806178.155495381,4362392.056610602,2014,3,1,9,37,39.76,2014.1660538114431,35
828,36.44764,-97.07355,0.001,1.62487,-10806178.155495381,4362392.056610602,2014,3,1,9,49,19.51,2014.1660759851827,35
829,36.54231,-97.05107,5.0,1.40409,-10803675.693342349,4375501.274662503,2014,3,1,9,57,36.65,2014.1660917385987,6
830,36.44764,-97.07355,0.001,1.57403,-10806178.155495381,4362392.056610602,2014,3,1,10,27,0.08,2014.1661476183233,35
831,36.44379,-97.06431,5.0,1.50654,-10805149.563400453,4361859.275221921,2014,3,1,11,16,44.78,2014.166242197759,39
832,36.54519,-97.05859,2.661,1.5,-10804512.815913115,4375900.327641857,2014,3,1,11,57,6.0,2014.166318921591,6
833,36.45534,-97.06917,6.673,1.28701,-10805690.576125707,4363457.698715752,2014,3,1,12,5,31.9,2014.1663349525945,23
834,36.45534,-97.06917,6.673,1.49601,-10805690.576125707,4363457.698715752,2014,3,1,12,12,8.73,2014.1663475273785,23
835,36.45534,-97.06917,6.673,1.33031,-10805690.576125707,4363457.698715752,2014,3,1,12,14,16.52,2014.1663515767993,23
836,36.45534,-97.06917,6.673,1.38037,-10805690.576125707,4363457.698715752,2014,3,1,13,26,36.04,2014.16648908789,23
837,36.54179,-97.06773,1.788,1.76076,-10805530.276058964,4375429.225014487,2014,3,1,15,39,54.38,2014.1667425399903,6
838,36.45534,-97.06917,6.673,1.38279,-10805690.576125707,4363457.698715752,2014,3,1,15,52,48.32,2014.166767064669,23
839,36.47261,-97.04742,5.0,2.16716,-10803269.377200954,4365848.166553675,2014,3,1,16,56,33.46,2014.1668882760412,22
840,36.44379,-97.06431,5.0,1.91782,-10805149.563400453,4361859.275221921,2014,3,1,17,45,29.67,2014.1669813189217,39
841,36.44375,-97.07326,5.0,1.41503,-10806145.872843051,4361853.739969634,2014,3,1,18,14,27.73,2014.1670363947194,35
842,36.44375,-97.07326,5.0,1.5461,-10806145.872843051,4361853.739969634,2014,3,1,20,38,52.61,2014.1673109681979,35
843,36.54179,-97.06773,1.788,1.49821,-10805530.276058964,4375429.225014487,2014,3,1,22,37,4.46,2014.1675356953633,6
846,36.53119,-97.06655,5.0,2.97784,-10805398.919059828,4373960.626256011,2014,3,2,2,37,13.52,2014.167992290922,6
847,36.54231,-97.05107,5.0,2.11514,-10803675.693342349,4375501.274662503,2014,3,2,2,51,43.42,2014.1680198563895,6
848,36.53119,-97.06655,5.0,1.87169,-10805398.919059828,4373960.626256011,2014,3,2,3,5,55.04,2014.1680468425989,6
849,36.53119,-97.06655,5.0,2.02831,-10805398.919059828,4373960.626256011,2014,3,2,3,16,23.17,2014.1680667468374,6
850,36.54179,-97.06773,1.788,1.65227,-10805530.276058964,4375429.225014487,2014,3,2,4,2,50.65,2014.1681550767485,6
851,36.53119,-97.06655,5.0,1.93652,-10805398.919059828,4373960.626256011,2014,3,2,4,14,23.1,2014.168177019165,6
852,36.53119,-97.06655,5.0,1.92878,-10805398.919059828,4373960.626256011,2014,3,2,4,30,59.04,2014.1682085785992,6
853,36.45534,-97.06917,6.673,1.97111,-10805690.576125707,4363457.698715752,2014,3,2,4,38,59.34,2014.1682237983878,23
854,36.54179,-97.06773,1.788,1.95891,-10805530.276058964,4375429.225014487,2014,3,2,4,52,15.03,2014.1682490122823,6
855,36.53119,-97.06655,5.0,1.65052,-10805398.919059828,4373960.626256011,2014,3,2,5,56,20.22,2014.1683708590008,6
856,36.54672,-97.05705,7.995,1.74234,-10804341.383897293,4376112.330584125,2014,3,2,6,29,37.65,2014.168434153738,6
857,36.54179,-97.06773,1.788,1.7786,-10805530.276058964,4375429.225014487,2014,3,2,6,56,2.58,2014.1684843771388,6
858,36.54498,-97.06645,5.0,2.00232,-10805387.78711075,4375871.229526291,2014,3,2,10,21,24.65,2014.1688748399752,6
859,36.54376,-97.06163,7.75,2.14456,-10804851.227165125,4375702.184894606,2014,3,2,10,28,41.94,2014.168888696859,6
860,36.44379,-97.06431,5.0,2.09942,-10805149.563400453,4361859.275221921,2014,3,2,11,2,55.69,2014.1689537762695,39
861,36.44379,-97.06431,5.0,1.58697,-10805149.563400453,4361859.275221921,2014,3,2,14,41,8.23,2014.1693686538267,39
862,36.54179,-97.06773,1.788,2.8,-10805530.276058964,4375429.225014487,2014,3,2,14,44,45.0,2014.1693755228534,6
863,36.54423,-97.04989,0.032,3.0,-10803544.336343214,4375767.308330249,2014,3,2,14,55,46.0,2014.1693964686795,6
864,36.53119,-97.06655,5.0,1.62064,-10805398.919059828,4373960.626256011,2014,3,2,14,59,51.56,2014.1694042500064,6
865,36.45081,-97.07419,5.0,1.5834,-10806249.39996949,4362830.756199406,2014,3,2,15,1,42.92,2014.1694077787918,35
866,36.54231,-97.05107,5.0,1.40383,-10803675.693342349,4375501.274662503,2014,3,2,15,19,57.29,2014.1694424572845,6
867,36.54231,-97.05107,5.0,1.6332,-10803675.693342349,4375501.274662503,2014,3,2,15,22,10.44,2014.1694466765534,6
868,36.53119,-97.06655,5.0,1.77316,-10805398.919059828,4373960.626256011,2014,3,2,18,56,24.31,2014.1698539911147,6
869,36.44747,-97.05977,5.0,1.97786,-10804644.17291225,4362368.530640689,2014,3,2,21,0,42.88,2014.1700903389358,38
870,36.45081,-97.07419,5.0,1.76175,-10806249.39996949,4362830.756199406,2014,3,2,22,15,15.02,2014.1702320525008,35
871,36.54179,-97.06773,1.788,1.60412,-10805530.276058964,4375429.225014487,2014,3,2,22,59,0.85,2014.1703152600323,6
872,36.45534,-97.06917,6.673,1.57642,-10805690.576125707,4363457.698715752,2014,3,3,0,5,6.67,2014.170440929285,23
873,36.45534,-97.06917,6.673,1.9,-10805690.576125707,4363457.698715752,2014,3,3,0,45,18.0,2014.1705173397218,23
874,36.44598,-97.0583,4.322,1.79522,-10804480.533260785,4362162.3346397905,2014,3,3,1,5,7.86,2014.1705550441097,38
875,36.309,-96.96729,6.842,2.23001,-10794349.346403688,4343223.019710799,2014,3,3,1,11,58.45,2014.170568054922,11
876,36.309,-96.96729,6.842,1.97165,-10794349.346403688,4343223.019710799,2014,3,3,2,1,4.95,2014.1706614238726,11
877,36.53119,-97.06655,5.0,2.4,-10805398.919059828,4373960.626256011,2014,3,3,2,5,50.0,2014.170670456562,6
878,36.53119,-97.06655,5.0,2.43676,-10805398.919059828,4373960.626256011,2014,3,3,2,19,26.4,2014.1706963267168,6
879,36.53119,-97.06655,5.0,1.80835,-10805398.919059828,4373960.626256011,2014,3,3,3,32,17.37,2014.170834834398,6
881,36.54179,-97.06773,1.788,1.53705,-10805530.276058964,4375429.225014487,2014,3,3,12,2,46.47,2014.1718054120086,6
882,36.46681,-97.05469,5.0,1.30857,-10804078.66989902,4365045.286468915,2014,3,3,16,13,45.87,2014.172282615598,22
883,36.54179,-97.06773,1.788,1.79391,-10805530.276058964,4375429.225014487,2014,3,3,16,43,34.3,2014.1723392875251,6
884,36.44379,-97.06431,5.0,1.62911,-10805149.563400453,4361859.275221921,2014,3,3,19,57,9.74,2014.1727073586078,39
885,36.44379,-97.06431,5.0,1.60511,-10805149.563400453,4361859.275221921,2014,3,3,20,1,43.2,2014.1727160240323,39
886,36.44379,-97.06431,5.0,1.51988,-10805149.563400453,4361859.275221921,2014,3,3,20,27,15.07,2014.1727645660633,39
887,36.45534,-97.06917,6.673,1.21282,-10805690.576125707,4363457.698715752,2014,3,4,7,57,5.74,2014.174076157249,23
889,36.45364,-97.04443,5.0,1.86029,-10802936.531923482,4363222.417982528,2014,3,4,10,9,0.61,2014.1743269643446,32
890,36.47098,-97.0442,5.0,1.6406,-10802910.9284406,4365622.523495137,2014,3,4,10,46,45.83,2014.174398744835,22
891,36.44379,-97.06431,5.0,1.48937,-10805149.563400453,4361859.275221921,2014,3,4,12,56,12.26,2014.1746448481506,39
896,36.45534,-97.06917,6.673,1.96607,-10805690.576125707,4363457.698715752,2014,3,4,18,56,52.32,2014.1753305802722,23
897,36.44598,-97.0583,4.322,1.52601,-10804480.533260785,4362162.3346397905,2014,3,5,0,38,46.91,2014.1759806484017,38
898,36.44764,-97.07355,0.001,1.70214,-10806178.155495381,4362392.056610602,2014,3,5,6,48,37.86,2014.1766838371739,35
899,36.45081,-97.07419,5.0,1.8717,-10806249.39996949,4362830.756199406,2014,3,5,7,47,13.28,2014.1767952341115,35
902,36.44375,-97.07326,5.0,1.50661,-10806145.872843051,4361853.739969634,2014,3,6,1,15,43.18,2014.1787887285473,35
903,36.44764,-97.07355,0.001,1.68101,-10806178.155495381,4362392.056610602,2014,3,6,3,1,56.17,2014.1789906764138,35
904,36.45081,-97.07419,5.0,1.42242,-10806249.39996949,4362830.756199406,2014,3,6,4,22,29.62,2014.179143839202,35
905,36.44428,-97.07667,5.0,1.24927,-10806525.472306656,4361927.082294018,2014,3,6,4,37,52.37,2014.179173079385,35
906,36.45081,-97.07419,5.0,1.3505,-10806249.39996949,4362830.756199406,2014,3,6,11,35,57.4,2014.1799679760184,35
907,36.44598,-97.0583,4.322,1.62413,-10804480.533260785,4362162.3346397905,2014,3,6,18,19,3.23,2014.1807343787234,38
908,36.44853,-97.07612,5.0,2.09409,-10806464.246586721,4362515.222823956,2014,3,6,19,29,20.63,2014.180868020065,35
909,36.44598,-97.0583,4.322,1.81774,-10804480.533260785,4362162.3346397905,2014,3,6,21,3,3.93,2014.1810462116891,38
910,36.44379,-97.06431,5.0,1.55101,-10805149.563400453,4361859.275221921,2014,3,7,0,57,44.45,2014.1814923964432,39
911,36.44379,-97.06431,5.0,1.84312,-10805149.563400453,4361859.275221921,2014,3,7,0,58,39.05,2014.181494126613,39
912,36.44853,-97.07612,5.0,1.57814,-10806464.246586721,4362515.222823956,2014,3,7,1,27,18.81,2014.181548622519,35
913,36.54498,-97.06645,5.0,1.59859,-10805387.78711075,4375871.229526291,2014,3,7,2,3,48.09,2014.1816179966156,6
914,36.45729,-97.06933,5.0,1.6,-10805708.387244232,4363727.585907475,2014,3,7,2,52,41.0,2014.1817109349254,23
916,36.45729,-97.06933,5.0,1.41083,-10805708.387244232,4363727.585907475,2014,3,7,3,29,59.02,2014.1817818534996,23
917,36.44598,-97.0583,4.322,1.73739,-10804480.533260785,4362162.3346397905,2014,3,7,3,35,19.12,2014.1817919968566,38
918,36.44379,-97.06431,5.0,1.56155,-10805149.563400453,4361859.275221921,2014,3,7,7,26,33.23,2014.1822316408725,39
919,36.55013,-97.05131,5.0,1.50125,-10803702.410020139,4376584.8489726875,2014,3,7,7,53,17.68,2014.182282482825,6
920,36.44379,-97.06431,5.0,1.8539,-10805149.563400453,4361859.275221921,2014,3,8,5,10,55.12,2014.1847116105155,39
921,36.44428,-97.07667,5.0,1.7328,-10806525.472306656,4361927.082294018,2014,3,8,7,26,56.42,2014.1849702265065,35
922,36.45729,-97.06933,5.0,1.67529,-10805708.387244232,4363727.585907475,2014,3,8,7,39,57.37,2014.1849949733187,23
923,36.45081,-97.07419,5.0,1.83477,-10806249.39996949,4362830.756199406,2014,3,8,13,16,46.52,2014.1856353626385,35
924,36.44598,-97.0583,4.322,1.83401,-10804480.533260785,4362162.3346397905,2014,3,8,14,23,54.89,2014.1857630139807,38
925,36.44598,-97.0583,4.322,1.84969,-10804480.533260785,4362162.3346397905,2014,3,8,18,3,49.29,2014.1861811192866,38
926,36.44379,-97.06431,5.0,1.84873,-10805149.563400453,4361859.275221921,2014,3,8,22,59,40.68,2014.1867436268917,39
927,36.44428,-97.07667,5.0,1.13703,-10806525.472306656,4361927.082294018,2014,3,9,12,8,5.59,2014.188242629034,35
928,36.45081,-97.07419,5.0,1.31213,-10806249.39996949,4362830.756199406,2014,3,9,12,39,10.79,2014.1883017336552,35
929,36.4476,-97.05848,4.002,1.49119,-10804500.570769127,4362386.5210836325,2014,3,9,19,0,2.8,2014.1890258701549,38
930,36.44747,-97.05977,5.0,1.47075,-10804644.17291225,4362368.530640689,2014,3,10,2,48,40.31,2014.1899168602808,38
931,36.44853,-97.07612,5.0,2.6,-10806464.246586721,4362515.222823956,2014,3,10,7,33,54.0,2014.1904591603925,35
932,36.54193,-97.06085,5.0,2.7,-10804764.397962308,4375448.6229489725,2014,3,12,2,36,17.0,2014.1953690077826,6
933,36.54498,-97.06645,5.0,2.4,-10805387.78711075,4375871.229526291,2014,3,12,2,41,57.0,2014.1953797817325,6
934,36.54498,-97.06645,5.0,2.64749,-10805387.78711075,4375871.229526291,2014,3,12,2,43,41.2,2014.1953830836312,6
935,36.44379,-97.06431,5.0,1.79501,-10805149.563400453,4361859.275221921,2014,3,12,12,5,14.56,2014.1964507617815,39
936,36.44379,-97.06431,5.0,1.9803,-10805149.563400453,4361859.275221921,2014,3,12,12,15,5.02,2014.19646947233,39
937,36.44379,-97.06431,5.0,1.8635,-10805149.563400453,4361859.275221921,2014,3,12,12,29,30.92,2014.1964969110452,39
938,36.55263,-97.06202,5.0,1.54079,-10804894.641766535,4376931.283323477,2014,3,12,14,56,36.33,2014.1967765714123,6
941,36.55141,-97.054,5.0,2.4567,-10804001.859450374,4376762.221960313,2014,3,13,13,4,25.19,2014.199301125244,6
943,36.37475,-96.96246,5.0,1.97958,-10793811.673263157,4352309.673022836,2014,3,13,22,16,28.55,2014.2003507411844,15
945,36.44375,-97.07326,5.0,1.85969,-10806145.872843051,4361853.739969634,2014,3,14,1,8,46.48,2014.200678330418,35
946,36.54193,-97.06085,5.0,1.43126,-10804764.397962308,4375448.6229489725,2014,3,14,2,3,25.18,2014.2007822261514,6
948,36.54193,-97.06085,5.0,1.66764,-10804764.397962308,4375448.6229489725,2014,3,14,2,35,34.23,2014.2008433540573,6
949,36.44609,-97.06158,5.0,1.67914,-10804845.661190586,4362177.55702796,2014,3,14,6,30,28.99,2014.2012899900499,38
950,36.45729,-97.06933,5.0,2.11954,-10805708.387244232,4363727.585907475,2014,3,14,10,59,13.75,2014.2018009528608,23
951,36.44747,-97.05977,5.0,1.47114,-10804644.17291225,4362368.530640689,2014,3,15,5,27,15.11,2014.2039076200344,38
952,36.45081,-97.07419,5.0,1.2473,-10806249.39996949,4362830.756199406,2014,3,15,6,39,47.08,2014.204045525642,35
953,36.44747,-97.05977,5.0,1.75402,-10804644.17291225,4362368.530640689,2014,3,15,15,25,25.93,2014.2050449314904,38
954,36.44428,-97.07667,5.0,1.44022,-10806525.472306656,4361927.082294018,2014,3,15,16,5,31.39,2014.205121155918,35
955,36.45081,-97.07419,5.0,1.56628,-10806249.39996949,4362830.756199406,2014,3,15,16,48,3.74,2014.205202035009,35
956,36.4476,-97.05848,4.002,1.80855,-10804500.570769127,4362386.5210836325,2014,3,16,6,50,29.71,2014.206803740145,38
957,36.46681,-97.05469,5.0,1.71687,-10804078.66989902,4365045.286468915,2014,3,16,9,9,44.01,2014.207068471937,22
958,36.45081,-97.07419,5.0,1.74897,-10806249.39996949,4362830.756199406,2014,3,16,9,23,49.25,2014.2070952559764,35
959,36.44428,-97.07667,5.0,1.92923,-10806525.472306656,4361927.082294018,2014,3,16,18,21,26.6,2014.208117429716,35
960,36.34075,-97.05901,3.615,1.85961,-10804559.570099248,4347609.913520133,2014,3,17,5,13,6.03,2014.2093564158872,7
961,36.44598,-97.0583,4.322,1.6513,-10804480.533260785,4362162.3346397905,2014,3,17,6,46,25.35,2014.209533847631,38
962,36.44764,-97.07355,0.001,1.5297,-10806178.155495381,4362392.056610602,2014,3,17,8,59,13.74,2014.209786350673,35
963,36.44379,-97.06431,5.0,1.8241,-10805149.563400453,4361859.275221921,2014,3,17,21,1,51.35,2014.211160270426,39
964,36.44428,-97.07667,5.0,1.64609,-10806525.472306656,4361927.082294018,2014,3,18,5,46,55.34,2014.2121585716277,35
965,36.52051,-97.06812,5.0,2.42871,-10805573.690660374,4372481.147278323,2014,3,18,18,46,35.71,2014.2136409521004,6
966,36.52051,-97.06812,5.0,1.73478,-10805573.690660374,4372481.147278323,2014,3,18,19,35,47.91,2014.2137345016731,6
975,36.32156,-96.96742,5.0,1.54735,-10794363.817937491,4344958.219786593,2014,3,19,10,2,16.86,2014.215381932086,11
976,36.45081,-97.07419,5.0,1.63078,-10806249.39996949,4362830.756199406,2014,3,19,14,21,31.24,2014.2158748206455,35
977,36.34087,-97.05882,3.192,2.8289,-10804538.419395996,4347626.497297504,2014,3,19,15,49,59.75,2014.2160430371764,7
978,36.45729,-97.06933,5.0,1.28986,-10805708.387244232,4363727.585907475,2014,3,19,23,46,8.14,2014.2169483148275,23
979,36.45729,-97.06933,5.0,1.23623,-10805708.387244232,4363727.585907475,2014,3,19,23,48,19.56,2014.216952479276,23
980,36.44375,-97.07326,5.0,1.27162,-10806145.872843051,4361853.739969634,2014,3,20,4,41,26.63,2014.2175097798945,35
981,36.44375,-97.07326,5.0,1.70271,-10806145.872843051,4361853.739969634,2014,3,20,19,26,49.93,2014.21919315569,35
982,36.34087,-97.05882,3.192,3.0045,-10804538.419395996,4347626.497297504,2014,3,20,19,39,0.98,2014.2192163212665,7
983,36.44598,-97.0583,4.322,1.70808,-10804480.533260785,4362162.3346397905,2014,3,21,15,30,46.44,2014.2214821925622,38
984,36.44747,-97.05977,5.0,1.6679,-10804644.17291225,4362368.530640689,2014,3,21,21,32,46.57,2014.222170461949,38
985,36.44747,-97.05977,5.0,1.75456,-10804644.17291225,4362368.530640689,2014,3,21,22,15,48.81,2014.2222522881968,38
986,36.44747,-97.05977,5.0,1.66084,-10804644.17291225,4362368.530640689,2014,3,21,22,20,42.74,2014.2222616022764,38
987,36.44747,-97.05977,5.0,2.05594,-10804644.17291225,4362368.530640689,2014,3,21,22,57,50.56,2014.2223321976323,38
988,36.44747,-97.05977,5.0,2.04751,-10804644.17291225,4362368.530640689,2014,3,21,23,28,14.56,2014.2223899967044,38
989,36.44747,-97.05977,5.0,1.98786,-10804644.17291225,4362368.530640689,2014,3,22,0,18,17.73,2014.2224851614192,38
990,36.44598,-97.0583,4.322,1.94664,-10804480.533260785,4362162.3346397905,2014,3,22,6,28,12.13,2014.2231884595153,38
991,36.44747,-97.05977,5.0,2.1803,-10804644.17291225,4362368.530640689,2014,3,22,8,26,55.33,2014.2234141801025,38
992,36.44747,-97.05977,5.0,2.40758,-10804644.17291225,4362368.530640689,2014,3,22,9,21,37.75,2014.2235181937156,38
993,36.52051,-97.06812,5.0,2.42697,-10805573.690660374,4372481.147278323,2014,3,22,15,1,55.76,2014.2241652014095,6
994,36.44379,-97.06431,5.0,1.83351,-10805149.563400453,4361859.275221921,2014,3,22,17,58,57.17,2014.2245017735822,39
997,36.45081,-97.07419,5.0,1.80854,-10806249.39996949,4362830.756199406,2014,3,25,7,37,59.19,2014.2315346918017,35
998,36.44379,-97.06431,5.0,1.60001,-10805149.563400453,4361859.275221921,2014,3,25,8,14,8.14,2014.2316034216797,39
999,36.44379,-97.06431,5.0,1.81561,-10805149.563400453,4361859.275221921,2014,3,26,2,33,1.71,2014.2336927304357,39
1001,36.44747,-97.05977,5.0,1.6336,-10804644.17291225,4362368.530640689,2014,3,29,3,4,39.01,2014.2419664046063,38
1002,36.44598,-97.0583,4.322,1.83804,-10804480.533260785,4362162.3346397905,2014,3,29,14,38,20.01,2014.2432852945092,38
1003,36.44609,-97.06158,5.0,1.65961,-10804845.661190586,4362177.55702796,2014,3,30,10,42,12.06,2014.2455741900524,38
1004,36.44598,-97.0583,4.322,2.1,-10804480.533260785,4362162.3346397905,2014,4,1,21,33,56.0,2014.2522890207113,38
1005,36.44598,-97.0583,4.322,1.58301,-10804480.533260785,4362162.3346397905,2014,4,1,21,52,37.9,2014.252324571577,38
1007,36.44375,-97.07326,5.0,1.41315,-10806145.872843051,4361853.739969634,2014,4,2,2,53,23.7,2014.2528964084722,35
1008,36.44375,-97.07326,5.0,1.48323,-10806145.872843051,4361853.739969634,2014,4,2,3,6,46.7,2014.2529218540067,35
1010,36.44598,-97.0583,4.322,1.6074,-10804480.533260785,4362162.3346397905,2014,4,2,8,11,50.68,2014.2535018721321,38
1014,36.44852,-97.05934,6.158,1.67187,-10804596.30553121,4362513.83892607,2014,4,3,22,9,33.12,2014.257832443532,38
1015,36.45534,-97.06917,6.673,1.5458,-10805690.576125707,4363457.698715752,2014,4,3,22,19,48.49,2014.2578519434305,23
1016,36.45011,-97.04224,5.0,2.16283,-10802692.742238645,4362733.880930903,2014,4,3,23,38,14.21,2014.258001058699,32
1019,36.37804,-96.95187,5.0,2.4519,-10792632.799855657,4352764.552844532,2014,4,5,1,56,37.15,2014.261002013778,15
1020,36.37944,-96.94983,5.0,1.47268,-10792405.708094439,4352958.124562153,2014,4,5,3,33,58.27,2014.2611871077015,15
1021,36.37804,-96.95187,5.0,1.55311,-10792632.799855657,4352764.552844532,2014,4,5,3,38,24.85,2014.261195555112,15
1022,36.37944,-96.94983,5.0,2.21532,-10792405.708094439,4352958.124562153,2014,4,5,5,19,37.18,2014.2613879756382,15
1023,36.37944,-96.94983,5.0,1.49396,-10792405.708094439,4352958.124562153,2014,4,5,5,25,38.59,2014.26139942803,15
1024,36.37804,-96.95187,5.0,1.66199,-10792632.799855657,4352764.552844532,2014,4,5,5,31,46.69,2014.261411092415,15
1025,36.45534,-97.06917,6.673,1.4597,-10805690.576125707,4363457.698715752,2014,4,5,5,51,18.78,2014.261448233706,23
1026,36.37944,-96.94983,5.0,1.87189,-10792405.708094439,4352958.124562153,2014,4,5,6,11,26.97,2014.2614865189369,15
1027,36.37944,-96.94983,5.0,1.46253,-10792405.708094439,4352958.124562153,2014,4,5,6,16,2.16,2014.2614952391816,15
1028,36.44598,-97.0583,4.322,1.46662,-10804480.533260785,4362162.3346397905,2014,4,5,7,0,41.31,2014.2615801363222,38
1029,36.37944,-96.94983,5.0,1.41429,-10792405.708094439,4352958.124562153,2014,4,5,8,36,17.95,2014.2617619194743,15
1030,36.37944,-96.94983,5.0,2.24673,-10792405.708094439,4352958.124562153,2014,4,5,8,53,2.87,2014.2617937634675,15
1031,36.37944,-96.94983,5.0,1.72258,-10792405.708094439,4352958.124562153,2014,4,5,11,6,34.31,2014.2620476306818,15
1032,36.37944,-96.94983,5.0,1.63917,-10792405.708094439,4352958.124562153,2014,4,5,12,55,17.77,2014.262254346655,15
1033,36.54498,-97.06645,5.0,1.8021,-10805387.78711075,4375871.229526291,2014,4,5,17,20,49.43,2014.2627591904961,6
1034,36.37944,-96.94983,5.0,2.66017,-10792405.708094439,4352958.124562153,2014,4,5,19,50,52.38,2014.2630444767663,15
1035,36.37944,-96.94983,5.0,1.59377,-10792405.708094439,4352958.124562153,2014,4,5,20,13,43.8,2014.2630879344438,15
1036,36.37944,-96.94983,5.0,1.45696,-10792405.708094439,4352958.124562153,2014,4,5,23,21,14.55,2014.2634444491976,15
1037,36.37944,-96.94983,5.0,1.5058,-10792405.708094439,4352958.124562153,2014,4,6,2,26,9.0,2014.2637960111035,15
1038,36.37944,-96.94983,5.0,1.52228,-10792405.708094439,4352958.124562153,2014,4,6,3,46,22.61,2014.2639485451998,15
1039,36.37789,-96.93195,5.0,1.59997,-10790415.315599054,4352743.813224307,2014,4,6,11,25,34.12,2014.2648215998681,15
1040,36.34605,-97.08408,3.273,1.51266,-10807350.349733435,4348342.388047214,2014,4,6,14,9,2.88,2014.2651324207163,9
1041,36.34605,-97.08408,3.273,1.29354,-10807350.349733435,4348342.388047214,2014,4,6,17,31,26.48,2014.2655172281795,9
1042,36.34605,-97.08408,3.273,2.10933,-10807350.349733435,4348342.388047214,2014,4,6,18,3,23.61,2014.2655779783634,9
1043,36.37789,-96.93195,5.0,1.67848,-10790415.315599054,4352743.813224307,2014,4,6,23,35,40.9,2014.2662097529596,15
1044,36.37944,-96.94983,5.0,2.5,-10792405.708094439,4352958.124562153,2014,4,7,13,2,1.0,2014.2677428258169,15
1045,36.37804,-96.95187,5.0,2.3,-10792632.799855657,4352764.552844532,2014,4,7,14,1,24.0,2014.267855730474,15
1046,36.37804,-96.95187,5.0,1.70762,-10792632.799855657,4352764.552844532,2014,4,7,15,8,14.08,2014.267982802241,15
1047,36.44379,-97.06431,5.0,1.80711,-10805149.563400453,4361859.275221921,2014,4,7,15,52,18.46,2014.2680665975865,39
1048,36.44428,-97.07667,5.0,1.7732,-10806525.472306656,4361927.082294018,2014,4,7,23,1,54.38,2014.268883387203,35
1049,36.45081,-97.07419,5.0,1.68103,-10806249.39996949,4362830.756199406,2014,4,7,23,20,27.56,2014.2689186617488,35
1050,36.37789,-96.93195,5.0,1.86209,-10790415.315599054,4352743.813224307,2014,4,8,1,52,51.97,2014.2692084306157,15
1052,36.45534,-97.06917,6.673,1.38617,-10805690.576125707,4363457.698715752,2014,4,9,1,49,6.99,2014.2719391522169,23
1053,36.45011,-97.04224,5.0,1.49367,-10802692.742238645,4362733.880930903,2014,4,9,4,41,3.88,2014.2722660747331,32
1054,36.45534,-97.06917,6.673,1.34615,-10805690.576125707,4363457.698715752,2014,4,9,7,30,45.91,2014.272588723794,23
1057,36.44747,-97.05977,5.0,1.68274,-10804644.17291225,4362368.530640689,2014,4,9,23,31,43.21,2014.2744157733794,38
1058,36.45534,-97.06917,6.673,1.5736,-10805690.576125707,4363457.698715752,2014,4,10,1,14,52.23,2014.2746118915886,23
1059,36.44747,-97.05977,5.0,1.91697,-10804644.17291225,4362368.530640689,2014,4,10,1,20,3.08,2014.2746217418307,38
1060,36.37789,-96.93195,5.0,1.81526,-10790415.315599054,4352743.813224307,2014,4,10,1,37,59.89,2014.2746558638808,15
1061,36.37789,-96.93195,5.0,1.77497,-10790415.315599054,4352743.813224307,2014,4,10,1,42,23.59,2014.2746642200293,15
1062,36.45534,-97.06917,6.673,1.65036,-10805690.576125707,4363457.698715752,2014,4,10,2,13,44.95,2014.2747238367303,23
1063,36.45534,-97.06917,6.673,1.76206,-10805690.576125707,4363457.698715752,2014,4,10,4,12,53.26,2014.2749503530054,23
1064,36.44747,-97.05977,5.0,1.73332,-10804644.17291225,4362368.530640689,2014,4,10,4,23,16.79,2014.2749701114788,38
1065,36.37789,-96.93195,5.0,2.4,-10790415.315599054,4352743.813224307,2014,4,10,20,16,5.0,2014.2767816627374,15
1066,36.37789,-96.93195,5.0,1.59396,-10790415.315599054,4352743.813224307,2014,4,10,22,24,38.53,2014.2770260897532,15
1067,36.44747,-97.05977,5.0,2.13941,-10804644.17291225,4362368.530640689,2014,4,10,22,51,9.06,2014.2770764906077,38
1068,36.37804,-96.95187,5.0,1.64314,-10792632.799855657,4352764.552844532,2014,4,11,0,27,20.43,2014.277259374287,15
1069,36.37789,-96.93195,5.0,1.78376,-10790415.315599054,4352743.813224307,2014,4,11,1,34,19.92,2014.277386744239,15
1070,36.44375,-97.07326,5.0,1.2839,-10806145.872843051,4361853.739969634,2014,4,11,8,49,32.06,2014.2782141880245,35
1071,36.45534,-97.06917,6.673,1.51653,-10805690.576125707,4363457.698715752,2014,4,12,7,35,59.89,2014.2808122255813,23
1072,36.45534,-97.06917,6.673,1.46618,-10805690.576125707,4363457.698715752,2014,4,12,7,49,21.6,2014.280837630238,23
1073,36.44609,-97.06158,5.0,1.95952,-10804845.661190586,4362177.55702796,2014,4,12,8,33,56.5,2014.280922392704,38
1074,36.46681,-97.05469,5.0,1.69943,-10804078.66989902,4365045.286468915,2014,4,12,9,15,45.85,2014.2810019092074,22
1075,36.44612,-97.06485,5.0,2.9,-10805209.67592548,4362181.708592116,2014,4,12,18,33,20.0,2014.2820620072503,38
1077,36.44375,-97.07326,5.0,1.35637,-10806145.872843051,4361853.739969634,2014,4,13,5,53,55.92,2014.2833560194692,35
1078,36.44375,-97.07326,5.0,1.80477,-10806145.872843051,4361853.739969634,2014,4,14,9,51,57.15,2014.2865464151266,35
1079,36.44764,-97.07355,0.001,2.1722,-10806178.155495381,4362392.056610602,2014,4,14,9,53,52.01,2014.2865500548203,35
1080,36.44764,-97.07355,0.001,2.24456,-10806178.155495381,4362392.056610602,2014,4,14,10,20,4.15,2014.2865998729308,35
1081,36.37789,-96.93195,5.0,2.00675,-10790415.315599054,4352743.813224307,2014,4,14,21,14,3.81,2014.2878433027226,15
1089,36.31884,-96.9309,7.032,2.6,-10790298.43013372,4344582.420256198,2014,4,16,11,53,16.0,2014.292252769539,11
1096,36.44598,-97.0583,4.322,1.82361,-10804480.533260785,4362162.3346397905,2014,4,17,18,19,9.8,2014.2957243199737,38
1097,36.45011,-97.04224,5.0,2.76454,-10802692.742238645,4362733.880930903,2014,4,19,10,24,30.45,2014.3002975654042,32
1098,36.45011,-97.04224,5.0,1.73644,-10802692.742238645,4362733.880930903,2014,4,19,12,47,48.98,2014.3005700363778,32
1099,36.45011,-97.04224,5.0,1.64258,-10802692.742238645,4362733.880930903,2014,4,19,12,55,12.47,2014.300584089728,32
1100,36.45011,-97.04224,5.0,1.76899,-10802692.742238645,4362733.880930903,2014,4,19,12,56,17.35,2014.300586145651,32
1101,36.45011,-97.04224,5.0,1.97347,-10802692.742238645,4362733.880930903,2014,4,19,13,37,6.97,2014.3006637694248,32
1102,36.45011,-97.04224,5.0,1.70717,-10802692.742238645,4362733.880930903,2014,4,19,15,23,58.71,2014.300866945205,32
1103,36.45011,-97.04224,5.0,1.67896,-10802692.742238645,4362733.880930903,2014,4,19,15,44,4.85,2014.3009051654751,32
1104,36.44379,-97.06431,5.0,1.68293,-10805149.563400453,4361859.275221921,2014,4,19,23,33,49.83,2014.3017982935964,39
1105,36.44598,-97.0583,4.322,1.64219,-10804480.533260785,4362162.3346397905,2014,4,20,2,18,42.21,2014.3021117642027,38
1107,36.44375,-97.07326,5.0,1.70756,-10806145.872843051,4361853.739969634,2014,4,20,3,22,42.63,2014.3022334597688,35
1109,36.44598,-97.0583,4.322,1.8926,-10804480.533260785,4362162.3346397905,2014,4,20,8,32,7.11,2014.3028217326412,38
1111,36.45729,-97.06933,5.0,1.73592,-10805708.387244232,4363727.585907475,2014,4,20,23,7,59.06,2014.3044870034478,23
1112,36.45729,-97.06933,5.0,1.3796,-10805708.387244232,4363727.585907475,2014,4,20,23,10,16.09,2014.3044913456663,23
1113,36.44379,-97.06431,5.0,1.80375,-10805149.563400453,4361859.275221921,2014,4,21,9,17,6.5,2014.3056451219359,39
1114,36.37475,-96.96246,5.0,1.70512,-10793811.673263157,4352309.673022836,2014,4,21,15,13,19.05,2014.306322377177,15
1115,36.44379,-97.06431,5.0,1.90875,-10805149.563400453,4361859.275221921,2014,4,21,17,14,42.18,2014.30655316564,39
1116,36.44428,-97.07667,5.0,1.41638,-10806525.472306656,4361927.082294018,2014,4,22,8,54,21.16,2014.3083397077091,35
1117,36.45081,-97.07419,5.0,1.36366,-10806249.39996949,4362830.756199406,2014,4,22,9,0,56.7,2014.3083522416152,35
1118,36.45729,-97.06933,5.0,1.55402,-10805708.387244232,4363727.585907475,2014,4,22,19,37,0.25,2014.309561571539,23
1119,36.45729,-97.06933,5.0,1.67541,-10805708.387244232,4363727.585907475,2014,4,22,19,38,54.56,2014.3095651938042,23
1120,36.44598,-97.0583,4.322,1.93635,-10804480.533260785,4362162.3346397905,2014,4,22,19,54,32.24,2014.3095949070905,38
1121,36.45729,-97.06933,5.0,1.52603,-10805708.387244232,4363727.585907475,2014,4,22,20,18,58.46,2014.3096413687986,23
1122,36.44764,-97.07355,0.001,1.73457,-10806178.155495381,4362392.056610602,2014,4,22,22,14,39.37,2014.3098613129641,35
1123,36.37475,-96.96246,5.0,2.1,-10793811.673263157,4352309.673022836,2014,4,23,12,28,5.0,2014.3114839214643,15
1127,36.44379,-97.06431,5.0,2.48683,-10805149.563400453,4361859.275221921,2014,4,24,14,41,58.77,2014.3144763470607,39
1128,36.44747,-97.05977,5.0,1.87591,-10804644.17291225,4362368.530640689,2014,4,25,18,51,59.23,2014.3176895337415,38
1129,36.44428,-97.07667,5.0,1.42472,-10806525.472306656,4361927.082294018,2014,4,26,5,20,6.39,2014.318883767777,35
1130,36.44747,-97.05977,5.0,1.64805,-10804644.17291225,4362368.530640689,2014,4,26,9,18,47.45,2014.319337574784,38
1131,36.44747,-97.05977,5.0,1.65505,-10804644.17291225,4362368.530640689,2014,4,26,15,40,12.22,2014.3200627493852,38
1136,36.44379,-97.06431,5.0,1.78426,-10805149.563400453,4361859.275221921,2014,4,28,0,29,45.7,2014.3238074409967,39
1141,36.45534,-97.06917,6.673,1.34573,-10805690.576125707,4363457.698715752,2014,5,1,5,18,20.48,2014.3325696656273,23
1142,36.44747,-97.05977,5.0,1.77349,-10804644.17291225,4362368.530640689,2014,5,1,6,55,1.71,2014.3327534955129,38
1143,36.44764,-97.07355,0.001,1.7674,-10806178.155495381,4362392.056610602,2014,5,1,6,57,11.34,2014.3327576032398,35
1144,36.44747,-97.05977,5.0,2.00813,-10804644.17291225,4362368.530640689,2014,5,1,7,1,0.36,2014.3327648604456,38
1145,36.44747,-97.05977,5.0,1.4385,-10804644.17291225,4362368.530640689,2014,5,1,10,25,55.94,2014.3331544838645,38
1147,36.44747,-97.05977,5.0,1.51802,-10804644.17291225,4362368.530640689,2014,5,2,5,9,14.68,2014.335290221056,38
1148,36.44747,-97.05977,5.0,1.84462,-10804644.17291225,4362368.530640689,2014,5,2,16,3,55.75,2014.3365349630517,38
1150,36.34562,-97.08439,5.25,1.63854,-10807384.85877558,4348282.959010362,2014,5,3,2,43,44.58,2014.3377514316678,9
1152,36.44747,-97.05977,5.0,1.80314,-10804644.17291225,4362368.530640689,2014,5,4,20,33,10.48,2014.3425225771289,38
1154,36.49611,-97.03201,5.0,1.44286,-10801553.94384783,4369101.830240844,2014,5,5,5,40,36.66,2014.343563409765,13
1155,36.49611,-97.03201,5.0,1.35229,-10801553.94384783,4369101.830240844,2014,5,5,5,46,8.78,2014.3435739340127,13
1156,36.44747,-97.05977,5.0,1.47991,-10804644.17291225,4362368.530640689,2014,5,5,7,41,35.54,2014.343793429792,38
1157,36.44747,-97.05977,5.0,1.72448,-10804644.17291225,4362368.530640689,2014,5,5,7,45,10.85,2014.343800252554,38
1158,36.44747,-97.05977,5.0,1.67559,-10804644.17291225,4362368.530640689,2014,5,5,14,27,39.82,2014.344565487236,38
1159,36.34562,-97.08439,5.25,1.66811,-10807384.85877558,4348282.959010362,2014,5,5,20,13,12.21,2014.345222457031,9
1162,36.34562,-97.08439,5.25,1.52873,-10807384.85877558,4348282.959010362,2014,5,6,4,42,25.24,2014.3461906241287,9
1165,36.45797,-97.04121,5.0,1.73093,-10802578.083163127,4363821.702011191,2014,5,6,8,43,6.2,2014.346648230537,32
1166,36.49611,-97.03201,5.0,1.45891,-10801553.94384783,4369101.830240844,2014,5,6,9,32,39.07,2014.346742435103,13
1167,36.49611,-97.03201,5.0,1.43824,-10801553.94384783,4369101.830240844,2014,5,6,9,35,36.36,2014.346748053084,13
1168,36.45797,-97.04121,5.0,1.75514,-10802578.083163127,4363821.702011191,2014,5,6,9,39,5.43,2014.3467546781123,32
1169,36.45797,-97.04121,5.0,1.91124,-10802578.083163127,4363821.702011191,2014,5,6,9,48,40.08,2014.3467728876722,32
1170,36.49611,-97.03201,5.0,1.77212,-10801553.94384783,4369101.830240844,2014,5,6,9,52,19.12,2014.3467798286308,13
1171,36.49611,-97.03201,5.0,1.40176,-10801553.94384783,4369101.830240844,2014,5,6,10,16,5.33,2014.3468250224985,13
1172,36.45797,-97.04121,5.0,2.10823,-10802578.083163127,4363821.702011191,2014,5,6,10,45,3.59,2014.346880104634,32
1173,36.45797,-97.04121,5.0,1.63071,-10802578.083163127,4363821.702011191,2014,5,6,11,8,4.87,2014.346923874756,32
1174,36.49611,-97.03201,5.0,1.38104,-10801553.94384783,4369101.830240844,2014,5,6,11,13,48.24,2014.3469347554947,13
1175,36.34562,-97.08439,5.25,1.8021,-10807384.85877558,4348282.959010362,2014,5,6,12,9,43.58,2014.3470410798034,9
1176,36.49611,-97.03201,5.0,1.58373,-10801553.94384783,4369101.830240844,2014,5,6,12,28,28.51,2014.347076726684,13
1177,36.49611,-97.03201,5.0,1.62149,-10801553.94384783,4369101.830240844,2014,5,6,12,55,21.17,2014.3471278287957,13
1178,36.34562,-97.08439,5.25,2.1,-10807384.85877558,4348282.959010362,2014,5,6,13,14,41.0,2014.3471645815905,9
1179,36.34467,-97.07258,6.694,2.2,-10806070.175589312,4348151.663464455,2014,5,6,17,21,37.0,2014.3476340722996,8
1184,36.47098,-97.0442,5.0,1.61718,-10802910.9284406,4365622.523495137,2014,5,6,21,17,35.6,2014.3480827312596,22
1185,36.45364,-97.04443,5.0,1.93995,-10802936.531923482,4363222.417982528,2014,5,6,21,22,27.65,2014.3480919857657,32
1186,36.45364,-97.04443,5.0,1.87353,-10802936.531923482,4363222.417982528,2014,5,6,22,29,27.32,2014.3482193614216,32
1187,36.45364,-97.04443,5.0,1.80834,-10802936.531923482,4363222.417982528,2014,5,7,0,41,45.92,2014.3484709204756,32
1188,36.45797,-97.04121,5.0,1.85554,-10802578.083163127,4363821.702011191,2014,5,7,0,46,59.08,2014.348480843917,32
1189,36.45797,-97.04121,5.0,2.04899,-10802578.083163127,4363821.702011191,2014,5,7,1,45,44.72,2014.3485925647071,32
1190,36.45797,-97.04121,5.0,1.85851,-10802578.083163127,4363821.702011191,2014,5,7,1,47,43.34,2014.348596323548,32
1191,36.45797,-97.04121,5.0,2.1764,-10802578.083163127,4363821.702011191,2014,5,7,1,48,51.86,2014.3485984948159,32
1192,36.45797,-97.04121,5.0,1.6989,-10802578.083163127,4363821.702011191,2014,5,7,2,39,10.5,2014.3486941497451,32
1193,36.45797,-97.04121,5.0,1.8066,-10802578.083163127,4363821.702011191,2014,5,7,2,39,58.63,2014.348695674893,32
1194,36.45797,-97.04121,5.0,2.1,-10802578.083163127,4363821.702011191,2014,5,7,2,41,29.0,2014.3486985385455,32
1195,36.34467,-97.07258,6.694,1.49483,-10806070.175589312,4348151.663464455,2014,5,7,2,56,7.23,2014.3487263679747,8
1196,36.49611,-97.03201,5.0,1.58439,-10801553.94384783,4369101.830240844,2014,5,7,3,3,52.8,2014.3487411209978,13
1197,36.49611,-97.03201,5.0,1.48659,-10801553.94384783,4369101.830240844,2014,5,7,3,22,52.5,2014.3487772359115,13
1198,36.49611,-97.03201,5.0,1.56899,-10801553.94384783,4369101.830240844,2014,5,7,4,22,6.82,2014.3488898655157,13
1199,36.45797,-97.04121,5.0,1.66189,-10802578.083163127,4363821.702011191,2014,5,7,5,4,21.35,2014.348970179925,32
1200,36.49611,-97.03201,5.0,1.52556,-10801553.94384783,4369101.830240844,2014,5,7,5,44,56.47,2014.3490473442214,13
1201,36.49611,-97.03201,5.0,1.37905,-10801553.94384783,4369101.830240844,2014,5,7,6,55,32.14,2014.3491815645043,13
1202,36.45011,-97.04224,5.0,2.0,-10802692.742238645,4362733.880930903,2014,5,7,7,33,39.0,2014.3492540307248,32
1203,36.49611,-97.03201,5.0,1.42242,-10801553.94384783,4369101.830240844,2014,5,7,8,30,44.04,2014.3493625636931,13
1204,36.34562,-97.08439,5.25,1.54646,-10807384.85877558,4348282.959010362,2014,5,7,11,13,34.5,2014.3496721708875,9
1205,36.49611,-97.03201,5.0,1.76409,-10801553.94384783,4369101.830240844,2014,5,7,15,2,45.32,2014.3501079080793,13
1206,36.34492,-97.08216,9.358,2.4,-10807136.616311112,4348186.214768608,2014,5,7,15,21,8.0,2014.3501428498998,9
1208,36.49611,-97.03201,5.0,1.70195,-10801553.94384783,4369101.830240844,2014,5,7,16,12,54.47,2014.350241287994,13
1211,36.34562,-97.08439,5.25,1.7786,-10807384.85877558,4348282.959010362,2014,5,7,21,27,13.78,2014.3508389034655,9
1212,36.44853,-97.07612,5.0,1.75462,-10806464.246586721,4362515.222823956,2014,5,7,21,32,43.04,2014.3508493370853,35
1213,36.37804,-96.95187,5.0,1.78143,-10792632.799855657,4352764.552844532,2014,5,8,0,0,20.69,2014.3511300190762,15
1214,36.49611,-97.03201,5.0,1.66472,-10801553.94384783,4369101.830240844,2014,5,8,1,39,43.41,2014.3513189662713,13
1215,36.34492,-97.08216,9.358,1.74076,-10807136.616311112,4348186.214768608,2014,5,8,1,44,58.98,2014.3513289660812,9
1216,36.49611,-97.03201,5.0,1.59024,-10801553.94384783,4369101.830240844,2014,5,8,2,47,7.36,2014.351447111314,13
1217,36.49611,-97.03201,5.0,1.98226,-10801553.94384783,4369101.830240844,2014,5,8,4,4,54.34,2014.351594998986,13
1218,36.34562,-97.08439,5.25,1.51767,-10807384.85877558,4348282.959010362,2014,5,8,7,14,30.89,2014.3519555001014,9
1219,36.44747,-97.05977,5.0,1.67705,-10804644.17291225,4362368.530640689,2014,5,8,7,45,40.31,2014.3520147384465,38
1222,36.34562,-97.08439,5.25,1.75396,-10807384.85877558,4348282.959010362,2014,5,8,13,23,24.15,2014.3526568607879,9
1223,36.49611,-97.03201,5.0,2.2,-10801553.94384783,4369101.830240844,2014,5,8,13,58,47.0,2014.352724129845,13
1224,36.45309,-97.04323,5.0,3.0,-10802802.948534528,4363146.298849406,2014,5,8,15,8,57.0,2014.3528575366947,32
1225,36.44975,-97.04446,5.0,2.2417,-10802939.871508205,4362684.059704643,2014,5,8,15,12,1.19,2014.3528633733238,32
1226,36.45309,-97.04323,5.0,1.92471,-10802802.948534528,4363146.298849406,2014,5,8,15,13,18.88,2014.3528658351713,32
1227,36.47261,-97.04742,5.0,1.81748,-10803269.377200954,4365848.166553675,2014,5,8,15,21,13.95,2014.352880889231,22
1228,36.45364,-97.04443,5.0,1.5979,-10802936.531923482,4363222.417982528,2014,5,8,15,27,36.53,2014.3528930124598,32
1229,36.47261,-97.04742,5.0,2.04911,-10803269.377200954,4365848.166553675,2014,5,8,15,31,1.64,2014.3528995120034,22
1230,36.49611,-97.03201,5.0,1.83482,-10801553.94384783,4369101.830240844,2014,5,8,16,13,13.56,2014.3529797437068,13
1231,36.49611,-97.03201,5.0,1.6459,-10801553.94384783,4369101.830240844,2014,5,8,17,0,11.15,2014.3530690277462,13
1232,36.49611,-97.03201,5.0,2.31528,-10801553.94384783,4369101.830240844,2014,5,8,17,14,10.18,2014.3530956150023,13
1233,36.45797,-97.04121,5.0,1.77354,-10802578.083163127,4363821.702011191,2014,5,8,17,32,47.75,2014.3531310286587,32
1234,36.45011,-97.04224,5.0,1.82154,-10802692.742238645,4362733.880930903,2014,5,8,17,56,17.58,2014.3531757034755,32
1235,36.45011,-97.04224,5.0,1.90753,-10802692.742238645,4362733.880930903,2014,5,8,17,59,14.01,2014.353181294205,32
1236,36.49611,-97.03201,5.0,1.66817,-10801553.94384783,4369101.830240844,2014,5,8,18,31,48.44,2014.3532432263544,13
1237,36.49611,-97.03201,5.0,1.61691,-10801553.94384783,4369101.830240844,2014,5,8,20,4,4.26,2014.3534186459046,13
1238,36.44747,-97.05977,5.0,1.54684,-10804644.17291225,4362368.530640689,2014,5,8,23,1,8.94,2014.3537553216975,38
1239,36.44975,-97.04446,5.0,2.9,-10802939.871508205,4362684.059704643,2014,5,9,1,46,26.0,2014.3540695743657,32
1240,36.44975,-97.04446,5.0,1.7175,-10802939.871508205,4362684.059704643,2014,5,9,3,33,35.89,2014.3542733252846,32
1241,36.44975,-97.04446,5.0,1.53428,-10802939.871508205,4362684.059704643,2014,5,9,4,19,17.28,2014.3543601946917,32
1242,36.44975,-97.04446,5.0,1.54803,-10802939.871508205,4362684.059704643,2014,5,9,4,20,16.03,2014.3543620563669,32
1243,36.44975,-97.04446,5.0,1.71777,-10802939.871508205,4362684.059704643,2014,5,9,7,44,10.7,2014.354749749664,32
1244,36.47098,-97.0442,5.0,1.44551,-10802910.9284406,4365622.523495137,2014,5,9,8,44,7.49,2014.3548637250615,22
1245,36.44747,-97.05977,5.0,1.50662,-10804644.17291225,4362368.530640689,2014,5,9,8,52,54.59,2014.3548804278525,38
1246,36.46347,-97.03407,5.0,1.813,-10801783.261998864,4364582.965537205,2014,5,9,15,41,9.04,2014.3556566101352,33
1247,36.45364,-97.04443,5.0,1.69752,-10802936.531923482,4363222.417982528,2014,5,9,15,46,30.61,2014.3556668000735,32
1248,36.45364,-97.04443,5.0,2.8,-10802936.531923482,4363222.417982528,2014,5,9,16,54,21.0,2014.3557957829494,32
1249,36.47261,-97.04742,5.0,2.53573,-10803269.377200954,4365848.166553675,2014,5,9,16,56,27.15,2014.3557997804016,22
1250,36.45364,-97.04443,5.0,2.68733,-10802936.531923482,4363222.417982528,2014,5,9,16,57,36.61,2014.3558019814561,32
1251,36.45693,-97.04308,5.0,2.4,-10802786.250610912,4363677.760069014,2014,5,9,17,0,55.0,2014.3558082680559,32
1252,36.46347,-97.03407,5.0,1.8,-10801783.261998864,4364582.965537205,2014,5,9,17,6,59.0,2014.3558198025198,33
1260,36.47098,-97.0442,5.0,1.76409,-10802910.9284406,4365622.523495137,2014,5,9,20,31,43.06,2014.3562090608918,22
1262,36.47364,-97.0334,5.0,1.36288,-10801708.677940032,4365990.75326433,2014,5,9,21,34,1.43,2014.3563275226886,34
1263,36.44975,-97.04446,5.0,1.6397,-10802939.871508205,4362684.059704643,2014,5,10,0,34,17.54,2014.356670264532,32
1264,36.44975,-97.04446,5.0,1.74445,-10802939.871508205,4362684.059704643,2014,5,10,1,33,11.3,2014.3567822426294,32
1265,36.45693,-97.04308,5.0,1.96729,-10802786.250610912,4363677.760069014,2014,5,10,2,55,42.78,2014.3569391455624,32
1266,36.44975,-97.04446,5.0,2.29091,-10802939.871508205,4362684.059704643,2014,5,10,7,33,3.95,2014.3574664724188,32
1267,36.44975,-97.04446,5.0,1.69519,-10802939.871508205,4362684.059704643,2014,5,10,11,17,42.79,2014.3578935910843,32
1268,36.44975,-97.04446,5.0,1.94744,-10802939.871508205,4362684.059704643,2014,5,10,11,18,33.59,2014.357895200839,32
1269,36.45364,-97.04443,5.0,1.50205,-10802936.531923482,4363222.417982528,2014,5,10,15,59,37.8,2014.3584295954065,32
1270,36.45364,-97.04443,5.0,2.03446,-10802936.531923482,4363222.417982528,2014,5,10,23,4,32.02,2014.3592374584887,32
1271,36.45364,-97.04443,5.0,1.69114,-10802936.531923482,4363222.417982528,2014,5,11,0,45,5.68,2014.3594286536365,32
1272,36.49611,-97.03201,5.0,1.42752,-10801553.94384783,4369101.830240844,2014,5,11,8,55,43.08,2014.3603614685528,13
1273,36.44372,-97.06969,5.0,1.63829,-10805748.462260919,4361849.588532291,2014,5,11,9,14,13.98,2014.3603966708495,35
1274,36.44372,-97.06969,5.0,1.73724,-10805748.462260919,4361849.588532291,2014,5,11,22,25,52.9,2014.3619018207976,35
1275,36.47098,-97.0442,5.0,1.79976,-10802910.9284406,4365622.523495137,2014,5,11,22,46,58.96,2014.361941939818,22
1276,36.44975,-97.04446,5.0,2.22354,-10802939.871508205,4362684.059704643,2014,5,11,23,36,56.31,2014.362036920108,32
1277,36.44975,-97.04446,5.0,2.02271,-10802939.871508205,4362684.059704643,2014,5,11,23,39,3.58,2014.3620409530508,32
1278,36.44975,-97.04446,5.0,1.84872,-10802939.871508205,4362684.059704643,2014,5,11,23,54,7.93,2014.3620696101732,32
1279,36.45309,-97.04323,5.0,1.83867,-10802802.948534528,4363146.298849406,2014,5,11,23,56,37.59,2014.3620743526124,32
1280,36.45309,-97.04323,5.0,1.78751,-10802802.948534528,4363146.298849406,2014,5,12,0,5,35.43,2014.3620913957336,32
1281,36.44372,-97.06969,5.0,2.2,-10805748.462260919,4361849.588532291,2014,5,12,0,40,58.0,2014.3621586559182,35
1282,36.44233,-97.07666,3.162,1.9391,-10806524.359111749,4361657.240362192,2014,5,12,0,47,20.14,2014.362170765204,35
1283,36.44372,-97.06969,5.0,1.56666,-10805748.462260919,4361849.588532291,2014,5,12,0,57,37.65,2014.3621903329151,35
1284,36.44975,-97.04446,5.0,1.77608,-10802939.871508205,4362684.059704643,2014,5,12,2,16,48.09,2014.362340865275,32
1285,36.44372,-97.06969,5.0,1.79546,-10805748.462260919,4361849.588532291,2014,5,12,2,24,8.39,2014.3623548175399,35
1287,36.44372,-97.06969,5.0,1.75989,-10805748.462260919,4361849.588532291,2014,5,12,4,39,47.44,2014.362612728471,35
1288,36.44233,-97.07666,3.162,1.50645,-10806524.359111749,4361657.240362192,2014,5,12,4,44,8.45,2014.3626209993788,35
1291,36.44372,-97.06969,5.0,1.83709,-10805748.462260919,4361849.588532291,2014,5,12,7,10,45.79,2014.3628997702613,35
1293,36.44372,-97.06969,5.0,1.66477,-10805748.462260919,4361849.588532291,2014,5,12,7,15,39.64,2014.362909081806,35
1294,36.44372,-97.06969,5.0,1.53079,-10805748.462260919,4361849.588532291,2014,5,12,7,27,33.56,2014.3629317045657,35
1298,36.44394,-97.06937,5.0,1.66055,-10805712.840023866,4361880.032443409,2014,5,12,22,8,35.23,2014.3646067898067,35
1299,36.45797,-97.04121,5.0,2.3058,-10802578.083163127,4363821.702011191,2014,5,12,23,37,25.44,2014.364775693969,32
1300,36.45364,-97.04443,5.0,1.66395,-10802936.531923482,4363222.417982528,2014,5,12,23,40,51.46,2014.364782222349,32
1301,36.47261,-97.04742,5.0,2.05461,-10803269.377200954,4365848.166553675,2014,5,13,1,42,31.06,2014.3650135327148,22
1309,36.45364,-97.04443,5.0,1.52557,-10802936.531923482,4363222.417982528,2014,5,14,7,57,36.61,2014.3684645413466,32
1311,36.44975,-97.04446,5.0,1.51889,-10802939.871508205,4362684.059704643,2014,5,14,8,48,49.89,2014.3685619277132,32
1312,36.44233,-97.07666,3.162,1.65852,-10806524.359111749,4361657.240362192,2014,5,14,15,31,57.21,2014.3693283776333,35
1313,36.44394,-97.06937,5.0,1.70531,-10805712.840023866,4361880.032443409,2014,5,14,15,58,1.57,2014.3693779492103,35
1314,36.44233,-97.07666,3.162,2.28135,-10806524.359111749,4361657.240362192,2014,5,15,2,11,9.22,2014.370543679494,35
1315,36.44233,-97.07666,3.162,1.54465,-10806524.359111749,4361657.240362192,2014,5,15,4,54,49.36,2014.3708548609527,35
1316,36.44747,-97.05977,5.0,1.57585,-10804644.17291225,4362368.530640689,2014,5,15,5,43,12.86,2014.3709468673158,38
1317,36.44233,-97.07666,3.162,1.47894,-10806524.359111749,4361657.240362192,2014,5,15,6,2,20.14,2014.3709832224251,35
1318,36.44372,-97.06969,5.0,1.74216,-10805748.462260919,4361849.588532291,2014,5,15,6,6,11.35,2014.3709905490277,35
1319,36.44233,-97.07666,3.162,1.45697,-10806524.359111749,4361657.240362192,2014,5,15,7,37,7.25,2014.3711634360661,35
1320,36.44394,-97.06937,5.0,1.36191,-10805712.840023866,4361880.032443409,2014,5,15,7,52,25.42,2014.3711925311177,35
1322,36.44233,-97.07666,3.162,1.70405,-10806524.359111749,4361657.240362192,2014,5,15,12,4,51.08,2014.3716724681217,35
1323,36.44233,-97.07666,3.162,2.6,-10806524.359111749,4361657.240362192,2014,5,15,12,14,57.0,2014.371691668568,35
1325,36.47098,-97.0442,5.0,1.70748,-10802910.9284406,4365622.523495137,2014,5,15,15,51,51.22,2014.372104064314,22
1326,36.4414,-97.06352,5.0,1.87511,-10805061.621002724,4361528.54890611,2014,5,15,17,40,21.55,2014.3723103642228,39
1327,36.44233,-97.07666,3.162,1.6358,-10806524.359111749,4361657.240362192,2014,5,15,18,57,0.92,2014.3724561094634,35
1328,36.4476,-97.05848,4.002,1.77434,-10804500.570769127,4362386.5210836325,2014,5,15,20,50,20.61,2014.3726715786372,38
1329,36.45534,-97.06917,6.673,1.37887,-10805690.576125707,4363457.698715752,2014,5,15,21,25,19.81,2014.3727380982712,23
1331,36.45534,-97.06917,6.673,1.39493,-10805690.576125707,4363457.698715752,2014,5,16,0,58,5.15,2014.373142607486,23
1332,36.44394,-97.06937,5.0,2.33525,-10805712.840023866,4361880.032443409,2014,5,16,1,25,52.81,2014.3731954524426,35
1334,36.44394,-97.06937,5.0,2.6,-10805712.840023866,4361880.032443409,2014,5,16,8,52,55.0,2014.3740453963546,35
1338,36.44372,-97.06969,5.0,2.78136,-10805748.462260919,4361849.588532291,2014,5,16,14,1,24.74,2014.3746319346212,35
1339,36.44233,-97.07666,3.162,1.62103,-10806524.359111749,4361657.240362192,2014,5,16,16,22,25.45,2014.3749000383425,35
1340,36.44372,-97.06969,5.0,1.67394,-10805748.462260919,4361849.588532291,2014,5,16,17,20,38.0,2014.3750107105736,35
1341,36.44233,-97.07666,3.162,1.65411,-10806524.359111749,4361657.240362192,2014,5,16,17,22,42.58,2014.3750146582756,35
1343,36.44394,-97.06937,5.0,1.57132,-10805712.840023866,4361880.032443409,2014,5,18,6,27,43.63,2014.3792450512713,35
1344,36.44394,-97.06937,5.0,1.75878,-10805712.840023866,4361880.032443409,2014,5,18,16,45,18.6,2014.3804192524146,35
1345,36.44394,-97.06937,5.0,2.01394,-10805712.840023866,4361880.032443409,2014,5,19,5,6,58.49,2014.3818293688366,35
1348,36.49611,-97.03201,5.0,1.49016,-10801553.94384783,4369101.830240844,2014,5,20,7,46,52.9,2014.3848712481304,13
1349,36.4414,-97.06352,5.0,1.56026,-10805061.621002724,4361528.54890611,2014,5,20,7,50,28.31,2014.3848780740614,39
1351,36.4414,-97.06352,5.0,2.4,-10805061.621002724,4361528.54890611,2014,5,20,12,59,32.0,2014.3854656881385,39
1354,36.44233,-97.07666,3.162,1.6264,-10806524.359111749,4361657.240362192,2014,5,20,23,46,53.67,2014.3866965063883,35
1355,36.44394,-97.06937,5.0,1.46578,-10805712.840023866,4361880.032443409,2014,5,21,9,54,18.75,2014.3878513812838,35
1356,36.4414,-97.06352,5.0,1.6562,-10805061.621002724,4361528.54890611,2014,5,21,13,59,58.64,2014.3883184602125,39
1358,36.44233,-97.07666,3.162,1.40557,-10806524.359111749,4361657.240362192,2014,5,22,1,53,54.93,2014.3896758603316,35
1360,36.44375,-97.07326,5.0,1.33045,-10806145.872843051,4361853.739969634,2014,5,22,5,26,9.87,2014.3900794062286,35
1361,36.44375,-97.07326,5.0,2.03782,-10806145.872843051,4361853.739969634,2014,5,22,5,48,47.65,2014.3901224316805,35
1363,36.44428,-97.07667,5.0,1.24354,-10806525.472306656,4361927.082294018,2014,5,22,6,11,15.15,2014.3901651313788,35
1364,36.45081,-97.07419,5.0,1.47404,-10806249.39996949,4362830.756199406,2014,5,23,0,21,26.26,2014.3922378843765,35
1365,36.45081,-97.07419,5.0,1.41711,-10806249.39996949,4362830.756199406,2014,5,23,0,25,29.39,2014.3922455887014,35
1367,36.44428,-97.07667,5.0,1.23889,-10806525.472306656,4361927.082294018,2014,5,23,3,34,20.14,2014.3926046385022,35
1369,36.47188,-97.04256,5.0,1.63997,-10802728.364475697,4365747.111100278,2014,5,24,0,25,2.14,2014.394982575988,22
1370,36.47188,-97.04256,5.0,1.32887,-10802728.364475697,4365747.111100278,2014,5,24,0,29,47.7,2014.3949916248384,22
1377,36.4476,-97.05848,4.002,1.41324,-10804500.570769127,4362386.5210836325,2014,5,26,3,13,58.26,2014.400779471823,38
1378,36.44609,-97.06158,5.0,1.49908,-10804845.661190586,4362177.55702796,2014,5,26,3,15,30.35,2014.400782389979,38
1380,36.44559,-97.05982,5.0,1.36533,-10804649.73888679,4362108.364528367,2014,5,26,3,23,16.2,2014.4007971518747,38
1381,36.44233,-97.07666,3.162,1.40738,-10806524.359111749,4361657.240362192,2014,5,26,3,32,13.37,2014.4008141737647,35
1382,36.45534,-97.06917,6.673,1.3104,-10805690.576125707,4363457.698715752,2014,5,26,5,26,9.55,2014.4010307992369,23
1383,36.44233,-97.07666,3.162,2.42812,-10806524.359111749,4361657.240362192,2014,5,26,7,10,59.78,2014.4012301245975,35
1384,36.44764,-97.07355,0.001,1.64783,-10806178.155495381,4362392.056610602,2014,5,26,8,55,2.23,2014.4014279359014,35
1385,36.45534,-97.06917,6.673,1.55975,-10805690.576125707,4363457.698715752,2014,5,26,12,29,51.54,2014.4018363734885,23
1386,36.44747,-97.05977,5.0,2.10667,-10804644.17291225,4362368.530640689,2014,5,27,3,27,7.88,2014.403542344158,38
1387,36.4414,-97.06352,5.0,1.43796,-10805061.621002724,4361528.54890611,2014,5,28,6,45,36.08,2014.4066575430325,39
1388,36.4414,-97.06352,5.0,1.67118,-10805061.621002724,4361528.54890611,2014,5,28,9,50,35.45,2014.4070092608436,39
1395,36.3126,-96.9733,5.961,2.3096,-10795018.376543354,4343720.341470066,2014,5,29,23,38,54.2,2014.411321969985,11
1396,36.3126,-96.9733,5.961,2.07238,-10795018.376543354,4343720.341470066,2014,5,29,23,53,16.22,2014.4113492857505,11
1397,36.44379,-97.06431,5.0,1.50939,-10805149.563400453,4361859.275221921,2014,5,31,5,34,10.74,2014.4147353011635,39
1398,36.44747,-97.05977,5.0,2.36494,-10804644.17291225,4362368.530640689,2014,6,1,5,42,50.74,2014.4174896297563,38
1399,36.44416,-97.05222,3.965,1.77157,-10803803.710756762,4361910.476440849,2014,6,1,6,52,16.48,2014.4176216340913,29
1400,36.45364,-97.04443,5.0,2.02622,-10802936.531923482,4363222.417982528,2014,6,1,8,12,55.13,2014.4177749616574,32
1401,36.49611,-97.03201,5.0,1.76336,-10801553.94384783,4369101.830240844,2014,6,1,8,20,49.53,2014.4177899944864,13
1402,36.49611,-97.03201,5.0,1.51702,-10801553.94384783,4369101.830240844,2014,6,1,8,44,33.74,2014.4178351249777,13
1403,36.49611,-97.03201,5.0,1.59036,-10801553.94384783,4369101.830240844,2014,6,1,9,47,46.1,2014.4179552976145,13
1404,36.47098,-97.0442,5.0,1.55987,-10802910.9284406,4365622.523495137,2014,6,1,12,34,26.82,2014.4182722013081,22
1405,36.44747,-97.05977,5.0,1.67569,-10804644.17291225,4362368.530640689,2014,6,1,16,24,30.49,2014.4187096132152,38
1406,36.44747,-97.05977,5.0,1.6682,-10804644.17291225,4362368.530640689,2014,6,1,17,57,11.71,2014.4188858376428,38
1407,36.44747,-97.05977,5.0,1.86034,-10804644.17291225,4362368.530640689,2014,6,1,18,35,53.54,2014.4189594119957,38
1408,36.44764,-97.07355,0.001,1.88251,-10806178.155495381,4362392.056610602,2014,6,1,18,48,13.85,2014.4189828710041,35
1409,36.45534,-97.06917,6.673,1.64334,-10805690.576125707,4363457.698715752,2014,6,1,18,58,58.11,2014.4190032863717,23
1410,36.44747,-97.05977,5.0,1.64535,-10804644.17291225,4362368.530640689,2014,6,1,19,2,27.1,2014.419009908865,38
1411,36.44747,-97.05977,5.0,2.49862,-10804644.17291225,4362368.530640689,2014,6,1,20,47,15.9,2014.4192091889117,38
1412,36.44747,-97.05977,5.0,1.88323,-10804644.17291225,4362368.530640689,2014,6,1,21,7,9.26,2014.4192470042083,38
1413,36.44747,-97.05977,5.0,2.0944,-10804644.17291225,4362368.530640689,2014,6,1,21,47,39.6,2014.4193240170355,38
1414,36.44747,-97.05977,5.0,2.13816,-10804644.17291225,4362368.530640689,2014,6,2,5,17,25.35,2014.4201791438513,38
1415,36.47098,-97.0442,5.0,1.92135,-10802910.9284406,4365622.523495137,2014,6,2,15,32,51.78,2014.4213492718077,22
1416,36.4414,-97.06352,5.0,1.75446,-10805061.621002724,4361528.54890611,2014,6,2,23,54,57.99,2014.4223039137958,39
1417,36.4414,-97.06352,5.0,2.20999,-10805061.621002724,4361528.54890611,2014,6,3,0,41,12.99,2014.4223918482394,39
1418,36.4414,-97.06352,5.0,3.17832,-10805061.621002724,4361528.54890611,2014,6,3,1,53,5.9,2014.4225285161103,39
1419,36.44609,-97.06158,5.0,1.72361,-10804845.661190586,4362177.55702796,2014,6,3,6,12,18.11,2014.4230213359065,38
1420,36.44559,-97.05982,5.0,1.49772,-10804649.73888679,4362108.364528367,2014,6,3,6,18,35.06,2014.423033280731,38
1421,36.44609,-97.06158,5.0,1.76256,-10804845.661190586,4362177.55702796,2014,6,3,8,7,31.83,2014.423240418473,38
1422,36.44394,-97.06937,5.0,1.5894,-10805712.840023866,4361880.032443409,2014,6,4,3,41,54.76,2014.4254732539864,35
1423,36.45729,-97.06933,5.0,1.48863,-10805708.387244232,4363727.585907475,2014,6,5,7,26,55.62,2014.4286389212107,23
1424,36.44747,-97.05977,5.0,1.71222,-10804644.17291225,4362368.530640689,2014,6,5,7,46,20.75,2014.4286758419526,38
1430,36.46454,-97.05012,5.0,2.20166,-10803569.939826095,4364731.072170448,2014,6,6,10,45,9.43,2014.4317536640935,22
1431,36.49611,-97.03201,5.0,2.3367,-10801553.94384783,4369101.830240844,2014,6,6,11,34,0.09,2014.431846531105,13
1432,36.49611,-97.03201,5.0,1.56252,-10801553.94384783,4369101.830240844,2014,6,6,19,42,38.02,2014.4327755602453,13
1433,36.49611,-97.03201,5.0,1.50729,-10801553.94384783,4369101.830240844,2014,6,7,22,32,4.45,2014.4358355657591,13
1434,36.36587,-97.06562,5.477,1.37768,-10805295.39193339,4351082.008322189,2014,6,8,9,50,40.4,2014.4371257763582,3
1435,36.49611,-97.03201,5.0,2.2229,-10801553.94384783,4369101.830240844,2014,6,9,17,56,6.5,2014.4407865775597,13
1441,36.41734,-96.89167,4.466,1.28938,-10785931.366509901,4358199.712301916,2014,6,13,11,5,44.98,2014.4509577718204,54
1443,36.37885,-96.94409,7.399,1.85883,-10791766.734217284,4352876.547484927,2014,6,14,21,14,42.74,2014.4548534343548,15
1444,36.34714,-96.83799,5.0,1.39802,-10779955.73624412,4348493.035215626,2014,6,15,1,44,11.59,2014.4553657942936,1
1445,36.34714,-96.83799,5.0,1.61079,-10779955.73624412,4348493.035215626,2014,6,15,2,25,28.59,2014.4554442856872,1
1446,36.34714,-96.83799,5.0,1.66008,-10779955.73624412,4348493.035215626,2014,6,15,2,37,49.13,2014.4554677519836,1
1447,36.34714,-96.83799,5.0,1.56539,-10779955.73624412,4348493.035215626,2014,6,15,2,43,0.08,2014.4554776053947,1
1448,36.37885,-96.94409,7.399,1.61641,-10791766.734217284,4352876.547484927,2014,6,15,3,34,57.09,2014.455576377481,15
1449,36.34705,-97.07486,5.0,1.78353,-10806323.98402832,4348480.596378728,2014,6,16,8,38,42.32,2014.458891750957,8
1450,36.34705,-97.07486,5.0,2.06206,-10806323.98402832,4348480.596378728,2014,6,16,10,28,4.4,2014.4590996907243,8
1451,36.37885,-96.94409,7.399,1.57891,-10791766.734217284,4352876.547484927,2014,6,16,16,52,44.33,2014.4598310495728,15
1452,36.34705,-97.07486,5.0,2.55874,-10806323.98402832,4348480.596378728,2014,6,18,10,27,47.55,2014.4645748583544,8
1453,36.38691,-96.92653,5.0,2.2,-10789811.963958954,4353991.026845783,2014,6,19,2,59,38.0,2014.4664606307197,15
1454,36.31157,-96.8814,4.26,1.32321,-10784788.115339454,4343578.049843824,2014,6,19,3,20,48.85,2014.4665009015262,12
1455,36.38691,-96.92653,5.0,1.23388,-10789811.963958954,4353991.026845783,2014,6,19,3,44,0.76,2014.4665450084924,15
1456,36.47364,-97.0334,5.0,1.35981,-10801708.677940032,4365990.75326433,2014,6,19,9,48,52.3,2014.4672387095343,34
1457,36.47188,-97.04256,5.0,1.65682,-10802728.364475697,4365747.111100278,2014,6,19,9,49,47.1,2014.4672404460416,22
1458,36.47364,-97.0334,5.0,1.63179,-10801708.677940032,4365990.75326433,2014,6,19,10,0,15.38,2014.4672603550334,34
1459,36.47188,-97.04256,5.0,1.43443,-10802728.364475697,4365747.111100278,2014,6,19,13,15,43.17,2014.4676319862726,22
1460,36.34705,-97.07486,5.0,1.85176,-10806323.98402832,4348480.596378728,2014,6,19,22,8,18.9,2014.468644602251,8
1461,36.38691,-96.92653,5.0,1.42032,-10789811.963958954,4353991.026845783,2014,6,20,11,31,31.55,2014.4701717351763,15
1462,36.34705,-97.07486,5.0,1.83435,-10806323.98402832,4348480.596378728,2014,6,20,18,13,13.85,2014.4709354909753,8
1463,36.34705,-97.07486,5.0,2.06588,-10806323.98402832,4348480.596378728,2014,6,21,2,47,46.62,2014.471913790022,8
1464,36.34705,-97.07486,5.0,1.58895,-10806323.98402832,4348480.596378728,2014,6,21,5,13,7.43,2014.4721901358153,8
1465,36.44416,-97.05222,3.965,1.55953,-10803803.710756762,4361910.476440849,2014,6,21,6,45,23.5,2014.4723655632874,29
1466,36.34705,-97.07486,5.0,1.48985,-10806323.98402832,4348480.596378728,2014,6,21,6,48,41.1,2014.4723718248536,8
1467,36.44416,-97.05222,3.965,1.60622,-10803803.710756762,4361910.476440849,2014,6,21,11,36,2.73,2014.472918179139,29
1468,36.34705,-97.07486,5.0,1.6384,-10806323.98402832,4348480.596378728,2014,6,21,12,9,36.1,2014.4729819789845,8
1469,36.34705,-97.07486,5.0,1.89739,-10806323.98402832,4348480.596378728,2014,6,21,21,18,38.7,2014.474025866986,8
1470,36.34705,-97.07486,5.0,2.34232,-10806323.98402832,4348480.596378728,2014,6,21,21,34,9.82,2014.4740553723984,8
1471,36.34705,-97.07486,5.0,1.73049,-10806323.98402832,4348480.596378728,2014,6,21,21,41,36.35,2014.4740695220803,8
1472,36.34705,-97.07486,5.0,2.25752,-10806323.98402832,4348480.596378728,2014,6,21,21,53,54.73,2014.4740929199306,8
1473,36.34705,-97.07486,5.0,2.31978,-10806323.98402832,4348480.596378728,2014,6,21,22,4,0.23,2014.4741121070676,8
1474,36.34705,-97.07486,5.0,1.66294,-10806323.98402832,4348480.596378728,2014,6,21,22,40,52.05,2014.4741821954142,8
1475,36.34705,-97.07486,5.0,1.86476,-10806323.98402832,4348480.596378728,2014,6,21,22,42,15.95,2014.4741848540448,8
1476,36.34705,-97.07486,5.0,2.2192,-10806323.98402832,4348480.596378728,2014,6,21,23,42,9.75,2014.4742987346947,8
1479,36.34705,-97.07486,5.0,2.12477,-10806323.98402832,4348480.596378728,2014,6,22,3,8,54.12,2014.4746918054605,8
1480,36.34705,-97.07486,5.0,1.86406,-10806323.98402832,4348480.596378728,2014,6,22,3,41,30.48,2014.474753798768,8
1481,36.34705,-97.07486,5.0,2.07288,-10806323.98402832,4348480.596378728,2014,6,22,3,51,37.18,2014.4747730239308,8
1482,36.34605,-97.08408,3.273,1.35813,-10807350.349733435,4348342.388047214,2014,6,22,5,15,47.4,2014.4749330557456,9
1483,36.34605,-97.08408,3.273,1.28501,-10807350.349733435,4348342.388047214,2014,6,22,5,46,10.25,2014.4749908183765,9
1484,36.34705,-97.07486,5.0,1.58718,-10806323.98402832,4348480.596378728,2014,6,22,8,59,45.65,2014.4753588881917,8
1486,36.3157,-96.87365,5.0,1.77832,-10783925.389285807,4344148.60916457,2014,6,24,10,58,25.32,2014.481060198494,12
1487,36.34075,-97.05901,3.615,2.05742,-10804559.570099248,4347609.913520133,2014,6,25,0,44,45.3,2014.4826312932541,7
1489,36.38691,-96.92653,5.0,1.77531,-10789811.963958954,4353991.026845783,2014,6,25,3,13,49.81,2014.4829147276726,15
1490,36.44416,-97.05222,3.965,1.52302,-10803803.710756762,4361910.476440849,2014,6,25,7,28,15.71,2014.4833984748523,29
1491,36.34075,-97.05901,3.615,2.58492,-10804559.570099248,4347609.913520133,2014,6,25,9,8,22.23,2014.4835888099856,7
1493,36.34705,-97.07486,5.0,1.64593,-10806323.98402832,4348480.596378728,2014,6,26,10,8,45.07,2014.4864414616447,8
1494,36.44416,-97.05222,3.965,2.53792,-10803803.710756762,4361910.476440849,2014,6,26,11,53,37.41,2014.4866408538671,29
1495,36.31157,-96.8814,4.26,1.43337,-10784788.115339454,4343578.049843824,2014,6,26,20,53,36.59,2014.4876675219282,12
1496,36.34705,-97.07486,5.0,1.84719,-10806323.98402832,4348480.596378728,2014,6,27,1,9,6.15,2014.4881532863717,8
1497,36.34705,-97.07486,5.0,1.61366,-10806323.98402832,4348480.596378728,2014,6,27,1,11,33.05,2014.4881579413516,8
1498,36.3157,-96.87365,5.0,1.90428,-10783925.389285807,4344148.60916457,2014,6,27,2,8,48.52,2014.4882668048267,12
1499,36.34705,-97.07486,5.0,1.73094,-10806323.98402832,4348480.596378728,2014,6,27,2,59,58.35,2014.4883640818693,8
1500,36.45534,-97.06917,6.673,1.60443,-10805690.576125707,4363457.698715752,2014,6,28,5,2,13.92,2014.4913343828428,23
1501,36.34705,-97.07486,5.0,1.65276,-10806323.98402832,4348480.596378728,2014,6,28,11,23,46.87,2014.4920598166527,8
1502,36.34705,-97.07486,5.0,2.17513,-10806323.98402832,4348480.596378728,2014,6,28,13,3,28.15,2014.4922493519787,8
1503,36.34705,-97.07486,5.0,2.30307,-10806323.98402832,4348480.596378728,2014,6,28,16,50,7.87,2014.4926803011,8
1504,36.31336,-96.88219,5.0,1.26566,-10784876.057737181,4343825.334554914,2014,6,28,23,33,30.34,2014.493447231095,12
1505,36.31157,-96.8814,4.26,1.40016,-10784788.115339454,4343578.049843824,2014,6,29,0,29,31.14,2014.4935537284205,12
1506,36.31157,-96.8814,4.26,1.58217,-10784788.115339454,4343578.049843824,2014,6,29,0,34,6.41,2014.4935624512004,12
1507,36.34705,-97.07486,5.0,2.19672,-10806323.98402832,4348480.596378728,2014,6,29,0,34,53.48,2014.4935639427586,8
1508,36.31336,-96.88219,5.0,1.239,-10784876.057737181,4343825.334554914,2014,6,29,7,55,34.57,2014.4944018103404,12
1510,36.31336,-96.88219,5.0,1.73822,-10784876.057737181,4343825.334554914,2014,6,29,20,45,4.83,2014.4958648575937,12
1511,36.3157,-96.87365,5.0,1.43498,-10783925.389285807,4344148.60916457,2014,6,29,22,45,31.0,2014.4960938411032,12
1513,36.31336,-96.88219,5.0,1.93204,-10784876.057737181,4343825.334554914,2014,6,30,10,6,38.87,2014.4973888657566,12
1514,36.34705,-97.07486,5.0,1.68421,-10806323.98402832,4348480.596378728,2014,6,30,11,49,49.93,2014.4975850486096,8
1515,36.3157,-96.87365,5.0,1.8121,-10783925.389285807,4344148.60916457,2014,7,1,1,14,52.76,2014.4991156729282,12
1516,36.34705,-97.07486,5.0,1.96422,-10806323.98402832,4348480.596378728,2014,7,1,10,10,26.18,2014.500133919563,8
1517,36.45534,-97.06917,6.673,2.01916,-10805690.576125707,4363457.698715752,2014,7,1,12,2,18.1,2014.5003466074734,23
1518,36.45534,-97.06917,6.673,1.53716,-10805690.576125707,4363457.698715752,2014,7,1,12,14,23.77,2014.500369602568,23
1519,36.44416,-97.05222,3.965,2.07418,-10803803.710756762,4361910.476440849,2014,7,1,14,34,11.63,2014.5006353978122,29
1520,36.38495,-96.93592,5.0,1.79063,-10790857.253977504,4353720.001383545,2014,7,2,6,11,55.39,2014.5024182887798,15
1521,36.38495,-96.93592,5.0,1.79024,-10790857.253977504,4353720.001383545,2014,7,2,8,33,6.04,2014.502686707481,15
1522,36.38421,-96.93093,5.0,2.01079,-10790301.769718446,4353617.677220296,2014,7,2,8,34,33.52,2014.5026894795549,15
1523,36.39093,-96.93241,3.103,1.61062,-10790466.52256482,4354546.926977808,2014,7,2,8,38,0.61,2014.5026960418409,15
1524,36.38495,-96.93592,5.0,1.84024,-10790857.253977504,4353720.001383545,2014,7,2,8,39,9.87,2014.502698236558,15
1525,36.39093,-96.93241,3.103,1.60638,-10790466.52256482,4354546.926977808,2014,7,2,8,53,14.38,2014.502724997465,15
1526,36.39093,-96.93241,3.103,1.52994,-10790466.52256482,4354546.926977808,2014,7,2,8,54,8.2,2014.502726702918,15
1527,36.38495,-96.93592,5.0,1.84292,-10790857.253977504,4353720.001383545,2014,7,2,8,56,33.76,2014.502731315436,15
1528,36.39093,-96.93241,3.103,1.62582,-10790466.52256482,4354546.926977808,2014,7,2,8,57,37.9,2014.50273334791,15
1529,36.38495,-96.93592,5.0,1.73574,-10790857.253977504,4353720.001383545,2014,7,2,8,59,8.24,2014.5027362106116,15
1530,36.38495,-96.93592,5.0,1.96073,-10790857.253977504,4353720.001383545,2014,7,2,9,8,46.78,2014.502754543438,15
1531,36.39093,-96.93241,3.103,1.7622,-10790466.52256482,4354546.926977808,2014,7,2,9,10,9.66,2014.5027571697467,15
1532,36.38421,-96.93093,5.0,1.83457,-10790301.769718446,4353617.677220296,2014,7,2,9,16,25.69,2014.5027690854183,15
1533,36.31569,-96.97282,5.0,1.59869,-10794964.943187775,4344147.227628499,2014,7,2,9,17,19.71,2014.502770797209,11
1534,36.34705,-97.07486,5.0,1.71652,-10806323.98402832,4348480.596378728,2014,7,2,9,24,16.95,2014.5027840187468,8
1535,36.39093,-96.93241,3.103,1.64967,-10790466.52256482,4354546.926977808,2014,7,2,9,40,31.49,2014.5028149000557,15
1536,36.39093,-96.93241,3.103,1.44512,-10790466.52256482,4354546.926977808,2014,7,2,9,47,41.77,2014.5028285348062,15
1537,36.39093,-96.93241,3.103,1.51275,-10790466.52256482,4354546.926977808,2014,7,2,9,52,4.42,2014.5028368576825,15
1538,36.38495,-96.93592,5.0,2.3,-10790857.253977504,4353720.001383545,2014,7,2,10,17,3.0,2014.5028843448172,15
1539,36.38421,-96.93093,5.0,1.72207,-10790301.769718446,4353617.677220296,2014,7,2,10,20,46.56,2014.502891429006,15
1540,36.39093,-96.93241,3.103,1.97568,-10790466.52256482,4354546.926977808,2014,7,2,10,22,2.84,2014.5028938461733,15
1541,36.38421,-96.93093,5.0,1.96687,-10790301.769718446,4353617.677220296,2014,7,2,12,34,25.52,2014.5031455345147,15
1542,36.39093,-96.93241,3.103,1.9384,-10790466.52256482,4354546.926977808,2014,7,2,13,0,27.01,2014.503195015147,15
1543,36.39093,-96.93241,3.103,1.8305,-10790466.52256482,4354546.926977808,2014,7,2,13,4,57.96,2014.5032036010343,15
1544,36.39093,-96.93241,3.103,1.71204,-10790466.52256482,4354546.926977808,2014,7,2,13,35,56.86,2014.5032625060207,15
1545,36.39093,-96.93241,3.103,1.74614,-10790466.52256482,4354546.926977808,2014,7,2,14,52,40.68,2014.5034083922733,15
1546,36.39093,-96.93241,3.103,2.20707,-10790466.52256482,4354546.926977808,2014,7,2,17,20,18.93,2014.503689093277,15
1547,36.38421,-96.93093,5.0,1.71964,-10790301.769718446,4353617.677220296,2014,7,2,18,10,0.26,2014.5037835659239,15
1548,36.31569,-96.97282,5.0,1.44977,-10794964.943187775,4344147.227628499,2014,7,2,18,20,24.95,2014.5038033611554,11
1549,36.38598,-96.92804,5.0,2.49805,-10789980.056390053,4353862.427177749,2014,7,2,19,52,11.19,2014.503977843372,15
1550,36.38598,-96.92804,5.0,1.46487,-10789980.056390053,4353862.427177749,2014,7,2,22,19,26.02,2014.504257802241,15
1551,36.39093,-96.93241,3.103,2.0871,-10790466.52256482,4354546.926977808,2014,7,2,23,12,41.44,2014.5043590589905,15
1552,36.38598,-96.92804,5.0,1.55727,-10789980.056390053,4353862.427177749,2014,7,3,0,2,1.59,2014.5044528604838,15
1555,36.44379,-97.06431,5.0,1.53556,-10805149.563400453,4361859.275221921,2014,7,3,6,36,39.72,2014.5052031751463,39
1556,36.4476,-97.05848,4.002,1.54005,-10804500.570769127,4362386.5210836325,2014,7,3,10,2,17.32,2014.5055941300986,38
1557,36.44853,-97.07612,5.0,1.51705,-10806464.246586721,4362515.222823956,2014,7,3,11,13,28.62,2014.505729479428,35
1558,36.3829,-96.93073,3.428,1.58179,-10790279.505820286,4353436.538183897,2014,7,3,15,3,31.93,2014.5061668799276,15
1559,36.3829,-96.93073,3.428,1.70798,-10790279.505820286,4353436.538183897,2014,7,3,15,4,33.02,2014.5061688157527,15
1560,36.39093,-96.93241,3.103,1.69058,-10790466.52256482,4354546.926977808,2014,7,3,15,34,50.39,2014.5062264047328,15
1561,36.3829,-96.93073,3.428,1.64021,-10790279.505820286,4353436.538183897,2014,7,3,15,46,55.59,2014.506249384934,15
1562,36.38421,-96.93093,5.0,3.0,-10790301.769718446,4353617.677220296,2014,7,3,16,9,3.0,2014.5062914480188,15
1563,36.38598,-96.92804,5.0,1.73317,-10789980.056390053,4353862.427177749,2014,7,3,16,39,11.43,2014.5063487537075,15
1564,36.3829,-96.93073,3.428,2.0,-10790279.505820286,4353436.538183897,2014,7,3,19,11,58.0,2014.5066392247827,15
1565,36.39093,-96.93241,3.103,1.64708,-10790466.52256482,4354546.926977808,2014,7,3,19,52,9.37,2014.506715636487,15
1566,36.39093,-96.93241,3.103,1.63988,-10790466.52256482,4354546.926977808,2014,7,3,22,6,14.08,2014.5069705579638,15
1567,36.31569,-96.97282,5.0,1.113,-10794964.943187775,4344147.227628499,2014,7,3,22,9,14.34,2014.5069762700587,11
1568,36.39093,-96.93241,3.103,1.5609,-10790466.52256482,4354546.926977808,2014,7,3,22,12,10.05,2014.5069818379725,15
1569,36.38598,-96.92804,5.0,1.57023,-10789980.056390053,4353862.427177749,2014,7,3,22,45,23.13,2014.5070449948664,15
1570,36.38491,-96.92532,5.0,1.49588,-10789677.267375095,4353714.470322795,2014,7,4,8,55,23.79,2014.5082047997946,15
1571,36.38491,-96.92532,5.0,1.57866,-10789677.267375095,4353714.470322795,2014,7,4,11,56,56.24,2014.5085499607067,15
1572,36.39093,-96.93241,3.103,2.2,-10790466.52256482,4354546.926977808,2014,7,4,19,9,22.0,2014.509372132228,15
1573,36.39093,-96.93241,3.103,1.46737,-10790466.52256482,4354546.926977808,2014,7,5,4,18,52.41,2014.5104169014753,15
1574,36.38491,-96.92532,5.0,2.00816,-10789677.267375095,4353714.470322795,2014,7,5,4,39,8.04,2014.5104554224656,15
1575,36.38491,-96.92532,5.0,1.63111,-10789677.267375095,4353714.470322795,2014,7,5,5,39,52.74,2014.5105709160393,15
1577,36.38491,-96.92532,5.0,2.08712,-10789677.267375095,4353714.470322795,2014,7,5,5,56,29.45,2014.5106024998734,15
1578,36.38491,-96.92532,5.0,1.65463,-10789677.267375095,4353714.470322795,2014,7,5,7,22,36.95,2014.510766248067,15
1579,36.38491,-96.92532,5.0,2.00906,-10789677.267375095,4353714.470322795,2014,7,5,8,4,19.44,2014.51084554719,15
1580,36.39093,-96.93241,3.103,1.43333,-10790466.52256482,4354546.926977808,2014,7,5,8,33,16.44,2014.5109005893985,15
1581,36.38491,-96.92532,5.0,2.1013,-10789677.267375095,4353714.470322795,2014,7,5,8,51,44.85,2014.510935712792,15
1582,36.39093,-96.93241,3.103,1.42027,-10790466.52256482,4354546.926977808,2014,7,5,9,7,53.32,2014.5109664017543,15
1583,36.38491,-96.92532,5.0,1.55775,-10789677.267375095,4353714.470322795,2014,7,5,9,16,4.84,2014.5109819770832,15
1584,36.38491,-96.92532,5.0,1.91286,-10789677.267375095,4353714.470322795,2014,7,5,10,19,24.88,2014.5111023930845,15
1585,36.39093,-96.93241,3.103,1.39807,-10790466.52256482,4354546.926977808,2014,7,5,11,2,12.27,2014.511183748764,15
1586,36.38491,-96.92532,5.0,2.3287,-10789677.267375095,4353714.470322795,2014,7,5,11,14,53.96,2014.5112078852637,15
1587,36.38491,-96.92532,5.0,2.11262,-10789677.267375095,4353714.470322795,2014,7,5,12,12,25.99,2014.5113172734937,15
1588,36.39093,-96.93241,3.103,1.58537,-10790466.52256482,4354546.926977808,2014,7,5,13,10,50.9,2014.5114283373894,15
1589,36.38491,-96.92532,5.0,2.6,-10789677.267375095,4353714.470322795,2014,7,5,13,51,31.0,2014.5115056594925,15
1591,36.38491,-96.92532,5.0,2.1603,-10789677.267375095,4353714.470322795,2014,7,5,17,54,42.23,2014.51196802767,15
1592,36.38491,-96.92532,5.0,2.224,-10789677.267375095,4353714.470322795,2014,7,5,21,18,9.43,2014.5123548504955,15
1593,36.39093,-96.93241,3.103,1.95835,-10790466.52256482,4354546.926977808,2014,7,6,7,20,44.47,2014.513500534578,15
1594,36.38491,-96.92532,5.0,1.51367,-10789677.267375095,4353714.470322795,2014,7,6,10,6,18.3,2014.5138153186554,15
1596,36.38491,-96.92532,5.0,2.60666,-10789677.267375095,4353714.470322795,2014,7,6,18,22,7.89,2014.5147580262758,15
1597,36.30834,-96.97057,5.0,1.65317,-10794714.47433349,4343131.846545652,2014,7,7,3,26,26.82,2014.5157929253176,11
1598,36.39093,-96.93241,3.103,1.74872,-10790466.52256482,4354546.926977808,2014,7,7,20,17,29.06,2014.5177151957057,15
1600,36.39093,-96.93241,3.103,1.42217,-10790466.52256482,4354546.926977808,2014,7,8,6,6,57.08,2014.5188359406293,15
1603,36.45534,-97.06917,6.673,1.25608,-10805690.576125707,4363457.698715752,2014,7,10,5,43,15.12,2014.52426658301,23
1604,36.44747,-97.05977,5.0,1.60876,-10804644.17291225,4362368.530640689,2014,7,10,6,18,1.66,2014.5243327014728,38
1605,36.44747,-97.05977,5.0,1.58979,-10804644.17291225,4362368.530640689,2014,7,10,6,36,2.7,2014.5243669575634,38
1614,36.49611,-97.03201,5.0,1.39788,-10801553.94384783,4369101.830240844,2014,7,11,10,31,15.64,2014.5275520204325,13
1615,36.44375,-97.07326,5.0,1.51144,-10806145.872843051,4361853.739969634,2014,7,11,15,4,46.17,2014.5280720387482,35
1617,36.34705,-97.07486,5.0,1.68248,-10806323.98402832,4348480.596378728,2014,7,11,21,11,19.45,2014.5287689637362,8
1619,36.32156,-96.96742,5.0,1.45398,-10794363.817937491,4344958.219786593,2014,7,12,1,37,47.83,2014.5292756049255,11
1622,36.34307,-96.84331,6.094,0.874491,-10780547.95593514,4347930.537744501,2014,7,13,4,53,44.36,2014.5323859976677,1
1623,36.34307,-96.84331,6.094,1.25256,-10780547.95593514,4347930.537744501,2014,7,13,13,32,4.04,2014.5333714870585,1
1624,36.34307,-96.84331,6.094,1.98419,-10780547.95593514,4347930.537744501,2014,7,13,15,33,37.5,2014.5336026028594,1
1625,36.34307,-96.84331,6.094,1.46043,-10780547.95593514,4347930.537744501,2014,7,13,15,38,3.96,2014.5336110464675,1
1626,36.34307,-96.84331,6.094,0.917297,-10780547.95593514,4347930.537744501,2014,7,13,17,38,24.92,2014.5338398648819,1
1627,36.31877,-96.97686,4.579,1.60501,-10795414.67393058,4344572.7491178475,2014,7,13,22,57,8.96,2014.5344458691409,11
1628,36.31877,-96.97686,4.579,1.34716,-10795414.67393058,4344572.7491178475,2014,7,13,23,38,45.32,2014.5345249740158,11
1629,36.31569,-96.97282,5.0,2.0,-10794964.943187775,4344147.227628499,2014,7,14,4,6,4.0,2014.5350332091161,11
1630,36.3173,-96.96794,6.84,2.04767,-10794421.704072703,4344369.6572187655,2014,7,14,4,9,19.84,2014.5350394149111,11
1632,36.31157,-96.8814,4.26,1.3708,-10784788.115339454,4343578.049843824,2014,7,14,8,7,25.22,2014.535492091287,12
1633,36.31157,-96.8814,4.26,1.42169,-10784788.115339454,4343578.049843824,2014,7,14,9,28,22.8,2014.5356460187086,12
1634,36.34307,-96.84331,6.094,2.0,-10780547.95593514,4347930.537744501,2014,7,14,11,2,46.0,2014.5358254746875,1
1635,36.34307,-96.84331,6.094,1.35598,-10780547.95593514,4347930.537744501,2014,7,14,11,43,9.18,2014.5359022606283,1
1636,36.34307,-96.84331,6.094,0.978287,-10780547.95593514,4347930.537744501,2014,7,14,12,45,53.54,2014.5360215459984,1
1637,36.34307,-96.84331,6.094,1.17436,-10780547.95593514,4347930.537744501,2014,7,14,17,7,40.54,2014.5365192707936,1
1638,36.34307,-96.84331,6.094,1.19426,-10780547.95593514,4347930.537744501,2014,7,14,21,44,21.78,2014.5370453323446,1
1639,36.34307,-96.84331,6.094,1.22887,-10780547.95593514,4347930.537744501,2014,7,14,23,8,55.71,2014.537206115484,1
1640,36.34307,-96.84331,6.094,1.01418,-10780547.95593514,4347930.537744501,2014,7,15,8,3,44.67,2014.5382229532663,1
1642,36.34307,-96.84331,6.094,1.37986,-10780547.95593514,4347930.537744501,2014,7,16,13,41,13.72,2014.541602457728,1
1643,36.34307,-96.84331,6.094,1.4739,-10780547.95593514,4347930.537744501,2014,7,16,17,12,32.83,2014.5420042344792,1
1644,36.34307,-96.84331,6.094,1.45209,-10780547.95593514,4347930.537744501,2014,7,16,22,23,20.11,2014.5425951311254,1
1645,36.34307,-96.84331,6.094,1.19119,-10780547.95593514,4347930.537744501,2014,7,17,0,42,22.72,2014.5428594924836,1
1646,36.34714,-96.83799,5.0,1.8,-10779955.73624412,4348493.035215626,2014,7,17,1,6,14.0,2014.5429048470098,1
1647,36.34714,-96.83799,5.0,1.28441,-10779955.73624412,4348493.035215626,2014,7,17,1,9,52.33,2014.54291176547,1
1648,36.34714,-96.83799,5.0,1.30974,-10779955.73624412,4348493.035215626,2014,7,17,1,20,20.03,2014.5429316560828,1
1649,36.34714,-96.83799,5.0,1.27889,-10779955.73624412,4348493.035215626,2014,7,17,1,50,39.18,2014.5429893014677,1
1650,36.44559,-97.05982,5.0,1.50294,-10804649.73888679,4362108.364528367,2014,7,17,15,22,36.98,2014.5445330753923,38
1651,36.34605,-97.08408,3.273,1.34482,-10807350.349733435,4348342.388047214,2014,7,20,1,36,57.45,2014.5511768147767,9
1652,36.38598,-96.92804,5.0,2.3,-10789980.056390053,4353862.427177749,2014,7,23,16,43,34.0,2014.5611140897913,15
1653,36.44394,-97.06937,5.0,1.67265,-10805712.840023866,4361880.032443409,2014,7,25,2,7,19.74,2014.564923813598,35
1655,36.44233,-97.07666,3.162,1.84268,-10806524.359111749,4361657.240362192,2014,7,27,18,25,25.99,2014.5722591702158,35
1656,36.31306,-96.86903,5.0,2.4,-10783411.09323834,4343783.88979389,2014,7,28,13,30,20.0,2014.574435952037,12
1657,36.31306,-96.86903,5.0,1.47382,-10783411.09323834,4343783.88979389,2014,7,28,18,30,6.58,2014.5750059123634,12
1658,36.34605,-97.08408,3.273,1.5982,-10807350.349733435,4348342.388047214,2014,7,30,9,7,2.11,2014.5794110486856,9
1659,36.45081,-97.07419,5.0,2.04594,-10806249.39996949,4362830.756199406,2014,7,31,1,58,49.58,2014.5813347523258,35
1660,36.45081,-97.07419,5.0,2.41039,-10806249.39996949,4362830.756199406,2014,7,31,1,59,56.28,2014.5813368659215,35
1661,36.44428,-97.07667,5.0,1.29631,-10806525.472306656,4361927.082294018,2014,7,31,2,58,33.19,2014.5814483100742,35
1664,36.44379,-97.06431,5.0,1.86553,-10805149.563400453,4361859.275221921,2014,8,1,9,8,44.52,2014.584889995437,39
1665,36.44379,-97.06431,5.0,2.7,-10805149.563400453,4361859.275221921,2014,8,1,10,42,53.0,2014.5850689849672,39
1666,36.44379,-97.06431,5.0,2.67254,-10805149.563400453,4361859.275221921,2014,8,1,10,55,4.81,2014.5850921746267,39
1672,36.44379,-97.06431,5.0,1.90421,-10805149.563400453,4361859.275221921,2014,8,4,22,29,39.33,2014.5946263128376,39
1673,36.33905,-97.06159,5.0,1.27693,-10804846.774385493,4347374.979419053,2014,8,5,9,41,49.57,2014.5959043010241,7
1674,36.33905,-97.06159,5.0,1.39958,-10804846.774385493,4347374.979419053,2014,8,5,11,21,0.8,2014.596092884123,7
1676,36.34416,-97.06731,5.0,1.29996,-10805483.521872832,4348081.179147936,2014,8,6,21,25,51.48,2014.5999807171647,7
1677,36.38598,-96.92804,5.0,1.46156,-10789980.056390053,4353862.427177749,2014,8,7,0,28,21.76,2014.600327710599,15
1679,36.44379,-97.06431,5.0,1.65209,-10805149.563400453,4361859.275221921,2014,8,7,8,10,22.46,2014.6012061265749,39
1681,36.44379,-97.06431,5.0,2.11984,-10805149.563400453,4361859.275221921,2014,8,8,9,10,48.24,2014.604058871397,39
1683,36.33905,-97.06159,5.0,2.1,-10804846.774385493,4347374.979419053,2014,8,8,12,48,15.0,2014.6044722982735,7
1690,36.33905,-97.06159,5.0,1.6092,-10804846.774385493,4347374.979419053,2014,8,10,5,2,24.6,2014.6090623051182,7
1691,36.33905,-97.06159,5.0,1.17332,-10804846.774385493,4347374.979419053,2014,8,10,5,9,23.21,2014.6090755700686,7
1693,36.34705,-97.07486,5.0,1.61177,-10806323.98402832,4348480.596378728,2014,8,10,23,20,16.65,2014.6111496644232,8
1695,36.33905,-97.06159,5.0,1.15272,-10804846.774385493,4347374.979419053,2014,8,11,6,52,33.86,2014.6120095907168,7
1696,36.31065,-96.89743,5.0,2.25115,-10786572.566776872,4343450.95600006,2014,8,12,6,34,29.69,2014.6147130862296,12
1697,36.44379,-97.06431,5.0,1.80562,-10805149.563400453,4361859.275221921,2014,8,12,16,18,45.63,2014.6158239419347,39
1698,36.34087,-97.06179,5.0,1.82584,-10804869.038283654,4347626.497297504,2014,8,12,22,16,6.96,2014.6165033766827,7
1699,36.31065,-96.89743,5.0,1.74359,-10786572.566776872,4343450.95600006,2014,8,13,2,23,3.99,2014.6169729000305,12
1700,36.31065,-96.89743,5.0,2.31652,-10786572.566776872,4343450.95600006,2014,8,13,4,32,53.04,2014.6172197201308,12
1701,36.33905,-97.06159,5.0,1.16107,-10804846.774385493,4347374.979419053,2014,8,13,7,19,27.72,2014.6175364324283,7
1702,36.33905,-97.06159,5.0,1.13364,-10804846.774385493,4347374.979419053,2014,8,13,7,46,32.47,2014.617587917649,7
1703,36.31065,-96.89743,5.0,1.5682,-10786572.566776872,4343450.95600006,2014,8,13,9,39,20.95,2014.6178023978375,12
1704,36.31065,-96.89743,5.0,2.0,-10786572.566776872,4343450.95600006,2014,8,13,13,25,21.0,2014.6182320898927,12
1706,36.44612,-97.06485,5.0,2.37989,-10805209.67592548,4362181.708592116,2014,8,15,17,26,54.88,2014.6241670748093,38
1707,36.45729,-97.06933,5.0,2.1867,-10805708.387244232,4363727.585907475,2014,8,15,17,34,48.86,2014.6241820943292,23
1708,36.45729,-97.06933,5.0,1.50008,-10805708.387244232,4363727.585907475,2014,8,15,17,45,22.18,2014.624202163029,23
1709,36.46681,-97.05469,5.0,1.68383,-10804078.66989902,4365045.286468915,2014,8,15,18,18,38.31,2014.6242654165717,22
1710,36.41348,-96.89058,5.0,1.25362,-10785810.028264936,4357665.755557873,2014,8,15,22,8,58.97,2014.6247033668594,54
1711,36.35283,-96.82906,4.587,2.1827,-10778961.653191335,4349279.475317184,2014,8,16,8,46,6.22,2014.6259147153141,1
1712,36.3157,-96.87365,5.0,1.50493,-10783925.389285807,4344148.60916457,2014,8,16,15,26,13.3,2014.6266754537735,12
1713,36.31373,-96.86987,5.0,1.89118,-10783504.601610608,4343876.449979822,2014,8,16,17,32,55.3,2014.626916346617,12
1714,36.31373,-96.86987,5.0,1.69591,-10783504.601610608,4343876.449979822,2014,8,16,17,37,38.87,2014.626925332408,12
1715,36.31373,-96.86987,5.0,1.55335,-10783504.601610608,4343876.449979822,2014,8,16,19,42,29.92,2014.6271627094582,12
1716,36.3157,-96.87365,5.0,1.48324,-10783925.389285807,4344148.60916457,2014,8,16,20,48,29.97,2014.6272881958705,12
1717,36.3157,-96.87365,5.0,1.31888,-10783925.389285807,4344148.60916457,2014,8,16,21,10,50.98,2014.6273306899132,12
1718,36.33905,-97.06159,5.0,1.39957,-10804846.774385493,4347374.979419053,2014,8,16,22,12,57.28,2014.6274487692347,7
1719,36.3157,-96.87365,5.0,1.76081,-10783925.389285807,4344148.60916457,2014,8,17,1,1,22.58,2014.6277689868684,12
1720,36.3157,-96.87365,5.0,1.39063,-10783925.389285807,4344148.60916457,2014,8,17,3,35,56.07,2014.628062846034,12
1721,36.3157,-96.87365,5.0,1.60265,-10783925.389285807,4344148.60916457,2014,8,17,4,48,47.99,2014.6282013838188,12
1722,36.31336,-96.88219,5.0,1.06323,-10784876.057737181,4343825.334554914,2014,8,17,4,52,16.02,2014.6282079758917,12
1723,36.31157,-96.8814,4.26,1.77576,-10784788.115339454,4343578.049843824,2014,8,17,7,27,30.12,2014.6285031219104,12
1724,36.31336,-96.88219,5.0,1.13744,-10784876.057737181,4343825.334554914,2014,8,17,8,23,40.66,2014.628609927878,12
1725,36.44853,-97.07612,5.0,1.43034,-10806464.246586721,4362515.222823956,2014,8,17,10,20,17.52,2014.628831644992,35
1726,36.3157,-96.87365,5.0,1.28987,-10783925.389285807,4344148.60916457,2014,8,17,13,52,23.73,2014.629234914252,12
1728,36.31373,-96.86987,5.0,1.36394,-10783504.601610608,4343876.449979822,2014,8,17,15,28,40.8,2014.6294179785534,12
1729,36.31373,-96.86987,5.0,1.58428,-10783504.601610608,4343876.449979822,2014,8,17,20,33,29.69,2014.629997518506,12
1730,36.31373,-96.86987,5.0,1.36025,-10783504.601610608,4343876.449979822,2014,8,17,20,48,25.92,2014.6300259183208,12
1731,36.31373,-96.86987,5.0,1.2392,-10783504.601610608,4343876.449979822,2014,8,17,20,52,36.91,2014.630033871714,12
1732,36.31373,-96.86987,5.0,1.2618,-10783504.601610608,4343876.449979822,2014,8,17,21,29,12.51,2014.6301034460796,12
1733,36.31373,-96.86987,5.0,2.0,-10783504.601610608,4343876.449979822,2014,8,17,22,0,33.0,2014.6301630352118,12
1736,36.3157,-96.87365,5.0,1.52385,-10783925.389285807,4344148.60916457,2014,8,18,2,56,3.48,2014.630724880219,12
1737,36.3157,-96.87365,5.0,1.58074,-10783925.389285807,4344148.60916457,2014,8,18,2,57,51.91,2014.6307283161584,12
1741,36.31157,-96.8814,4.26,1.1696,-10784788.115339454,4343578.049843824,2014,8,18,4,4,28.16,2014.6308549496794,12
1749,36.31373,-96.86987,5.0,1.28115,-10783504.601610608,4343876.449979822,2014,8,18,10,1,18.62,2014.631533406216,12
1750,36.3157,-96.87365,5.0,1.60275,-10783925.389285807,4344148.60916457,2014,8,18,16,40,43.46,2014.6322928061702,12
1751,36.31336,-96.88219,5.0,1.67958,-10784876.057737181,4343825.334554914,2014,8,18,16,47,14.92,2014.6323052107891,12
1753,36.33905,-97.06159,5.0,1.75499,-10804846.774385493,4347374.979419053,2014,8,18,22,56,25.96,2014.6330071348898,7
1754,36.3157,-96.87365,5.0,1.83054,-10783925.389285807,4344148.60916457,2014,8,18,23,36,1.05,2014.6330823969504,12
1755,36.31336,-96.88219,5.0,2.05566,-10784876.057737181,4343825.334554914,2014,8,19,0,36,38.12,2014.6331976487438,12
1756,36.3157,-96.87365,5.0,1.47974,-10783925.389285807,4344148.60916457,2014,8,19,8,35,13.01,2014.6341075686998,12
1757,36.31373,-96.86987,5.0,1.22866,-10783504.601610608,4343876.449979822,2014,8,19,9,14,24.06,2014.6341820689786,12
1758,36.31373,-96.86987,5.0,1.43452,-10783504.601610608,4343876.449979822,2014,8,19,9,18,11.63,2014.6341892802368,12
1759,36.3157,-96.87365,5.0,2.06649,-10783925.389285807,4344148.60916457,2014,8,19,21,50,36.83,2014.6356198452988,12
1760,36.31373,-96.86987,5.0,1.91627,-10783504.601610608,4343876.449979822,2014,8,19,22,43,46.21,2014.6357209106523,12
1761,36.31157,-96.8814,4.26,1.90318,-10784788.115339454,4343578.049843824,2014,8,20,2,33,14.54,2014.6361572027024,12
1762,36.31157,-96.8814,4.26,1.42777,-10784788.115339454,4343578.049843824,2014,8,20,4,46,19.98,2014.6364102460263,12
1763,36.31157,-96.8814,4.26,2.19433,-10784788.115339454,4343578.049843824,2014,8,20,4,48,45.99,2014.636414872804,12
1766,36.31336,-96.88219,5.0,2.11448,-10784876.057737181,4343825.334554914,2014,8,20,11,24,40.97,2014.6371676226963,12
1767,36.3157,-96.87365,5.0,2.2,-10783925.389285807,4344148.60916457,2014,8,20,18,57,16.0,2014.6380281136715,12
1768,36.34087,-97.06179,5.0,1.46751,-10804869.038283654,4347626.497297504,2014,8,20,23,5,53.2,2014.638500811215,7
1779,36.31336,-96.88219,5.0,1.7,-10784876.057737181,4343825.334554914,2014,8,21,16,37,42.0,2014.6405006084112,12
1780,36.31336,-96.88219,5.0,1.20788,-10784876.057737181,4343825.334554914,2014,8,22,4,53,45.62,2014.64190006908,12
1782,36.34087,-97.06179,5.0,2.4,-10804869.038283654,4347626.497297504,2014,8,22,19,22,19.0,2014.6435514424418,7
1784,36.3157,-96.87365,5.0,2.20261,-10783925.389285807,4344148.60916457,2014,8,23,21,5,33.81,2014.646485594912,12
1785,36.3157,-96.87365,5.0,1.45911,-10783925.389285807,4344148.60916457,2014,8,23,21,19,26.01,2014.646511965739,12
1787,36.34678,-97.08654,3.146,1.25663,-10807624.195680786,4348443.279954296,2014,8,24,3,50,57.72,2014.6472563731081,9
1790,36.3157,-96.87365,5.0,2.44175,-10783925.389285807,4344148.60916457,2014,8,24,12,22,37.65,2014.6482291951859,12
1791,36.31336,-96.88219,5.0,1.24455,-10784876.057737181,4343825.334554914,2014,8,24,12,25,59.97,2014.6482356063198,12
1793,36.31157,-96.8814,4.26,2.9,-10784788.115339454,4343578.049843824,2014,8,25,14,49,44.0,2014.651246736127,12
1794,36.34705,-97.07486,5.0,1.91765,-10806323.98402832,4348480.596378728,2014,8,25,18,47,2.35,2014.6516979222122,8
1795,36.34087,-97.06179,5.0,1.43404,-10804869.038283654,4347626.497297504,2014,8,26,6,15,14.14,2014.6530063800797,7
1800,36.31157,-96.8814,4.26,1.39343,-10784788.115339454,4343578.049843824,2014,8,27,21,52,48.75,2014.6575268318884,12
1801,36.31373,-96.86987,5.0,1.59686,-10783504.601610608,4343876.449979822,2014,8,29,16,51,39.43,2014.6624299512637,12
1802,36.31877,-96.97686,4.579,1.31038,-10795414.67393058,4344572.7491178475,2014,8,30,9,27,14.66,2014.6643228464775,11
1804,36.37313,-96.96766,3.838,1.61726,-10794390.534615282,4352085.696714776,2014,8,31,2,2,1.8,2014.6662142178113,15
1805,36.31157,-96.8814,4.26,1.60415,-10784788.115339454,4343578.049843824,2014,9,1,7,33,40.35,2014.669582615598,12
1806,36.34714,-96.83799,5.0,1.53679,-10779955.73624412,4348493.035215626,2014,9,1,11,45,53.05,2014.6700621419245,1
1807,36.34714,-96.83799,5.0,1.42704,-10779955.73624412,4348493.035215626,2014,9,1,15,14,47.02,2014.6704593194665,1
1808,36.34307,-96.84331,6.094,1.14286,-10780547.95593514,4347930.537744501,2014,9,1,15,16,2.38,2014.6704617074809,1
1809,36.34307,-96.84331,6.094,1.53277,-10780547.95593514,4347930.537744501,2014,9,1,15,16,58.02,2014.6704634706061,1
1811,36.46501,-97.09336,5.0,1.63615,-10808383.394607997,4364796.129001246,2014,9,3,8,18,21.14,2014.6751432662813,14
1812,36.417,-96.8655,3.977,2.32802,-10783018.13543584,4358152.678776818,2014,9,3,8,56,15.11,2014.6752153240425,57
1813,36.31194,-97.04271,7.3,1.42829,-10802745.062399317,4343629.164095149,2014,9,3,11,47,32.05,2014.6755409806196,0
1814,36.31194,-97.04271,7.3,1.59309,-10802745.062399317,4343629.164095149,2014,9,3,12,2,5.45,2014.6755686569954,0
1815,36.31194,-97.04271,7.3,1.4755,-10802745.062399317,4343629.164095149,2014,9,3,21,5,56.5,2014.6766026725734,0
1817,36.33905,-97.06159,5.0,1.35504,-10804846.774385493,4347374.979419053,2014,9,5,15,14,18.9,2014.681409831546,7
1827,36.33905,-97.06159,5.0,1.24313,-10804846.774385493,4347374.979419053,2014,9,6,2,20,49.66,2014.6826770622608,7
1832,36.34705,-97.07486,5.0,2.10822,-10806323.98402832,4348480.596378728,2014,9,6,16,13,11.2,2014.6842596141657,8
1833,36.33905,-97.06159,5.0,1.9781,-10804846.774385493,4347374.979419053,2014,9,6,20,8,9.51,2014.6847063626512,7
1835,36.33905,-97.06159,5.0,1.56524,-10804846.774385493,4347374.979419053,2014,9,7,11,59,13.0,2014.6865145955333,7
1836,36.31877,-96.97686,4.579,2.7,-10795414.67393058,4344572.7491178475,2014,9,8,20,16,30.0,2014.6901979237964,11
1837,36.3169,-96.97684,5.0,2.7,-10795412.447540764,4344314.394779858,2014,9,8,20,39,35.0,2014.6902418117982,11
1838,36.31877,-96.97686,4.579,1.62647,-10795414.67393058,4344572.7491178475,2014,9,8,20,48,28.69,2014.6902587234138,11
1839,36.3169,-96.97684,5.0,2.07825,-10795412.447540764,4344314.394779858,2014,9,8,20,54,51.53,2014.6902708548812,11
1840,36.32156,-96.96742,5.0,1.53255,-10794363.817937491,4344958.219786593,2014,9,8,22,24,19.04,2014.6904409410095,11
1841,36.34705,-97.07486,5.0,1.65123,-10806323.98402832,4348480.596378728,2014,9,8,23,31,30.65,2014.690568695021,8
1842,36.32156,-96.96742,5.0,1.83439,-10794363.817937491,4344958.219786593,2014,9,8,23,32,11.07,2014.6905699758536,11
1843,36.3169,-96.97684,5.0,1.35193,-10795412.447540764,4344314.394779858,2014,9,8,23,50,37.0,2014.6906050206605,11
1844,36.32156,-96.96742,5.0,1.59307,-10794363.817937491,4344958.219786593,2014,9,9,0,27,13.97,2014.6906746384388,11
1845,36.33056,-96.78781,5.0,2.09165,-10774369.72419611,4346201.767620095,2014,9,9,2,17,15.08,2014.6908838149923,5
1846,36.33227,-96.79404,5.0,1.82223,-10775063.244623752,4346438.057946974,2014,9,9,3,14,25.0,2014.6909925025984,5
1847,36.32156,-96.96742,5.0,1.52298,-10794363.817937491,4344958.219786593,2014,9,9,7,2,0.79,2014.6914252284712,11
1848,36.55264,-97.04973,7.112,1.30012,-10803526.525224686,4376932.669083382,2014,9,9,8,1,36.4,2014.6915385327147,6
1850,36.32156,-96.96742,5.0,2.0,-10794363.817937491,4344958.219786593,2014,9,9,15,16,1.0,2014.6923644700485,11
1851,36.44598,-97.0583,4.322,2.30706,-10804480.533260785,4362162.3346397905,2014,9,9,15,41,56.99,2014.6924137763963,38
1852,36.34705,-97.07486,5.0,1.9194,-10806323.98402832,4348480.596378728,2014,9,10,1,43,51.5,2014.6935581761604,8
1854,36.33905,-97.06159,5.0,1.24427,-10804846.774385493,4347374.979419053,2014,9,11,8,33,56.59,2014.6970757152,7
1855,36.34705,-97.07486,5.0,1.57481,-10806323.98402832,4348480.596378728,2014,9,11,9,54,15.62,2014.697228421046,8
1860,36.55264,-97.04973,7.112,1.50804,-10803526.525224686,4376932.669083382,2014,9,15,15,21,48.96,2014.7088026009583,6
1861,36.55264,-97.04973,7.112,1.60514,-10803526.525224686,4376932.669083382,2014,9,15,15,22,28.88,2014.7088038659467,6
1862,36.55264,-97.04973,7.112,2.5,-10803526.525224686,4376932.669083382,2014,9,15,15,34,54.0,2014.7088274773746,6
1863,36.55264,-97.04973,7.112,2.3462,-10803526.525224686,4376932.669083382,2014,9,15,15,46,42.73,2014.7088499356732,6
1864,36.55264,-97.04973,7.112,1.53054,-10803526.525224686,4376932.669083382,2014,9,15,16,2,8.77,2014.70887928011,6
1865,36.54786,-97.04613,5.0,1.87616,-10803125.775057832,4376270.296288845,2014,9,15,16,15,17.02,2014.7089042582452,6
1866,36.54786,-97.04613,5.0,1.76284,-10803125.775057832,4376270.296288845,2014,9,15,18,7,54.62,2014.7091183936675,6
1867,36.54786,-97.04613,5.0,1.74154,-10803125.775057832,4376270.296288845,2014,9,15,18,27,59.9,2014.7091565866858,6
1868,36.54786,-97.04613,5.0,2.03812,-10803125.775057832,4376270.296288845,2014,9,15,18,35,1.79,2014.7091699555733,6
1869,36.34087,-97.06179,5.0,1.6734,-10804869.038283654,4347626.497297504,2014,9,15,18,41,13.31,2014.7091817283317,7
1870,36.55264,-97.04973,7.112,1.38349,-10803526.525224686,4376932.669083382,2014,9,15,20,47,42.75,2014.7094222231729,6
1872,36.55264,-97.04973,7.112,1.87704,-10803526.525224686,4376932.669083382,2014,9,16,5,47,35.67,2014.7104486928663,6
1874,36.55264,-97.04973,7.112,2.33584,-10803526.525224686,4376932.669083382,2014,9,16,10,7,59.55,2014.7109437837478,6
1875,36.54786,-97.04613,5.0,2.1,-10803125.775057832,4376270.296288845,2014,9,16,16,38,57.0,2014.7116871054834,6
1876,36.54786,-97.04613,5.0,1.71598,-10803125.775057832,4376270.296288845,2014,9,16,17,33,24.39,2014.7117906428246,6
1877,36.55264,-97.04973,7.112,1.39048,-10803526.525224686,4376932.669083382,2014,9,17,0,4,47.11,2014.712534765318,6
1878,36.46501,-97.09336,5.0,1.97423,-10808383.394607997,4364796.129001246,2014,9,17,12,17,8.17,2014.713927173486,14
1880,36.42345,-97.03632,4.797,1.48493,-10802033.73085315,4359044.967515492,2014,9,18,16,43,12.46,2014.7171709020965,21
1881,36.34087,-97.06179,5.0,1.77609,-10804869.038283654,4347626.497297504,2014,9,19,2,36,17.62,2014.7182985277714,7
1882,36.34087,-97.06179,5.0,1.50353,-10804869.038283654,4347626.497297504,2014,9,19,3,42,33.32,2014.718424510102,7
1885,36.41886,-97.03665,5.842,1.61868,-10802070.46628511,4358409.982343786,2014,9,19,13,48,16.52,2014.7195761566152,21
1890,36.37885,-96.94409,7.399,1.49653,-10791766.734217284,4352876.547484927,2014,9,19,23,48,57.48,2014.7207182257205,15
1891,36.42345,-97.03632,4.797,1.74156,-10802033.73085315,4359044.967515492,2014,9,20,4,27,4.35,2014.7212470007225,21
1892,36.34087,-97.06179,5.0,1.47164,-10804869.038283654,4347626.497297504,2014,9,20,7,55,50.04,2014.7216439158872,7
1893,36.46501,-97.09336,5.0,1.84299,-10808383.394607997,4364796.129001246,2014,9,20,13,40,13.53,2014.7222987023729,14
1894,36.34941,-97.08942,9.162,1.39729,-10807944.79581427,4348806.77507875,2014,9,21,2,6,37.62,2014.7237178245493,9
1898,36.42345,-97.03632,4.797,1.32183,-10802033.73085315,4359044.967515492,2014,9,21,12,9,52.88,2014.7248647831268,21
1900,36.37885,-96.94409,7.399,1.7423,-10791766.734217284,4352876.547484927,2014,9,22,13,2,14.03,2014.7277021709508,15
1901,36.37885,-96.94409,7.399,2.7,-10791766.734217284,4352876.547484927,2014,9,22,19,58,46.0,2014.7284941186908,15
1902,36.41886,-97.03665,5.842,1.70896,-10802070.46628511,4358409.982343786,2014,9,22,21,32,51.49,2014.7286730134738,21
1903,36.37885,-96.94409,7.399,1.68128,-10791766.734217284,4352876.547484927,2014,9,23,9,23,1.87,2014.730023254937,15
1905,36.35432,-97.09295,5.0,2.21937,-10808337.75361677,4349485.424313206,2014,9,23,17,0,48.28,2014.730893612949,10
1906,36.37885,-96.94409,7.399,1.63229,-10791766.734217284,4352876.547484927,2014,9,23,20,51,43.62,2014.7313326621797,15
1908,36.41886,-97.03665,5.842,1.43467,-10802070.46628511,4358409.982343786,2014,9,24,1,0,9.12,2014.7318049889725,21
1910,36.42345,-97.03632,4.797,1.9,-10802033.73085315,4359044.967515492,2014,9,24,1,49,8.0,2014.7318981164601,21
1915,36.38602,-96.94956,5.0,2.0,-10792375.651831923,4353867.95831461,2014,9,24,4,29,15.0,2014.7322025439196,15
1927,36.41886,-97.03665,5.842,1.80262,-10802070.46628511,4358409.982343786,2014,9,24,11,28,47.04,2014.7330001977336,21
1928,36.42345,-97.03632,4.797,1.49503,-10802033.73085315,4359044.967515492,2014,9,25,3,45,23.68,2014.7348570132076,21
1929,36.41833,-97.04029,4.772,1.29876,-10802475.669231597,4358336.664032931,2014,9,25,7,0,0.6,2014.7352270324739,21
1930,36.35432,-97.09295,5.0,1.72499,-10808337.75361677,4349485.424313206,2014,9,25,7,45,7.38,2014.7353128051564,10
1932,36.34941,-97.08942,9.162,1.76088,-10807944.79581427,4348806.77507875,2014,9,25,13,46,5.47,2014.7359991086141,9
1935,36.35493,-97.09195,5.0,1.88949,-10808226.434125978,4349569.74014013,2014,9,25,22,7,33.74,2014.736952548356,10
1936,36.42345,-97.03632,4.797,1.59626,-10802033.73085315,4359044.967515492,2014,9,25,23,45,4.55,2014.737137949337,21
1937,36.41833,-97.04029,4.772,1.84544,-10802475.669231597,4358336.664032931,2014,9,26,1,37,0.21,2014.7373507557609,21
1938,36.41886,-97.03665,5.842,1.44874,-10802070.46628511,4358409.982343786,2014,9,26,6,9,25.85,2014.7378687178366,21
1939,36.41886,-97.03665,5.842,1.50353,-10802070.46628511,4358409.982343786,2014,9,26,6,16,19.96,2014.7378818401905,21
1940,36.41886,-97.03665,5.842,1.28583,-10802070.46628511,4358409.982343786,2014,9,26,6,19,50.87,2014.7378885235253,21
1941,36.41833,-97.04029,4.772,1.31112,-10802475.669231597,4358336.664032931,2014,9,26,6,40,1.02,2014.7379268708646,21
1942,36.41833,-97.04029,4.772,1.38027,-10802475.669231597,4358336.664032931,2014,9,26,7,46,27.95,2014.7380532090526,21
1943,36.41833,-97.04029,4.772,1.31056,-10802475.669231597,4358336.664032931,2014,9,26,8,15,45.15,2014.7381088913605,21
1944,36.41833,-97.04029,4.772,1.35506,-10802475.669231597,4358336.664032931,2014,9,26,8,30,50.28,2014.7381375731995,21
1945,36.309,-96.96729,6.842,2.9,-10794349.346403688,4343223.019710799,2014,9,26,12,19,22.0,2014.738572071387,11
1946,36.30284,-96.97423,5.0,3.2,-10795121.903669795,4342372.100177976,2014,9,26,13,27,38.0,2014.7387018657946,11
1947,36.41886,-97.03665,5.842,1.45784,-10802070.46628511,4358409.982343786,2014,9,26,13,52,50.23,2014.7387497854716,21
1948,36.30284,-96.97423,5.0,1.69326,-10795121.903669795,4342372.100177976,2014,9,26,14,47,19.2,2014.7388533728802,11
1949,36.41833,-97.04029,4.772,1.78994,-10802475.669231597,4358336.664032931,2014,9,26,15,22,29.88,2014.7389202562933,21
1950,36.42332,-97.03964,2.782,2.7,-10802403.311562583,4359026.982669533,2014,9,27,1,41,56.0,2014.7400979795675,21
1951,36.35432,-97.09295,5.0,1.60386,-10808337.75361677,4349485.424313206,2014,9,27,1,56,58.8,2014.7401265875733,10
1952,36.42332,-97.03964,2.782,1.20599,-10802403.311562583,4359026.982669533,2014,9,27,3,22,38.9,2014.7402894675133,21
1953,36.35432,-97.09295,5.0,1.59625,-10808337.75361677,4349485.424313206,2014,9,27,3,41,1.46,2014.7403244055315,10
1954,36.42332,-97.03964,2.782,1.20147,-10802403.311562583,4359026.982669533,2014,9,27,4,0,42.11,2014.7403618180724,21
1955,36.42332,-97.03964,2.782,1.13462,-10802403.311562583,4359026.982669533,2014,9,27,4,52,16.44,2014.7404598714731,21
1956,36.30834,-96.97057,5.0,1.43375,-10794714.47433349,4343131.846545652,2014,9,27,6,21,10.6,2014.7406289008036,11
1959,36.35238,-97.09182,5.0,1.61597,-10808211.962592175,4349217.276730987,2014,9,27,11,16,25.28,2014.741190245139,10
1960,36.30284,-96.97423,5.0,1.57096,-10795121.903669795,4342372.100177976,2014,9,27,11,26,53.96,2014.741210166806,11
1961,36.35238,-97.09182,5.0,2.6703,-10808211.962592175,4349217.276730987,2014,9,27,12,17,51.54,2014.7413070556697,10
1962,36.30284,-96.97423,5.0,1.81349,-10795121.903669795,4342372.100177976,2014,9,27,13,10,19.73,2014.7414068157907,11
1963,36.42332,-97.03964,2.782,2.23748,-10802403.311562583,4359026.982669533,2014,9,27,13,17,51.13,2014.7414211197936,21
1964,36.41833,-97.04029,4.772,1.55365,-10802475.669231597,4358336.664032931,2014,9,27,13,39,2.73,2014.741461414366,21
1965,36.42332,-97.03964,2.782,1.58965,-10802403.311562583,4359026.982669533,2014,9,27,14,8,2.52,2014.7415165449845,21
1966,36.42375,-97.0324,4.811,1.85953,-10801597.358449237,4359086.471121085,2014,9,27,21,6,49.56,2014.7423127728343,21
1968,36.41833,-97.04029,4.772,1.28974,-10802475.669231597,4358336.664032931,2014,9,28,5,25,35.78,2014.7432610775218,21
1969,36.42375,-97.0324,4.811,1.41903,-10801597.358449237,4359086.471121085,2014,9,28,5,40,10.21,2014.7432887865364,21
1970,36.44379,-97.06431,5.0,1.99363,-10805149.563400453,4361859.275221921,2014,9,28,8,33,44.56,2014.7436187973738,39
1971,36.41833,-97.04029,4.772,1.42776,-10802475.669231597,4358336.664032931,2014,9,28,8,47,30.44,2014.7436449679317,21
1972,36.42375,-97.0324,4.811,1.70978,-10801597.358449237,4359086.471121085,2014,9,28,8,58,24.03,2014.743665678949,21
1973,36.37885,-96.94409,7.399,1.67274,-10791766.734217284,4352876.547484927,2014,9,28,11,5,25.17,2014.7439071783026,15
1974,36.41833,-97.04029,4.772,2.09464,-10802475.669231597,4358336.664032931,2014,9,28,12,3,42.1,2014.7440179893274,21
1975,36.41833,-97.04029,4.772,1.48334,-10802475.669231597,4358336.664032931,2014,9,28,12,14,26.3,2014.7440384027936,21
1977,36.42375,-97.0324,4.811,1.35343,-10801597.358449237,4359086.471121085,2014,9,28,14,35,46.6,2014.7443071272846,21
1980,36.42332,-97.03964,2.782,1.50465,-10802403.311562583,4359026.982669533,2014,9,28,16,28,25.65,2014.7445213086546,21
1981,36.37885,-96.94409,7.399,1.45653,-10791766.734217284,4352876.547484927,2014,9,28,16,39,50.19,2014.7445430004184,15
1982,36.42332,-97.03964,2.782,1.9453,-10802403.311562583,4359026.982669533,2014,9,28,16,41,18.33,2014.7445457934064,21
1983,36.42332,-97.03964,2.782,1.75716,-10802403.311562583,4359026.982669533,2014,9,28,16,42,47.67,2014.74454862442,21
1984,36.42332,-97.03964,2.782,1.34493,-10802403.311562583,4359026.982669533,2014,9,28,16,44,2.92,2014.7445510089487,21
1989,36.41886,-97.03665,5.842,1.48597,-10802070.46628511,4358409.982343786,2014,9,28,19,30,14.01,2014.7448669737241,21
1990,36.37885,-96.94409,7.399,1.41841,-10791766.734217284,4352876.547484927,2014,9,28,23,49,43.61,2014.7453603445763,15
1993,36.34417,-97.08197,3.322,2.43813,-10807115.465607861,4348082.56118892,2014,9,29,8,38,12.1,2014.7463651259918,9
1998,36.34417,-97.08197,3.322,2.40671,-10807115.465607861,4348082.56118892,2014,9,29,11,21,28.05,2014.7466755409157,9
2005,36.42375,-97.0324,4.811,1.41536,-10801597.358449237,4359086.471121085,2014,9,30,0,3,29.02,2014.7481243510279,21
2006,36.41886,-97.03665,5.842,1.50286,-10802070.46628511,4358409.982343786,2014,9,30,0,5,22.03,2014.7481279320987,21
2007,36.30834,-96.97057,5.0,1.6357,-10794714.47433349,4343131.846545652,2014,9,30,12,21,19.32,2014.7495271921819,11
2012,36.35493,-97.09195,5.0,1.80162,-10808226.434125978,4349569.74014013,2014,10,1,5,45,29.54,2014.751512457855,10
2013,36.42375,-97.0324,4.811,2.25824,-10801597.358449237,4359086.471121085,2014,10,1,8,7,20.55,2014.751782155487,21
2014,36.41833,-97.04029,4.772,1.55504,-10802475.669231597,4358336.664032931,2014,10,1,8,33,22.25,2014.7518316427738,21
2019,36.35493,-97.09195,5.0,2.19407,-10808226.434125978,4349569.74014013,2014,10,1,22,5,16.97,2014.753375319099,10
2020,36.42375,-97.0324,4.811,1.56969,-10801597.358449237,4359086.471121085,2014,10,1,22,11,20.62,2014.753386842472,21
2021,36.42375,-97.0324,4.811,1.78263,-10801597.358449237,4359086.471121085,2014,10,1,22,26,23.68,2014.7534154587167,21
2022,36.42375,-97.0324,4.811,1.62673,-10801597.358449237,4359086.471121085,2014,10,1,23,23,36.0,2014.7535242223744,21
2024,36.35432,-97.09295,5.0,1.58527,-10808337.75361677,4349485.424313206,2014,10,2,1,40,55.18,2014.7537853062336,10
2026,36.35432,-97.09295,5.0,1.55881,-10808337.75361677,4349485.424313206,2014,10,2,6,13,5.65,2014.754302787601,10
2027,36.32464,-96.75354,4.895,1.5297,-10770554.805246627,4345383.773324507,2014,10,2,11,48,43.65,2014.7549409223134,2
2028,36.32464,-96.75354,4.895,1.59935,-10770554.805246627,4345383.773324507,2014,10,2,12,18,6.47,2014.7549967827085,2
2029,36.32464,-96.75354,4.895,1.66735,-10770554.805246627,4345383.773324507,2014,10,2,13,2,41.59,2014.7550815521458,2
2030,36.32464,-96.75354,4.895,1.75364,-10770554.805246627,4345383.773324507,2014,10,2,13,13,39.52,2014.7551024006896,2
2031,36.35432,-97.09295,5.0,1.64138,-10808337.75361677,4349485.424313206,2014,10,2,13,41,31.73,2014.7551553898268,10
2032,36.32464,-96.75354,4.895,1.61904,-10770554.805246627,4345383.773324507,2014,10,2,14,33,0.6,2014.7552532702107,2
2034,36.32464,-96.75354,4.895,1.9378,-10770554.805246627,4345383.773324507,2014,10,2,17,3,0.19,2014.7555384500088,2
2035,36.32464,-96.75354,4.895,1.77613,-10770554.805246627,4345383.773324507,2014,10,2,17,24,53.21,2014.755580057102,2
2036,36.35432,-97.09295,5.0,2.42303,-10808337.75361677,4349485.424313206,2014,10,2,19,40,40.93,2014.7558382427687,10
2037,36.35432,-97.09295,5.0,2.1859,-10808337.75361677,4349485.424313206,2014,10,2,19,42,39.55,2014.7558420016098,10
2038,36.35238,-97.09182,5.0,1.76747,-10808211.962592175,4349217.276730987,2014,10,2,19,44,44.83,2014.7558459714935,10
2041,36.34941,-97.08942,9.162,1.67754,-10807944.79581427,4348806.77507875,2014,10,3,1,44,40.11,2014.7565302846224,9
2043,36.32464,-96.75354,4.895,1.7,-10770554.805246627,4345383.773324507,2014,10,3,8,19,35.0,2014.7572811303776,2
2044,36.32464,-96.75354,4.895,1.55966,-10770554.805246627,4345383.773324507,2014,10,3,8,49,34.45,2014.7573381515072,2
2045,36.35432,-97.09295,5.0,2.0,-10808337.75361677,4349485.424313206,2014,10,3,9,25,7.0,2014.7574057279387,10
2046,36.35432,-97.09295,5.0,2.08201,-10808337.75361677,4349485.424313206,2014,10,3,9,41,47.25,2014.7574374239487,10
2047,36.32464,-96.75354,4.895,1.6573,-10770554.805246627,4345383.773324507,2014,10,3,11,1,20.31,2014.757588673093,2
2048,36.35432,-97.09295,5.0,1.79429,-10808337.75361677,4349485.424313206,2014,10,3,13,40,20.28,2014.7578909765002,10
2049,36.35301,-97.08987,8.474,1.94775,-10807994.889585128,4349304.354852333,2014,10,3,18,10,35.7,2014.758404812153,10
2051,36.30834,-96.97057,5.0,2.00596,-10794714.47433349,4343131.846545652,2014,10,4,4,47,58.87,2014.7596166650821,11
2052,36.30834,-96.97057,5.0,2.17133,-10794714.47433349,4343131.846545652,2014,10,4,5,0,0.66,2014.7596395372273,11
2053,36.30834,-96.97057,5.0,1.45185,-10794714.47433349,4343131.846545652,2014,10,4,5,13,42.67,2014.7596655851523,11
2054,36.30834,-96.97057,5.0,1.4809,-10794714.47433349,4343131.846545652,2014,10,4,7,18,22.58,2014.759902609197,11
2055,36.42375,-97.0324,4.811,1.28534,-10801597.358449237,4359086.471121085,2014,10,4,11,24,10.22,2014.7603699337085,21
2056,36.42375,-97.0324,4.811,1.78875,-10801597.358449237,4359086.471121085,2014,10,4,12,7,35.0,2014.760452474206,21
2057,36.30834,-96.97057,5.0,3.0,-10794714.47433349,4343131.846545652,2014,10,4,14,11,24.0,2014.7606878850102,11
2059,36.30284,-96.97423,5.0,1.61376,-10795121.903669795,4342372.100177976,2014,10,4,22,31,22.9,2014.7616384927878,11
2060,36.32464,-96.75354,4.895,1.51406,-10770554.805246627,4345383.773324507,2014,10,5,2,55,34.57,2014.7621408018988,2
2062,36.42375,-97.0324,4.811,1.28273,-10801597.358449237,4359086.471121085,2014,10,5,11,25,34.37,2014.7631104510483,21
2063,36.35609,-97.09142,5.0,1.14775,-10808167.434795856,4349730.080256881,2014,10,5,12,10,54.8,2014.763196656273,10
2066,36.44379,-97.06431,5.0,1.65058,-10805149.563400453,4361859.275221921,2014,10,5,15,11,22.8,2014.763539774888,39
2068,36.42088,-97.03776,4.696,1.28085,-10802194.03091989,4358689.426531508,2014,10,5,16,58,49.67,2014.7637440638705,21
2070,36.35609,-97.09142,5.0,1.09591,-10808167.434795856,4349730.080256881,2014,10,6,2,56,59.14,2014.7648813325475,10
2071,36.41886,-97.03665,5.842,2.00682,-10802070.46628511,4358409.982343786,2014,10,6,4,39,55.31,2014.7650770435648,21
2072,36.35486,-97.09082,10.354,1.81073,-10808100.64310138,4349560.064519873,2014,10,6,6,50,39.7,2014.765325617284,10
2074,36.42345,-97.03632,4.797,1.65311,-10802033.73085315,4359044.967515492,2014,10,6,13,18,4.18,2014.7660621904074,21
2075,36.3156,-97.0331,7.933,1.56383,-10801675.282092793,4344134.793811831,2014,10,6,13,55,10.03,2014.7661327233377,0
2077,36.3156,-97.0331,7.933,1.67647,-10801675.282092793,4344134.793811831,2014,10,6,19,16,6.86,2014.7667429354576,0
2078,36.30284,-96.97423,5.0,1.52075,-10795121.903669795,4342372.100177976,2014,10,6,21,43,53.25,2014.7670238944027,11
2083,36.35432,-97.09295,5.0,1.62817,-10808337.75361677,4349485.424313206,2014,10,7,4,26,57.88,2014.7677902590817,10
2084,36.3156,-97.0331,7.933,2.66706,-10801675.282092793,4344134.793811831,2014,10,7,6,19,39.03,2014.7680045069967,0
2085,36.35432,-97.09295,5.0,2.398,-10808337.75361677,4349485.424313206,2014,10,7,8,45,31.86,2014.7682818674423,10
2086,36.3156,-97.0331,7.933,1.49129,-10801675.282092793,4344134.793811831,2014,10,7,10,5,2.79,2014.768433049091,0
2088,36.35432,-97.09295,5.0,1.72922,-10808337.75361677,4349485.424313206,2014,10,7,11,9,0.59,2014.7685546616347,10
2089,36.35301,-97.08987,8.474,2.13778,-10807994.889585128,4349304.354852333,2014,10,7,11,32,26.87,2014.7685992239587,10
2090,36.3156,-97.0331,7.933,3.1,-10801675.282092793,4344134.793811831,2014,10,7,12,3,52.0,2014.7686589601237,0
2091,36.3156,-97.0331,7.933,2.40168,-10801675.282092793,4344134.793811831,2014,10,7,12,6,17.59,2014.7686635735924,0
2092,36.31542,-97.03347,8.0,2.8,-10801716.470304387,4344109.926221554,2014,10,7,12,14,45.0,2014.7686796524451,0
2093,36.35432,-97.09295,5.0,2.99382,-10808337.75361677,4349485.424313206,2014,10,7,19,48,58.33,2014.7695432583594,10
2094,36.31542,-97.03347,8.0,1.66153,-10801716.470304387,4344109.926221554,2014,10,8,0,14,59.95,2014.7700490515756,0
2095,36.35432,-97.09295,5.0,1.6218,-10808337.75361677,4349485.424313206,2014,10,8,5,21,5.57,2014.7706310229548,10
2096,36.46501,-97.09336,5.0,1.62025,-10808383.394607997,4364796.129001246,2014,10,8,5,36,50.69,2014.7706609720003,14
2097,36.44609,-97.06158,5.0,1.59773,-10804845.661190586,4362177.55702796,2014,10,8,6,3,17.93,2014.770711268601,38
2098,36.44559,-97.05982,5.0,1.62486,-10804649.73888679,4362108.364528367,2014,10,8,6,21,44.71,2014.7707463403428,38
2099,36.44609,-97.06158,5.0,2.1,-10804845.661190586,4362177.55702796,2014,10,8,6,22,42.0,2014.7707481557534,38
2100,36.44629,-97.05727,4.823,1.42943,-10804365.874185268,4362205.234152656,2014,10,8,6,47,0.06,2014.7707943588866,38
2101,36.44559,-97.05982,5.0,2.1,-10804649.73888679,4362108.364528367,2014,10,8,7,4,25.0,2014.7708274710371,38
2102,36.44629,-97.05727,4.823,1.52141,-10804365.874185268,4362205.234152656,2014,10,8,8,28,49.15,2014.770987944267,38
2103,36.4476,-97.05848,4.002,1.98347,-10804500.570769127,4362386.5210836325,2014,10,8,8,38,36.79,2014.7710065654549,38
2104,36.44629,-97.05727,4.823,2.3,-10804365.874185268,4362205.234152656,2014,10,8,8,41,54.0,2014.7710128146628,38
2105,36.4476,-97.05848,4.002,1.46911,-10804500.570769127,4362386.5210836325,2014,10,8,9,25,57.19,2014.7710965722995,38
2107,36.44764,-97.07355,0.001,1.66884,-10806178.155495381,4362392.056610602,2014,10,8,11,0,45.64,2014.7712768284027,35
2108,36.44559,-97.05982,5.0,1.45862,-10804649.73888679,4362108.364528367,2014,10,8,12,55,31.31,2014.7714950221182,38
2109,36.44629,-97.05727,4.823,1.54844,-10804365.874185268,4362205.234152656,2014,10,8,13,51,17.04,2014.7716010419044,38
2110,36.4476,-97.05848,4.002,1.61247,-10804500.570769127,4362386.5210836325,2014,10,8,15,11,29.3,2014.7717535332217,38
2111,36.44609,-97.06158,5.0,2.59083,-10804845.661190586,4362177.55702796,2014,10,8,15,33,46.5,2014.7717959065328,38
2112,36.44629,-97.05727,4.823,1.57539,-10804365.874185268,4362205.234152656,2014,10,8,17,0,33.46,2014.7719609051385,38
2113,36.4476,-97.05848,4.002,1.66796,-10804500.570769127,4362386.5210836325,2014,10,8,17,27,6.37,2014.7720113814105,38
2114,36.44559,-97.05982,5.0,2.40864,-10804649.73888679,4362108.364528367,2014,10,8,19,20,42.96,2014.772227386113,38
2115,36.42148,-97.03701,5.0,1.98559,-10802110.541301794,4358772.431155793,2014,10,9,0,8,27.34,2014.7727744613026,21
2117,36.4476,-97.05848,4.002,1.6078,-10804500.570769127,4362386.5210836325,2014,10,9,3,48,36.35,2014.7731930295713,38
2118,36.35301,-97.08987,8.474,1.84107,-10807994.889585128,4349304.354852333,2014,10,9,12,16,29.42,2014.7741586628895,10
2122,36.44629,-97.05727,4.823,2.09249,-10804365.874185268,4362205.234152656,2014,10,9,19,18,45.7,2014.7749615211549,38
2129,36.44559,-97.05982,5.0,2.37225,-10804649.73888679,4362108.364528367,2014,10,10,9,42,58.42,2014.7766046346997,38
2130,36.46501,-97.09336,5.0,1.58643,-10808383.394607997,4364796.129001246,2014,10,10,10,37,13.22,2014.776707773088,14
2131,36.41833,-97.04029,4.772,2.02485,-10802475.669231597,4358336.664032931,2014,10,10,15,20,33.5,2014.7772464794534,21
2132,36.42088,-97.03776,4.696,1.53387,-10802194.03091989,4358689.426531508,2014,10,10,16,4,25.82,2014.7773298926409,21
2133,36.42363,-97.02744,5.744,1.69271,-10801045.213774903,4359069.869659605,2014,10,10,23,40,43.02,2014.7781974237585,21
2135,36.42345,-97.03632,4.797,1.34327,-10802033.73085315,4359044.967515492,2014,10,11,3,49,17.13,2014.7786700233858,21
2136,36.34075,-97.05901,3.615,1.95793,-10804559.570099248,4347609.913520133,2014,10,11,4,29,37.27,2014.7787467129947,7
2138,36.34075,-97.05901,3.615,1.79515,-10804559.570099248,4347609.913520133,2014,10,11,4,53,22.77,2014.7787918843637,7
2139,36.34075,-97.05901,3.615,1.86872,-10804559.570099248,4347609.913520133,2014,10,11,5,10,51.07,2014.7788251029863,7
2141,36.34087,-97.05882,3.192,2.84021,-10804538.419395996,4347626.497297504,2014,10,11,14,30,36.28,2014.77988935407,7
2142,36.44416,-97.05222,3.965,1.69095,-10803803.710756762,4361910.476440849,2014,10,11,14,35,12.46,2014.779898105686,29
2143,36.4476,-97.05848,4.002,1.77325,-10804500.570769127,4362386.5210836325,2014,10,11,17,23,31.15,2014.7802181138616,38
2144,36.4476,-97.05848,4.002,2.8,-10804500.570769127,4362386.5210836325,2014,10,11,17,29,24.0,2014.7802292950034,38
2145,36.4476,-97.05848,4.002,1.98842,-10804500.570769127,4362386.5210836325,2014,10,11,18,55,47.57,2014.7803935524248,38
2146,36.46501,-97.09336,5.0,1.51385,-10808383.394607997,4364796.129001246,2014,10,11,22,48,45.45,2014.7808364847137,14
2147,36.44764,-97.07355,0.001,1.63664,-10806178.155495381,4362392.056610602,2014,10,12,3,9,51.54,2014.7813329131493,35
2148,36.3156,-97.0331,7.933,1.48322,-10801675.282092793,4344134.793811831,2014,10,12,4,2,15.35,2014.7814325344766,0
2149,36.4476,-97.05848,4.002,1.45161,-10804500.570769127,4362386.5210836325,2014,10,12,4,27,48.24,2014.7814811088297,38
2150,36.3156,-97.0331,7.933,1.51581,-10801675.282092793,4344134.793811831,2014,10,12,4,37,3.81,2014.7814987137806,0
2151,36.4476,-97.05848,4.002,1.48013,-10804500.570769127,4362386.5210836325,2014,10,12,5,18,34.54,2014.7815776402515,38
2152,36.46501,-97.09336,5.0,1.48769,-10808383.394607997,4364796.129001246,2014,10,12,6,39,2.66,2014.781730634142,14
2153,36.4476,-97.05848,4.002,1.46779,-10804500.570769127,4362386.5210836325,2014,10,12,7,34,21.88,2014.7818358138768,38
2154,36.30834,-96.97057,5.0,1.39076,-10794714.47433349,4343131.846545652,2014,10,12,7,44,23.57,2014.7818548802825,11
2155,36.44416,-97.05222,3.965,1.61772,-10803803.710756762,4361910.476440849,2014,10,12,10,23,41.55,2014.782157754392,29
2156,36.44764,-97.07355,0.001,1.70378,-10806178.155495381,4362392.056610602,2014,10,12,10,44,21.29,2014.782197039382,35
2162,36.4476,-97.05848,4.002,2.15783,-10804500.570769127,4362386.5210836325,2014,10,13,2,44,14.96,2014.7840220726544,38
2165,36.35493,-97.09195,5.0,2.1,-10808226.434125978,4349569.74014013,2014,10,13,4,49,45.0,2014.7842606852232,10
2166,36.35493,-97.09195,5.0,1.49315,-10808226.434125978,4349569.74014013,2014,10,13,4,54,52.32,2014.7842704236064,10
2171,36.46501,-97.09336,5.0,1.61313,-10808383.394607997,4364796.129001246,2014,10,13,10,25,42.79,2014.7848994470428,14
2174,36.30607,-96.87001,5.0,2.0,-10783520.186339317,4342818.272005408,2014,10,13,13,44,35.0,2014.785277555961,12
2175,36.42363,-97.02744,5.744,1.99681,-10801045.213774903,4359069.869659605,2014,10,13,17,34,12.58,2014.7857141411262,21
2176,36.30835,-96.86517,5.097,1.7049,-10782981.40000388,4343133.227951487,2014,10,13,17,53,37.26,2014.785751047608,12
2178,36.34705,-97.07486,5.0,1.60198,-10806323.98402832,4348480.596378728,2014,10,14,3,27,29.9,2014.7868421521282,8
2181,36.44416,-97.05222,3.965,1.70509,-10803803.710756762,4361910.476440849,2014,10,14,7,8,30.73,2014.7872623624737,29
2182,36.44416,-97.05222,3.965,1.53071,-10803803.710756762,4361910.476440849,2014,10,14,7,18,32.6,2014.787281434583,29
2183,36.30607,-96.87001,5.0,2.04013,-10783520.186339317,4342818.272005408,2014,10,14,8,24,22.92,2014.78740661267,12
2186,36.3552,-97.09148,5.725,1.88669,-10808174.113965305,4349607.060471193,2014,10,14,20,35,36.45,2014.7887968809416,10
2187,36.35493,-97.09195,5.0,1.7534,-10808226.434125978,4349569.74014013,2014,10,14,22,16,3.15,2014.7889878555404,10
2188,36.35493,-97.09195,5.0,1.74033,-10808226.434125978,4349569.74014013,2014,10,14,23,31,50.38,2014.7891319485639,10
2189,36.45534,-97.06917,6.673,2.03663,-10805690.576125707,4363457.698715752,2014,10,15,0,41,19.8,2014.789264069511,23
2190,36.44747,-97.05977,5.0,1.70852,-10804644.17291225,4362368.530640689,2014,10,15,0,47,5.39,2014.7892750205972,38
2192,36.42375,-97.0324,4.811,2.11852,-10801597.358449237,4359086.471121085,2014,10,15,4,28,57.9,2014.7896968685832,21
2193,36.42088,-97.03776,4.696,1.25302,-10802194.03091989,4358689.426531508,2014,10,15,5,4,33.37,2014.789764537544,21
2194,36.42375,-97.0324,4.811,1.41898,-10801597.358449237,4359086.471121085,2014,10,15,7,3,44.69,2014.7899911492002,21
2195,36.46501,-97.09336,5.0,1.9301,-10808383.394607997,4364796.129001246,2014,10,15,7,14,46.67,2014.7900121260805,14
2196,36.45534,-97.06917,6.673,1.70851,-10805690.576125707,4363457.698715752,2014,10,15,7,44,2.69,2014.7900677709965,23
2197,36.34894,-97.08995,6.723,1.58214,-10808003.795144392,4348741.814972954,2014,10,15,10,37,36.29,2014.7903977580677,9
2199,36.35238,-97.09182,5.0,1.85011,-10808211.962592175,4349217.276730987,2014,10,15,13,43,30.7,2014.7907512199913,10
2200,36.44747,-97.05977,5.0,2.4,-10804644.17291225,4362368.530640689,2014,10,15,14,17,4.0,2014.7908150176186,38
2201,36.44747,-97.05977,5.0,1.7737,-10804644.17291225,4362368.530640689,2014,10,15,15,6,22.86,2014.790908778234,38
2202,36.34605,-97.08408,3.273,1.864,-10807350.349733435,4348342.388047214,2014,10,15,22,26,59.31,2014.7917464987831,9
2203,36.35493,-97.09195,5.0,1.98463,-10808226.434125978,4349569.74014013,2014,10,16,3,14,58.41,2014.7922940404212,10
2204,36.42375,-97.0324,4.811,1.36918,-10801597.358449237,4359086.471121085,2014,10,16,5,0,26.69,2014.7924945715138,21
2205,36.3552,-97.09148,5.725,1.45151,-10808174.113965305,4349607.060471193,2014,10,16,5,13,11.12,2014.7925187948385,10
2207,36.44747,-97.05977,5.0,1.4966,-10804644.17291225,4362368.530640689,2014,10,16,6,56,46.51,2014.7927157486627,38
2208,36.41886,-97.03665,5.842,1.41027,-10802070.46628511,4358409.982343786,2014,10,16,7,59,48.24,2014.7928355844551,21
2209,36.42088,-97.03776,4.696,1.23291,-10802194.03091989,4358689.426531508,2014,10,16,8,58,16.44,2014.7929467526048,21
2210,36.42363,-97.02744,5.744,1.57917,-10801045.213774903,4359069.869659605,2014,10,16,9,37,48.6,2014.7930219218192,21
2211,36.34839,-97.08942,3.9,0.989763,-10807944.79581427,4348665.798325806,2014,10,16,10,37,50.29,2014.793136052488,9
2212,36.3552,-97.09148,5.725,1.5028,-10808174.113965305,4349607.060471193,2014,10,16,10,49,18.35,2014.7931578557939,10
2213,36.35301,-97.08987,8.474,2.1651,-10807994.889585128,4349304.354852333,2014,10,16,17,12,38.62,2014.7938866903694,10
2214,36.46501,-97.09336,5.0,1.64839,-10808383.394607997,4364796.129001246,2014,10,16,20,53,26.97,2014.7943065052475,14
2215,36.46501,-97.09336,5.0,1.60774,-10808383.394607997,4364796.129001246,2014,10,17,1,35,41.03,2014.794843113228,14
2216,36.35609,-97.09142,5.0,2.6,-10808167.434795856,4349730.080256881,2014,10,17,5,21,21.0,2014.7952721689862,10
2217,36.35328,-97.0904,5.613,1.60641,-10808053.888915248,4349341.6742629185,2014,10,17,5,32,53.31,2014.7952941069664,10
2218,36.35328,-97.0904,5.613,1.54922,-10808053.888915248,4349341.6742629185,2014,10,17,5,57,43.71,2014.7953413348923,10
2219,36.46501,-97.09336,5.0,2.4,-10808383.394607997,4364796.129001246,2014,10,17,8,43,29.0,2014.7956564821152,14
2220,36.46501,-97.09336,5.0,1.65166,-10808383.394607997,4364796.129001246,2014,10,17,8,59,28.38,2014.7956868830329,14
2221,36.46501,-97.09336,5.0,1.95651,-10808383.394607997,4364796.129001246,2014,10,17,9,0,14.0,2014.7956883286436,14
2222,36.46501,-97.09336,5.0,1.95374,-10808383.394607997,4364796.129001246,2014,10,17,9,13,25.51,2014.7957134100818,14
2223,36.46501,-97.09336,5.0,1.70155,-10808383.394607997,4364796.129001246,2014,10,17,9,20,39.41,2014.7957271595433,14
2224,36.46501,-97.09336,5.0,1.80412,-10808383.394607997,4364796.129001246,2014,10,17,9,52,1.46,2014.7957867981088,14
2225,36.46501,-97.09336,5.0,1.85574,-10808383.394607997,4364796.129001246,2014,10,17,9,56,57.82,2014.7957961891905,14
2226,36.46501,-97.09336,5.0,1.85054,-10808383.394607997,4364796.129001246,2014,10,17,12,3,41.28,2014.7960371282986,14
2227,36.35328,-97.0904,5.613,1.83555,-10808053.888915248,4349341.6742629185,2014,10,17,15,0,0.3,2014.7963723572134,10
2228,36.46501,-97.09336,5.0,1.99725,-10808383.394607997,4364796.129001246,2014,10,17,16,24,34.88,2014.79653316095,14
2229,36.35355,-97.09108,11.409,2.0,-10808129.58616899,4349378.993802941,2014,10,17,19,2,29.0,2014.7968333776967,10
2230,36.34941,-97.08942,9.162,2.0,-10807944.79581427,4348806.77507875,2014,10,17,19,7,8.0,2014.7968422186732,9
2231,36.3552,-97.09148,5.725,2.5,-10808174.113965305,4349607.060471193,2014,10,17,19,17,41.0,2014.7968622772328,10
2232,36.46501,-97.09336,5.0,1.73522,-10808383.394607997,4364796.129001246,2014,10,17,19,32,48.4,2014.7968910310037,14
2233,36.46501,-97.09336,5.0,1.53164,-10808383.394607997,4364796.129001246,2014,10,18,4,10,59.78,2014.7978762573832,14
2234,36.46501,-97.09336,5.0,1.47104,-10808383.394607997,4364796.129001246,2014,10,18,4,45,42.8,2014.797942264304,14
2235,36.35328,-97.0904,5.613,1.50661,-10808053.888915248,4349341.6742629185,2014,10,18,6,9,38.06,2014.798101822065,10
2236,36.42375,-97.0324,4.811,1.32589,-10801597.358449237,4359086.471121085,2014,10,18,9,36,9.01,2014.7984944675768,21
2237,36.42375,-97.0324,4.811,1.62686,-10801597.358449237,4359086.471121085,2014,10,18,16,30,22.75,2014.7992820350723,21
2238,36.34562,-97.08439,5.25,1.87463,-10807384.85877558,4348282.959010362,2014,10,18,17,57,59.77,2014.7994486199839,9
2239,36.35355,-97.09108,11.409,1.57474,-10808129.58616899,4349378.993802941,2014,10,18,23,49,32.15,2014.8001169971735,10
2240,36.4476,-97.05848,4.002,1.64169,-10804500.570769127,4362386.5210836325,2014,10,19,0,15,21.98,2014.8001661083226,38
2242,36.44747,-97.05977,5.0,1.45632,-10804644.17291225,4362368.530640689,2014,10,19,8,31,46.75,2014.8011099307298,38
2243,36.4476,-97.05848,4.002,1.43359,-10804500.570769127,4362386.5210836325,2014,10,19,8,42,47.61,2014.8011308721195,38
2244,36.44747,-97.05977,5.0,2.39721,-10804644.17291225,4362368.530640689,2014,10,19,9,55,29.79,2014.8012691012625,38
2246,36.33905,-97.06159,5.0,1.2038,-10804846.774385493,4347374.979419053,2014,10,19,10,19,53.99,2014.8013154989605,7
2247,36.46501,-97.09336,5.0,1.54587,-10808383.394607997,4364796.129001246,2014,10,19,10,30,33.1,2014.8013357511345,14
2249,36.45534,-97.06917,6.673,1.43997,-10805690.576125707,4363457.698715752,2014,10,19,11,46,48.96,2014.801480751388,23
2250,36.44629,-97.05727,4.823,1.92275,-10804365.874185268,4362205.234152656,2014,10,19,12,0,30.46,2014.801506783152,38
2251,36.44747,-97.05977,5.0,1.47106,-10804644.17291225,4362368.530640689,2014,10,19,12,3,3.1,2014.8015116200218,38
2252,36.45534,-97.06917,6.673,1.49121,-10805690.576125707,4363457.698715752,2014,10,19,12,5,28.7,2014.8015162338074,23
2253,36.42375,-97.0324,4.811,1.36347,-10801597.358449237,4359086.471121085,2014,10,19,13,19,42.78,2014.8016573750856,21
2254,36.35328,-97.0904,5.613,1.56151,-10808053.888915248,4349341.6742629185,2014,10,19,16,36,27.2,2014.8020314345831,10
2255,36.35328,-97.0904,5.613,1.3246,-10808053.888915248,4349341.6742629185,2014,10,19,16,42,1.92,2014.80204204122,10
2256,36.34941,-97.08942,9.162,1.58965,-10807944.79581427,4348806.77507875,2014,10,19,17,0,30.76,2014.8020771782392,9
2258,36.34941,-97.08942,9.162,1.4914,-10807944.79581427,4348806.77507875,2014,10,19,22,14,10.84,2014.8026735505869,9
2259,36.35328,-97.0904,5.613,2.5,-10808053.888915248,4349341.6742629185,2014,10,19,22,26,25.0,2014.8026968147135,10
2260,36.33905,-97.06159,5.0,1.66134,-10804846.774385493,4347374.979419053,2014,10,19,22,28,54.51,2014.8027015523994,7
2261,36.35328,-97.0904,5.613,1.26952,-10808053.888915248,4349341.6742629185,2014,10,20,4,44,44.78,2014.8034161273354,10
2262,36.35328,-97.0904,5.613,1.65591,-10808053.888915248,4349341.6742629185,2014,10,20,7,8,40.81,2014.8036897866125,10
2264,36.34417,-97.08197,3.322,2.31446,-10807115.465607861,4348082.56118892,2014,10,21,2,13,24.13,2014.805866229688,9
2265,36.34417,-97.08197,3.322,2.32155,-10807115.465607861,4348082.56118892,2014,10,21,7,9,35.93,2014.8064293840469,9
2266,36.31103,-96.86623,4.364,2.4,-10783099.39866412,4343503.451101562,2014,10,21,8,0,21.0,2014.8065258764925,12
2267,36.30835,-96.86517,5.097,2.4,-10782981.40000388,4343133.227951487,2014,10,21,9,17,29.0,2014.806672528963,12
2268,36.30777,-96.86192,5.0,2.6,-10782619.6116588,4343053.10670588,2014,10,21,9,40,45.0,2014.8067167655336,12
2269,36.30777,-96.86192,5.0,1.49817,-10782619.6116588,4343053.10670588,2014,10,21,9,55,1.65,2014.806743911134,12
2270,36.35432,-97.09295,5.0,2.04008,-10808337.75361677,4349485.424313206,2014,10,21,11,38,30.15,2014.806940646627,10
2271,36.44764,-97.07355,0.001,2.0513,-10806178.155495381,4362392.056610602,2014,10,21,13,48,10.33,2014.8071871856541,35
2272,36.4476,-97.05848,4.002,1.83265,-10804500.570769127,4362386.5210836325,2014,10,21,14,8,30.25,2014.8072258425861,38
2273,36.3552,-97.09148,5.725,1.77253,-10808174.113965305,4349607.060471193,2014,10,21,14,29,3.76,2014.8072649301594,10
2274,36.47261,-97.04742,5.0,1.82612,-10803269.377200954,4365848.166553675,2014,10,21,15,13,30.84,2014.8073494448247,22
2275,36.34941,-97.08942,9.162,2.15965,-10807944.79581427,4348806.77507875,2014,10,21,16,23,27.69,2014.807482434976,9
2276,36.30284,-96.97423,5.0,1.496,-10795121.903669795,4342372.100177976,2014,10,21,21,22,6.45,2014.8080502462165,11
2278,36.35328,-97.0904,5.613,1.57905,-10808053.888915248,4349341.6742629185,2014,10,22,18,25,9.71,2014.8104516728142,10
2279,36.3552,-97.09148,5.725,1.64664,-10808174.113965305,4349607.060471193,2014,10,22,18,28,46.6,2014.8104585456435,10
2282,36.42375,-97.0324,4.811,2.7,-10801597.358449237,4359086.471121085,2014,10,23,6,6,22.0,2014.8117848632342,21
2283,36.41833,-97.04029,4.772,1.74428,-10802475.669231597,4358336.664032931,2014,10,23,6,9,19.92,2014.8117905011788,21
2284,36.42375,-97.0324,4.811,1.17231,-10801597.358449237,4359086.471121085,2014,10,23,6,23,54.0,2014.8118181991026,21
2285,36.30777,-96.86192,5.0,1.24032,-10782619.6116588,4343053.10670588,2014,10,23,6,44,26.01,2014.8118572391436,12
2286,36.42088,-97.03776,4.696,1.25415,-10802194.03091989,4358689.426531508,2014,10,23,6,55,16.84,2014.8118778627017,21
2287,36.35493,-97.09195,5.0,1.55559,-10808226.434125978,4349569.74014013,2014,10,23,8,56,49.6,2014.812108956321,10
2289,36.42363,-97.02744,5.744,1.68378,-10801045.213774903,4359069.869659605,2014,10,23,11,4,3.01,2014.8123508444876,21
2290,36.42375,-97.0324,4.811,1.54325,-10801597.358449237,4359086.471121085,2014,10,23,13,6,17.27,2014.8125832531625,21
2291,36.3552,-97.09148,5.725,1.65978,-10808174.113965305,4349607.060471193,2014,10,23,13,29,59.81,2014.812628330735,10
2292,36.42148,-97.03701,5.0,2.30702,-10802110.541301794,4358772.431155793,2014,10,23,14,19,56.69,2014.8127232961315,21
2293,36.45534,-97.06917,6.673,1.81319,-10805690.576125707,4363457.698715752,2014,10,23,20,56,19.97,2014.8134769427966,23
2294,36.45534,-97.06917,6.673,1.4128,-10805690.576125707,4363457.698715752,2014,10,23,23,39,19.42,2014.813786834867,23
2295,36.35238,-97.09182,5.0,1.65201,-10808211.962592175,4349217.276730987,2014,10,24,3,20,22.13,2014.8142071047862,10
2296,36.31103,-96.86623,4.364,1.51564,-10783099.39866412,4343503.451101562,2014,10,24,7,26,52.2,2014.8146757738232,12
2297,36.34894,-97.08995,6.723,1.27865,-10808003.795144392,4348741.814972954,2014,10,24,7,28,13.75,2014.8146783579866,9
2306,36.35493,-97.09195,5.0,1.71755,-10808226.434125978,4349569.74014013,2014,10,25,6,21,9.24,2014.8172886797474,10
2312,36.4476,-97.05848,4.002,1.676,-10804500.570769127,4362386.5210836325,2014,10,25,12,18,44.85,2014.8179685670013,38
2314,36.35493,-97.09195,5.0,2.46238,-10808226.434125978,4349569.74014013,2014,10,25,18,4,35.64,2014.818626119857,10
2316,36.45729,-97.06933,5.0,1.687,-10805708.387244232,4363727.585907475,2014,10,25,22,7,39.07,2014.8190882408676,23
2317,36.46501,-97.09336,5.0,1.98541,-10808383.394607997,4364796.129001246,2014,10,26,6,4,5.55,2014.819994091756,14
2318,36.35238,-97.09182,5.0,1.87111,-10808211.962592175,4349217.276730987,2014,10,26,8,1,20.76,2014.8202170241084,10
2319,36.31194,-97.04271,7.3,1.3298,-10802745.062399317,4343629.164095149,2014,10,26,8,21,32.1,2014.8202554091565,0
2320,36.35493,-97.09195,5.0,1.5241,-10808226.434125978,4349569.74014013,2014,10,26,10,7,23.46,2014.82045667161,10
2322,36.42148,-97.03701,5.0,1.92195,-10802110.541301794,4358772.431155793,2014,10,26,15,13,53.41,2014.8210394139605,21
2323,36.42375,-97.0324,4.811,2.13585,-10801597.358449237,4359086.471121085,2014,10,26,15,40,10.84,2014.821089399701,21
2326,36.42375,-97.0324,4.811,1.63662,-10801597.358449237,4359086.471121085,2014,10,26,19,9,0.31,2014.8214864346464,21
2328,36.42148,-97.03701,5.0,1.71282,-10802110.541301794,4358772.431155793,2014,10,27,11,39,46.77,2014.8233701792913,21
2329,36.35301,-97.08987,8.474,2.09814,-10807994.889585128,4349304.354852333,2014,10,27,19,24,56.7,2014.824254591604,10
2330,36.4476,-97.05848,4.002,2.24947,-10804500.570769127,4362386.5210836325,2014,10,27,19,32,18.68,2014.824268597105,38
2333,36.35328,-97.0904,5.613,1.45117,-10808053.888915248,4349341.6742629185,2014,10,28,1,21,30.54,2014.8249325214845,10
2335,36.37885,-96.94409,7.399,1.56918,-10791766.734217284,4352876.547484927,2014,10,28,3,47,41.13,2014.8252104447106,15
2336,36.34941,-97.08942,9.162,1.59755,-10807944.79581427,4348806.77507875,2014,10,28,5,15,30.02,2014.8253774057596,9
2337,36.34894,-97.08995,6.723,0.944745,-10808003.795144392,4348741.814972954,2014,10,29,2,3,37.37,2014.8277504426826,9
2338,36.42148,-97.03701,5.0,1.83878,-10802110.541301794,4358772.431155793,2014,10,29,11,55,6.84,2014.8288750361244,21
2339,36.34894,-97.08995,6.723,1.1843,-10808003.795144392,4348741.814972954,2014,10,29,18,18,51.34,2014.8296046385024,9
2341,36.30089,-96.86614,5.0,1.50044,-10783089.37990995,4342102.748422437,2014,10,30,5,34,41.41,2014.8308895926814,12
2342,36.34839,-97.08942,3.9,0.970477,-10807944.79581427,4348665.798325806,2014,10,30,6,15,44.02,2014.8309676280833,9
2343,36.31306,-96.86903,5.0,1.87243,-10783411.09323834,4343783.88979389,2014,10,30,6,49,35.92,2014.8310320151088,12
2347,36.30089,-96.86614,5.0,2.2,-10783089.37990995,4342102.748422437,2014,10,30,20,18,58.0,2014.8325708545644,12
2352,36.46501,-97.09336,5.0,1.72441,-10808383.394607997,4364796.129001246,2014,10,31,9,3,40.41,2014.8340247804015,14
2354,36.46501,-97.09336,5.0,1.74796,-10808383.394607997,4364796.129001246,2014,10,31,14,9,8.79,2014.8346055717166,14
2355,36.35493,-97.09195,5.0,1.67734,-10808226.434125978,4349569.74014013,2014,11,1,11,36,13.13,2014.8370526633837,10
2357,36.42363,-97.02744,5.744,1.86372,-10801045.213774903,4359069.869659605,2014,11,2,0,42,37.96,2014.8385478604202,21
2358,36.54786,-97.04613,5.0,1.53627,-10803125.775057832,4376270.296288845,2014,11,2,6,3,19.44,2014.8391575861283,6
2360,36.54786,-97.04613,5.0,1.67674,-10803125.775057832,4376270.296288845,2014,11,3,2,51,12.12,2014.841530158187,6
2362,36.54786,-97.04613,5.0,1.71108,-10803125.775057832,4376270.296288845,2014,11,4,10,4,24.01,2014.8450916422669,6
2363,36.3479,-97.09058,5.076,1.20558,-10808073.926423592,4348598.0748561,2014,11,6,3,8,0.5,2014.8497756641823,9
2364,36.35432,-97.09295,5.0,1.64357,-10808337.75361677,4349485.424313206,2014,11,6,14,22,25.4,2014.851057919487,10
2365,36.40563,-97.00578,5.0,1.37498,-10798634.033604322,4356579.940915242,2014,11,6,18,38,51.99,2014.851545491102,17
2366,36.40563,-97.00578,5.0,1.18484,-10798634.033604322,4356579.940915242,2014,11,7,0,24,58.32,2014.8522035363906,17
2367,36.44852,-97.05934,6.158,2.8,-10804596.30553121,4362513.83892607,2014,11,7,1,13,34.0,2014.8522959287145,38
2368,36.40563,-97.00578,5.0,1.14929,-10798634.033604322,4356579.940915242,2014,11,7,4,53,1.76,2014.8527131898497,17
2369,36.44852,-97.05934,6.158,1.51788,-10804596.30553121,4362513.83892607,2014,11,7,5,13,40.6,2014.8527524463204,38
2370,36.3552,-97.09148,5.725,1.36405,-10808174.113965305,4349607.060471193,2014,11,7,6,35,47.11,2014.852908558002,10
2371,36.40563,-97.00578,5.0,1.41369,-10798634.033604322,4356579.940915242,2014,11,7,6,57,23.96,2014.8529496526985,17
2372,36.35238,-97.09182,5.0,2.2,-10808211.962592175,4349217.276730987,2014,11,7,7,7,51.0,2014.8529695223972,10
2373,36.35238,-97.09182,5.0,1.90677,-10808211.962592175,4349217.276730987,2014,11,7,7,19,45.44,2014.8529921616346,10
2374,36.35432,-97.09295,5.0,2.56956,-10808337.75361677,4349485.424313206,2014,11,7,7,20,27.35,2014.8529934896824,10
2375,36.34087,-97.06179,5.0,1.4827,-10804869.038283654,4347626.497297504,2014,11,7,11,4,59.63,2014.853420400474,7
2376,36.34705,-97.07486,5.0,1.58544,-10806323.98402832,4348480.596378728,2014,11,7,12,13,30.85,2014.8535506771743,8
2377,36.34705,-97.07486,5.0,1.85927,-10806323.98402832,4348480.596378728,2014,11,7,12,14,48.45,2014.8535531361701,8
2378,36.35609,-97.09142,5.0,1.55604,-10808167.434795856,4349730.080256881,2014,11,7,19,49,26.11,2014.8544175130555,10
2379,36.34705,-97.07486,5.0,1.63501,-10806323.98402832,4348480.596378728,2014,11,7,21,39,4.9,2014.8546259823306,8
2380,36.39153,-96.93653,4.186,1.7235,-10790925.158866888,4354629.899612109,2014,11,7,22,3,22.45,2014.854672169303,15
2381,36.39153,-96.93653,4.186,2.12229,-10790925.158866888,4354629.899612109,2014,11,7,22,10,11.83,2014.8546851417725,15
2382,36.34705,-97.07486,5.0,1.6889,-10806323.98402832,4348480.596378728,2014,11,7,23,33,17.52,2014.854843128755,8
2383,36.39153,-96.93653,4.186,1.57455,-10790925.158866888,4354629.899612109,2014,11,8,0,27,13.37,2014.854945666654,15
2385,36.34087,-97.06179,5.0,1.70281,-10804869.038283654,4347626.497297504,2014,11,8,9,56,55.85,2014.856028844082,7
2386,36.39153,-96.93653,4.186,2.11042,-10790925.158866888,4354629.899612109,2014,11,8,20,15,58.48,2014.857205823003,15
2387,36.35432,-97.09295,5.0,1.58943,-10808337.75361677,4349485.424313206,2014,11,9,0,5,46.04,2014.857642724415,10
2389,36.38691,-96.92653,5.0,2.02341,-10789811.963958954,4353991.026845783,2014,11,9,2,24,22.92,2014.857906270439,15
2390,36.34087,-97.06179,5.0,1.52087,-10804869.038283654,4347626.497297504,2014,11,9,17,6,2.19,2014.8595825471518,7
2391,36.35238,-97.09182,5.0,1.98875,-10808211.962592175,4349217.276730987,2014,11,11,3,52,32.4,2014.8635495855199,10
2392,36.40563,-97.00578,5.0,2.6,-10798634.033604322,4356579.940915242,2014,11,11,21,41,46.0,2014.8655824904301,17
2393,36.40563,-97.00578,5.0,1.34966,-10798634.033604322,4356579.940915242,2014,11,12,0,27,19.15,2014.8658972529597,17
2395,36.40563,-97.00578,5.0,1.4138,-10798634.033604322,4356579.940915242,2014,11,12,12,41,32.43,2014.8672932171648,17
2396,36.40563,-97.00578,5.0,1.39913,-10798634.033604322,4356579.940915242,2014,11,12,15,18,57.42,2014.8675925108373,17
2397,36.40563,-97.00578,5.0,1.6903,-10798634.033604322,4356579.940915242,2014,11,14,9,15,27.9,2014.8723771104267,17
2398,36.40563,-97.00578,5.0,1.41398,-10798634.033604322,4356579.940915242,2014,11,14,13,36,25.66,2014.8728732749005,17
2401,36.42148,-97.03701,5.0,2.27531,-10802110.541301794,4358772.431155793,2014,11,14,23,5,48.76,2014.8739558382133,21
2402,36.35493,-97.09195,5.0,2.01198,-10808226.434125978,4349569.74014013,2014,11,15,14,30,19.92,2014.8757136132026,10
2403,36.40563,-97.00578,5.0,1.32155,-10798634.033604322,4356579.940915242,2014,11,15,17,17,30.91,2014.8760314760946,17
2404,36.34839,-97.08942,3.9,1.5147,-10807944.79581427,4348665.798325806,2014,11,16,4,46,59.62,2014.8773423714097,9
2405,36.40563,-97.00578,5.0,1.2215,-10798634.033604322,4356579.940915242,2014,11,16,9,17,44.5,2014.8778571405937,17
2406,36.42332,-97.03964,2.782,1.545,-10802403.311562583,4359026.982669533,2014,11,16,20,49,34.12,2014.8791725010774,21
2407,36.40563,-97.00578,5.0,1.20984,-10798634.033604322,4356579.940915242,2014,11,17,8,59,30.51,2014.8805603249295,17
2408,36.34705,-97.07486,5.0,1.52228,-10806323.98402832,4348480.596378728,2014,11,17,11,33,47.95,2014.8808536755014,8
2409,36.41886,-97.03665,5.842,2.8,-10802070.46628511,4358409.982343786,2014,11,17,19,34,25.0,2014.881767466474,21
2410,36.42375,-97.0324,4.811,2.24602,-10801597.358449237,4359086.471121085,2014,11,17,20,26,20.51,2014.8818661910284,21
2411,36.42148,-97.03701,5.0,3.0,-10802110.541301794,4358772.431155793,2014,11,17,20,40,52.0,2014.88189380688,21
2412,36.42088,-97.03776,4.696,2.29595,-10802194.03091989,4358689.426531508,2014,11,17,20,42,59.73,2014.8818978543995,21
2413,36.42345,-97.03632,4.797,1.63754,-10802033.73085315,4359044.967515492,2014,11,17,22,42,34.45,2014.882125207557,21
2414,36.42363,-97.02744,5.744,2.04519,-10801045.213774903,4359069.869659605,2014,11,18,1,31,41.43,2014.8824467459503,21
2415,36.42363,-97.02744,5.744,1.68697,-10801045.213774903,4359069.869659605,2014,11,18,1,39,45.1,2014.8824620725277,21
2416,36.42375,-97.0324,4.811,2.434,-10801597.358449237,4359086.471121085,2014,11,18,2,49,22.3,2014.882594440008,21
2417,36.42375,-97.0324,4.811,1.28754,-10801597.358449237,4359086.471121085,2014,11,18,8,48,20.7,2014.8832769507187,21
2419,36.47098,-97.0442,5.0,1.6556,-10802910.9284406,4365622.523495137,2014,11,18,23,7,8.56,2014.8849097700713,22
2420,36.47261,-97.04742,5.0,1.62293,-10803269.377200954,4365848.166553675,2014,11,18,23,57,51.42,2014.8850061924861,22
2421,36.44764,-97.07355,0.001,1.62737,-10806178.155495381,4362392.056610602,2014,11,19,9,27,7.57,2014.8860885355666,35
2422,36.41833,-97.04029,4.772,1.81679,-10802475.669231597,4358336.664032931,2014,11,19,10,9,6.82,2014.886168365782,21
2423,36.41833,-97.04029,4.772,2.5,-10802475.669231597,4358336.664032931,2014,11,19,10,11,7.0,2014.8861721740564,21
2425,36.42148,-97.03701,5.0,2.4511,-10802110.541301794,4358772.431155793,2014,11,20,23,39,12.64,2014.8904464420616,21
2426,36.42332,-97.03964,2.782,1.63179,-10802403.311562583,4359026.982669533,2014,11,21,0,1,9.73,2014.890488178125,21
2427,36.42332,-97.03964,2.782,1.63094,-10802403.311562583,4359026.982669533,2014,11,21,7,47,31.06,2014.8913748529674,21
2428,36.41104,-96.86803,2.646,1.60178,-10783299.773747548,4357328.242184638,2014,11,21,10,26,53.0,2014.8916778525618,56
2432,36.41833,-97.04029,4.772,2.95546,-10802475.669231597,4358336.664032931,2014,11,22,3,38,26.24,2014.8936391309858,21
2433,36.3552,-97.09148,5.725,1.98387,-10808174.113965305,4349607.060471193,2014,11,22,9,4,37.93,2014.8942593204172,10
2434,36.34894,-97.08995,6.723,1.63709,-10808003.795144392,4348741.814972954,2014,11,22,11,53,34.16,2014.8945805181636,9
2439,36.34605,-97.08408,3.273,1.60052,-10807350.349733435,4348342.388047214,2014,11,24,6,15,47.95,2014.8994140222958,9
2442,36.30079,-96.86951,5.0,2.3,-10783464.526593922,4342088.935693424,2014,11,24,21,41,9.0,2014.9011733782036,12
2444,36.30079,-96.86951,5.0,1.52325,-10783464.526593922,4342088.935693424,2014,11,25,3,26,13.03,2014.9018294493244,12
2445,36.34508,-97.08536,5.0,2.5823,-10807492.83868165,4348208.327661479,2014,11,25,11,44,35.87,2014.9027770131443,9
2448,36.35493,-97.09195,5.0,2.6423,-10808226.434125978,4349569.74014013,2014,11,25,13,46,8.65,2014.9030081073972,10
2449,36.35493,-97.09195,5.0,2.13478,-10808226.434125978,4349569.74014013,2014,11,25,14,10,44.36,2014.9030548698254,10
2452,36.35493,-97.09195,5.0,1.79822,-10808226.434125978,4349569.74014013,2014,11,26,23,22,21.18,2014.906841495551,10
2453,36.42363,-97.02744,5.744,1.74183,-10801045.213774903,4359069.869659605,2014,11,27,1,22,52.06,2014.9070706283114,21
2454,36.42363,-97.02744,5.744,1.61284,-10801045.213774903,4359069.869659605,2014,11,27,2,18,4.72,2014.9071756001724,21
2455,36.34087,-97.06179,5.0,1.68861,-10804869.038283654,4347626.497297504,2014,11,27,4,36,31.33,2014.9074388207596,7
2456,36.30079,-96.86951,5.0,1.59655,-10783464.526593922,4342088.935693424,2014,11,27,5,44,7.04,2014.907567338454,12
2457,36.3173,-96.96794,6.84,1.77881,-10794421.704072703,4344369.6572187655,2014,11,27,10,8,52.2,2014.9080707087992,11
2458,36.42363,-97.02744,5.744,2.7,-10801045.213774903,4359069.869659605,2014,11,27,12,10,27.0,2014.9083018670622,21
2459,36.42363,-97.02744,5.744,2.73392,-10801045.213774903,4359069.869659605,2014,11,27,12,12,29.95,2014.9083057631126,21
2460,36.42363,-97.02744,5.744,1.78289,-10801045.213774903,4359069.869659605,2014,11,27,13,20,16.37,2014.9084346201867,21
2462,36.40871,-96.87725,3.568,1.62881,-10784326.139452662,4357005.954473207,2014,11,28,0,21,59.0,2014.9096927206124,56
2463,36.309,-96.96729,6.842,1.53005,-10794349.346403688,4343223.019710799,2014,11,28,2,5,50.85,2014.9098901960226,11
2464,36.42148,-97.03701,5.0,1.60747,-10802110.541301794,4358772.431155793,2014,11,28,18,25,37.57,2014.9117530347683,21
2465,36.42375,-97.0324,4.811,1.77102,-10801597.358449237,4359086.471121085,2014,11,29,3,58,40.48,2014.9128425634397,21
2466,36.44233,-97.07666,3.162,1.73212,-10806524.359111749,4361657.240362192,2014,11,29,4,41,55.65,2014.9129247994144,35
2467,36.44394,-97.06937,5.0,1.43702,-10805712.840023866,4361880.032443409,2014,11,29,4,44,49.31,2014.9129303023678,35
2468,36.31199,-96.76138,5.0,1.92071,-10771427.550054446,4343636.071445016,2014,11,29,20,26,32.99,2014.9147207959413,2
2469,36.44394,-97.06937,5.0,1.60009,-10805712.840023866,4361880.032443409,2014,11,29,21,15,28.8,2014.9148138261464,35
2470,36.31763,-96.75688,5.221,1.98854,-10770926.612345876,4344415.248944348,2014,11,30,2,29,37.06,2014.9154110914644,2
2471,36.31652,-96.75563,5.0,1.98758,-10770787.462982383,4344261.8957255585,2014,11,30,6,7,49.76,2014.9158259740918,2
2472,36.31652,-96.75563,5.0,2.00036,-10770787.462982383,4344261.8957255585,2014,11,30,6,33,37.36,2014.9158750145766,2
2475,36.34075,-97.05901,3.615,2.3,-10804559.570099248,4347609.913520133,2014,12,1,4,45,22.9,2014.9184070683448,7
2476,36.34087,-97.05882,3.192,3.18726,-10804538.419395996,4347626.497297504,2014,12,1,5,57,39.98,2014.9185445021167,7
2477,36.34075,-97.05901,3.615,2.31202,-10804559.570099248,4347609.913520133,2014,12,1,5,59,5.55,2014.9185472136664,7
2478,36.42363,-97.02744,5.744,2.11582,-10801045.213774903,4359069.869659605,2014,12,2,4,47,5.74,2014.921148177935,21
2479,36.42375,-97.0324,4.811,1.38444,-10801597.358449237,4359086.471121085,2014,12,2,4,48,19.38,2014.9211505114458,21
2480,36.31652,-96.75563,5.0,1.95583,-10770787.462982383,4344261.8957255585,2014,12,2,4,49,24.5,2014.921152574974,2
2483,36.34839,-97.08942,3.9,0.956926,-10807944.79581427,4348665.798325806,2014,12,2,8,31,23.7,2014.9215746349532,9
2484,36.37885,-96.94409,7.399,1.52801,-10791766.734217284,4352876.547484927,2014,12,2,22,38,50.49,2014.9231858724997,15
2486,36.30946,-96.86743,4.301,1.50665,-10783232.982053071,4343286.56510046,2014,12,3,13,27,46.68,2014.924875994372,12
2487,36.41277,-96.87357,5.117,1.55646,-10783916.483726542,4357567.543605629,2014,12,3,23,23,10.5,2014.9260080139175,56
2488,36.30946,-96.86743,4.301,2.2,-10783232.982053071,4343286.56510046,2014,12,4,2,42,40.0,2014.9263873044845,12
2489,36.30946,-96.86743,4.301,1.78708,-10783232.982053071,4343286.56510046,2014,12,4,2,45,12.75,2014.9263921448398,12
2490,36.47364,-97.0334,5.0,1.49012,-10801708.677940032,4365990.75326433,2014,12,4,11,28,29.45,2014.9273870462266,34
2491,36.31522,-96.76746,5.0,2.21618,-10772104.372558469,4344082.295633035,2014,12,4,15,12,11.85,2014.9278123764166,2
2493,36.34839,-97.08942,3.9,1.05167,-10807944.79581427,4348665.798325806,2014,12,5,3,24,43.25,2014.9292051122393,9
2495,36.3552,-97.09148,5.725,1.60027,-10808174.113965305,4349607.060471193,2014,12,5,13,34,1.21,2014.930363564086,10
2496,36.309,-96.96729,6.842,1.73486,-10794349.346403688,4343223.019710799,2014,12,5,13,54,34.42,2014.9304026421528,11
2497,36.34941,-97.08942,9.162,1.83448,-10807944.79581427,4348806.77507875,2014,12,5,14,54,43.47,2014.930517006046,9
2498,36.35328,-97.0904,5.613,2.13996,-10808053.888915248,4349341.6742629185,2014,12,5,14,55,42.23,2014.9305188680382,10
2499,36.3552,-97.09148,5.725,1.67703,-10808174.113965305,4349607.060471193,2014,12,5,16,39,37.57,2014.9307164540396,10
2500,36.42088,-97.03776,4.696,2.5,-10802194.03091989,4358689.426531508,2014,12,5,18,20,27.0,2014.9309081489087,21
2501,36.34926,-97.07487,2.956,1.52648,-10806325.097223228,4348786.043087488,2014,12,6,5,24,55.57,2014.9321715076558,8
2502,36.36661,-97.05404,8.185,1.40726,-10804006.312230004,4351184.308362164,2014,12,6,9,52,47.59,2014.932680799237,3
2506,36.41886,-97.03665,5.842,1.36577,-10802070.46628511,4358409.982343786,2014,12,8,7,49,34.71,2014.9379222345806,21
2507,36.41886,-97.03665,5.842,1.4173,-10802070.46628511,4358409.982343786,2014,12,9,0,5,39.14,2014.9397780293812,21
2510,36.36661,-97.05404,8.185,1.17415,-10804006.312230004,4351184.308362164,2014,12,9,5,16,39.53,2014.940369341458,3
2511,36.32715,-96.94881,2.523,2.20716,-10792292.162213828,4345730.584263041,2014,12,10,7,10,44.23,2014.9433240877,11
2515,36.31199,-96.76138,5.0,1.7868,-10771427.550054446,4343636.071445016,2014,12,11,5,25,50.31,2014.9458624961974,2
2516,36.34417,-97.08197,3.322,2.84015,-10807115.465607861,4348082.56118892,2014,12,11,9,48,37.6,2014.9463621314676,9
2517,36.309,-96.96729,6.842,1.827,-10794349.346403688,4343223.019710799,2014,12,11,15,31,14.72,2014.9470135472914,11
2518,36.36661,-97.05404,8.185,1.39561,-10804006.312230004,4351184.308362164,2014,12,12,9,48,37.55,2014.9490999806703,3
2519,36.35301,-97.08987,8.474,3.3,-10807994.889585128,4349304.354852333,2014,12,12,11,31,46.0,2014.9492960808172,10
2520,36.36661,-97.05404,8.185,1.32348,-10804006.312230004,4351184.308362164,2014,12,12,12,20,43.81,2014.9493891743984,3
2522,36.35609,-97.09142,5.0,1.42751,-10808167.434795856,4349730.080256881,2014,12,13,0,19,7.02,2014.950755032702,10
2524,36.3552,-97.09148,5.725,1.63954,-10808174.113965305,4349607.060471193,2014,12,13,6,36,4.47,2014.9514717364439,10
2525,36.31522,-96.76746,5.0,2.07594,-10772104.372558469,4344082.295633035,2014,12,13,13,18,18.23,2014.95223648915,2
2526,36.31522,-96.76746,5.0,2.15866,-10772104.372558469,4344082.295633035,2014,12,13,13,21,0.4,2014.9522416280072,2
2527,36.34894,-97.08995,6.723,1.8,-10808003.795144392,4348741.814972954,2014,12,13,15,55,59.0,2014.9525362828606,9
2528,36.31522,-96.76746,5.0,2.05191,-10772104.372558469,4344082.295633035,2014,12,14,0,46,9.6,2014.9535442999468,2
2529,36.31522,-96.76746,5.0,2.18715,-10772104.372558469,4344082.295633035,2014,12,14,1,46,4.87,2014.9536582271783,2
2530,36.31522,-96.76746,5.0,2.5,-10772104.372558469,4344082.295633035,2014,12,14,6,2,22.0,2014.954145499024,2
2531,36.31652,-96.75563,5.0,2.20567,-10770787.462982383,4344261.8957255585,2014,12,14,6,6,37.88,2014.9541536073718,2
2532,36.31522,-96.76746,5.0,2.92632,-10772104.372558469,4344082.295633035,2014,12,14,6,10,55.14,2014.9541617594493,2
2533,36.31652,-96.75563,5.0,2.42878,-10770787.462982383,4344261.8957255585,2014,12,14,6,22,25.76,2014.9541836438766,2
2534,36.31578,-96.76867,2.853,1.80869,-10772239.069142329,4344159.661459526,2014,12,14,7,10,6.41,2014.954274292405,2
2535,36.31652,-96.75563,5.0,2.64101,-10770787.462982383,4344261.8957255585,2014,12,14,7,33,47.49,2014.9543193237128,2
2536,36.31652,-96.75563,5.0,2.25802,-10770787.462982383,4344261.8957255585,2014,12,14,8,13,48.28,2014.9543954001572,2
2537,36.31522,-96.76746,5.0,1.96795,-10772104.372558469,4344082.295633035,2014,12,14,8,23,23.94,2014.9544136417219,2
2538,36.31763,-96.75688,5.221,2.1589,-10770926.612345876,4344415.248944348,2014,12,14,8,36,27.98,2014.9544384864503,2
2539,36.31652,-96.75563,5.0,2.08282,-10770787.462982383,4344261.8957255585,2014,12,14,9,30,4.63,2014.9545404159378,2
2540,36.31652,-96.75563,5.0,2.9,-10770787.462982383,4344261.8957255585,2014,12,14,10,11,20.0,2014.9546188556799,2
2541,36.31763,-96.75688,5.221,3.39724,-10770926.612345876,4344415.248944348,2014,12,14,10,12,41.13,2014.9546214265342,2
2542,36.31763,-96.75688,5.221,2.7767,-10770926.612345876,4344415.248944348,2014,12,14,10,14,9.25,2014.9546242188887,2
2543,36.31435,-96.761,3.584,1.88434,-10771385.248647943,4343962.103397845,2014,12,14,10,17,48.24,2014.954631158263,2
2544,36.31763,-96.75688,5.221,3.1,-10770926.612345876,4344415.248944348,2014,12,14,10,19,54.0,2014.9546351433569,2
2545,36.31522,-96.76746,5.0,3.04206,-10772104.372558469,4344082.295633035,2014,12,14,10,22,22.22,2014.9546398401653,2
2546,36.31578,-96.76867,2.853,2.1,-10772239.069142329,4344159.661459526,2014,12,14,10,24,22.0,2014.9546436357643,2
2547,36.31435,-96.761,3.584,2.5,-10771385.248647943,4343962.103397845,2014,12,14,10,25,57.0,2014.9546466461327,2
2548,36.31527,-96.77116,3.335,2.91883,-10772516.254674403,4344089.203273518,2014,12,14,10,27,36.33,2014.9546497937106,2
2549,36.31578,-96.76867,2.853,1.88604,-10772239.069142329,4344159.661459526,2014,12,14,10,35,49.93,2014.9546654349506,2
2550,36.31652,-96.75563,5.0,1.96539,-10770787.462982383,4344261.8957255585,2014,12,14,11,10,0.28,2014.9547304066216,2
2551,36.31527,-96.77116,3.335,1.86373,-10772516.254674403,4344089.203273518,2014,12,14,11,15,55.57,2014.9547416650823,2
2552,36.31527,-96.77116,3.335,1.99973,-10772516.254674403,4344089.203273518,2014,12,14,11,24,54.97,2014.954758757637,2
2553,36.31527,-96.77116,3.335,2.9,-10772516.254674403,4344089.203273518,2014,12,14,11,25,50.0,2014.9547605014322,2
2554,36.31527,-96.77116,3.335,2.05792,-10772516.254674403,4344089.203273518,2014,12,14,11,45,11.82,2014.9547973172864,2
2555,36.31435,-96.761,3.584,1.79414,-10771385.248647943,4343962.103397845,2014,12,14,11,49,17.57,2014.954805104634,2
2556,36.31578,-96.76867,2.853,1.86972,-10772239.069142329,4344159.661459526,2014,12,14,11,52,1.28,2014.9548102922909,2
2557,36.31527,-96.77116,3.335,1.91682,-10772516.254674403,4344089.203273518,2014,12,14,11,58,11.93,2014.9548220374807,2
2558,36.31578,-96.76867,2.853,2.16894,-10772239.069142329,4344159.661459526,2014,12,14,11,59,39.02,2014.9548247971961,2
2559,36.31578,-96.76867,2.853,1.90889,-10772239.069142329,4344159.661459526,2014,12,14,12,55,24.94,2014.954930823003,2
2560,36.31435,-96.761,3.584,2.00534,-10771385.248647943,4343962.103397845,2014,12,14,14,22,29.59,2014.955096382171,2
2561,36.31435,-96.761,3.584,1.96712,-10771385.248647943,4343962.103397845,2014,12,14,14,33,13.27,2014.9551167791594,2
2562,36.31522,-96.76746,5.0,2.27921,-10772104.372558469,4344082.295633035,2014,12,14,15,3,55.75,2014.9551751638273,2
2563,36.31522,-96.76746,5.0,2.30255,-10772104.372558469,4344082.295633035,2014,12,14,15,17,54.42,2014.955201739676,2
2564,36.31578,-96.76867,2.853,2.04995,-10772239.069142329,4344159.661459526,2014,12,14,16,13,37.91,2014.9553076884808,2
2565,36.31527,-96.77116,3.335,2.07111,-10772516.254674403,4344089.203273518,2014,12,14,16,36,31.67,2014.9553512203083,2
2566,36.31578,-96.76867,2.853,2.0474,-10772239.069142329,4344159.661459526,2014,12,14,17,9,18.21,2014.9554135362005,2
2567,36.31435,-96.761,3.584,1.98088,-10771385.248647943,4343962.103397845,2014,12,14,17,14,34.04,2014.9554235442492,2
2568,36.31578,-96.76867,2.853,2.10138,-10772239.069142329,4344159.661459526,2014,12,14,18,33,5.22,2014.9555728325347,2
2569,36.31867,-96.75527,4.679,1.80116,-10770747.387965698,4344558.933220985,2014,12,14,19,21,23.53,2014.9556646744365,2
2570,36.31867,-96.75527,4.679,1.7965,-10770747.387965698,4344558.933220985,2014,12,14,19,26,17.73,2014.955673997072,2
2571,36.31867,-96.75527,4.679,2.20205,-10770747.387965698,4344558.933220985,2014,12,14,19,48,20.78,2014.9557159219967,2
2572,36.31867,-96.75527,4.679,1.59495,-10770747.387965698,4344558.933220985,2014,12,14,20,0,18.58,2014.955738667706,2
2573,36.31867,-96.75527,4.679,4.0,-10770747.387965698,4344558.933220985,2014,12,14,21,18,20.0,2014.955887012954,2
2574,36.30882,-96.76205,5.0,3.00837,-10771502.134113276,4343198.154225587,2014,12,14,21,22,22.25,2014.9558946893933,2
2575,36.32464,-96.75354,4.895,2.14201,-10770554.805246627,4345383.773324507,2014,12,14,21,25,11.9,2014.9559000652775,2
2576,36.3126,-96.75706,4.047,2.09775,-10770946.649854219,4343720.341470066,2014,12,14,21,27,50.22,2014.9559050821356,2
2577,36.31199,-96.76138,5.0,2.06553,-10771427.550054446,4343636.071445016,2014,12,14,21,29,37.92,2014.9559084949426,2
2578,36.3117,-96.76504,3.476,1.95807,-10771834.97939075,4343596.008877459,2014,12,14,21,32,28.1,2014.9559138876214,2
2579,36.32141,-96.75716,3.209,2.2,-10770957.781803299,4344937.495206102,2014,12,14,21,35,56.0,2014.9559204755749,2
2580,36.31458,-96.77009,3.051,1.53775,-10772397.142819254,4343993.878226142,2014,12,14,21,40,6.95,2014.9559284277004,2
2581,36.31458,-96.77009,3.051,1.9,-10772397.142819254,4343993.878226142,2014,12,14,21,52,14.0,2014.9559514665248,2
2582,36.30882,-96.76205,5.0,1.95924,-10771502.134113276,4343198.154225587,2014,12,14,21,55,51.05,2014.955958344424,2
2583,36.3126,-96.75706,4.047,1.7871,-10770946.649854219,4343720.341470066,2014,12,14,22,5,0.3,2014.9559757491063,2
2584,36.31458,-96.77009,3.051,1.2396,-10772397.142819254,4343993.878226142,2014,12,14,22,12,36.47,2014.9559902042615,2
2585,36.30914,-96.77006,3.043,2.2,-10772393.803234532,4343242.359572314,2014,12,14,22,13,40.0,2014.9559922174055,2
2586,36.31199,-96.76138,5.0,2.74148,-10771427.550054446,4343636.071445016,2014,12,14,22,25,31.52,2014.956014764114,2
2587,36.31578,-96.76867,2.853,1.83805,-10772239.069142329,4344159.661459526,2014,12,14,22,33,47.42,2014.9560304782367,2
2588,36.30914,-96.77006,3.043,1.9684,-10772393.803234532,4343242.359572314,2014,12,14,22,41,0.99,2014.9560442172408,2
2589,36.31199,-96.76138,5.0,2.8,-10771427.550054446,4343636.071445016,2014,12,14,22,49,37.0,2014.956060568611,2
2593,36.31488,-96.75426,5.0,2.8,-10770634.955279997,4344035.323795242,2014,12,14,23,20,54.0,2014.956120047152,2
2594,36.32464,-96.75354,4.895,1.97794,-10770554.805246627,4345383.773324507,2014,12,14,23,30,54.45,2014.9561390742642,2
2595,36.30882,-96.76205,5.0,1.82855,-10771502.134113276,4343198.154225587,2014,12,14,23,44,9.89,2014.9561642802369,2
2596,36.30882,-96.76205,5.0,1.79327,-10771502.134113276,4343198.154225587,2014,12,14,23,51,17.4,2014.9561778272111,2
2597,36.31366,-96.75103,5.246,2.38554,-10770275.393324735,4343866.779475423,2014,12,15,0,15,58.3,2014.9562247541005,2
2598,36.31458,-96.77009,3.051,1.22318,-10772397.142819254,4343993.878226142,2014,12,15,0,40,44.35,2014.9562718441834,2
2599,36.30882,-96.76205,5.0,1.74037,-10771502.134113276,4343198.154225587,2014,12,15,0,52,23.25,2014.956293990988,2
2600,36.30914,-96.77006,3.043,1.79818,-10772393.803234532,4343242.359572314,2014,12,15,1,2,9.92,2014.9563125814384,2
2601,36.32464,-96.75354,4.895,1.52435,-10770554.805246627,4345383.773324507,2014,12,15,1,38,13.42,2014.9563811386163,2
2602,36.32464,-96.75354,4.895,1.81238,-10770554.805246627,4345383.773324507,2014,12,15,2,2,43.17,2014.9564277121835,2
2603,36.3126,-96.75706,4.047,3.0,-10770946.649854219,4343720.341470066,2014,12,15,2,32,50.0,2014.956484967171,2
2604,36.32464,-96.75354,4.895,1.52295,-10770554.805246627,4345383.773324507,2014,12,15,2,47,9.99,2014.9565122186098,2
2606,36.417,-96.8655,3.977,1.53202,-10783018.13543584,4358152.678776818,2014,12,15,3,38,23.5,2014.9566096122646,57
2607,36.30882,-96.76205,5.0,1.81009,-10771502.134113276,4343198.154225587,2014,12,15,4,7,0.22,2014.9566640118387,2
2608,36.30882,-96.76205,5.0,1.90435,-10771502.134113276,4343198.154225587,2014,12,15,4,8,0.18,2014.9566659118564,2
2609,36.30882,-96.76205,5.0,2.7,-10771502.134113276,4343198.154225587,2014,12,15,4,13,5.0,2014.9566755710193,2
2610,36.32464,-96.75354,4.895,2.08756,-10770554.805246627,4345383.773324507,2014,12,15,4,16,2.08,2014.9566811823458,2
2611,36.31366,-96.75103,5.246,2.65439,-10770275.393324735,4343866.779475423,2014,12,15,4,28,0.2,2014.9567039381955,2
2612,36.34926,-97.07487,2.956,2.0,-10806325.097223228,4348786.043087488,2014,12,15,4,30,56.0,2014.9567095089615,8
2613,36.30914,-96.77006,3.043,1.73162,-10772393.803234532,4343242.359572314,2014,12,15,5,6,27.85,2014.9567770632113,2
2614,36.32141,-96.75716,3.209,1.59133,-10770957.781803299,4344937.495206102,2014,12,15,5,24,27.54,2014.956811276523,2
2615,36.30882,-96.76205,5.0,1.78211,-10771502.134113276,4343198.154225587,2014,12,15,6,4,19.75,2014.9568870810836,2
2616,36.30914,-96.77006,3.043,1.95388,-10772393.803234532,4343242.359572314,2014,12,15,7,3,38.65,2014.9569998558193,2
2617,36.31522,-96.76746,5.0,2.04559,-10772104.372558469,4344082.295633035,2014,12,15,7,42,9.95,2014.9570730964965,2
2618,36.3117,-96.76504,3.476,1.91801,-10771834.97939075,4343596.008877459,2014,12,15,8,4,5.02,2014.9571147685501,2
2619,36.32141,-96.75716,3.209,1.60874,-10770957.781803299,4344937.495206102,2014,12,15,9,28,30.7,2014.957275290263,2
2620,36.31366,-96.75103,5.246,2.66739,-10770275.393324735,4343866.779475423,2014,12,15,10,4,1.73,2014.9573428185286,2
2621,36.30914,-96.77006,3.043,2.27368,-10772393.803234532,4343242.359572314,2014,12,15,17,35,56.46,2014.958202032474,2
2622,36.31366,-96.75103,5.246,2.67898,-10770275.393324735,4343866.779475423,2014,12,15,20,33,20.87,2014.9585393334728,2
2623,36.34705,-97.07486,5.0,2.1249,-10806323.98402832,4348480.596378728,2014,12,16,12,30,33.4,2014.9603592605267,8
2624,36.34839,-97.08942,3.9,1.97443,-10807944.79581427,4348665.798325806,2014,12,16,16,53,59.37,2014.960860121492,9
2625,36.32464,-96.75354,4.895,1.86102,-10770554.805246627,4345383.773324507,2014,12,16,20,59,56.71,2014.9613277533779,2
2626,36.34894,-97.08995,6.723,0.961826,-10808003.795144392,4348741.814972954,2014,12,17,4,1,6.25,2014.9621284967805,9
2627,36.35432,-97.09295,5.0,1.86442,-10808337.75361677,4349485.424313206,2014,12,17,11,28,32.09,2014.962979190116,10
2628,36.32484,-96.75285,3.604,1.97429,-10770477.994797979,4345411.407252652,2014,12,18,2,15,4.55,2014.9646647574593,2
2629,36.32484,-96.75285,3.604,2.7,-10770477.994797979,4345411.407252652,2014,12,18,2,51,24.0,2014.9647338200623,2
2630,36.36661,-97.05404,8.185,1.48667,-10804006.312230004,4351184.308362164,2014,12,18,4,24,41.96,2014.9649112087104,3
2631,36.31366,-96.75103,5.246,2.42281,-10770275.393324735,4343866.779475423,2014,12,18,18,2,22.53,2014.9664658443608,2
2632,36.31366,-96.75103,5.246,2.40582,-10770275.393324735,4343866.779475423,2014,12,18,19,35,30.1,2014.9666429037695,2
2633,36.31366,-96.75103,5.246,2.5,-10770275.393324735,4343866.779475423,2014,12,18,19,45,40.5,2014.9666622461784,2
2634,36.36661,-97.05404,8.185,2.05687,-10804006.312230004,4351184.308362164,2014,12,19,5,52,34.16,2014.9678161254342,3
2636,36.35921,-96.93045,2.558,2.2386,-10790248.336362865,4350161.3517382005,2014,12,19,16,57,23.76,2014.9690801505817,16
2637,36.36661,-97.05404,8.185,2.9,-10804006.312230004,4351184.308362164,2014,12,20,0,0,40.0,2014.969884908865,3
2638,36.36661,-97.05404,8.185,1.5672,-10804006.312230004,4351184.308362164,2014,12,20,0,4,24.73,2014.9698920301291,3
2639,36.36661,-97.05404,8.185,1.74077,-10804006.312230004,4351184.308362164,2014,12,20,0,6,50.21,2014.969896640112,3
2641,36.31366,-96.75103,5.246,2.09198,-10770275.393324735,4343866.779475423,2014,12,20,2,48,13.37,2014.9702034809363,2
2644,36.36661,-97.05404,8.185,1.21543,-10804006.312230004,4351184.308362164,2014,12,20,12,59,24.43,2014.9713655167059,3
2647,36.30712,-96.95463,5.0,1.7,-10792940.041650245,4342963.316362945,2014,12,20,15,59,48.82,2014.9717085209268,11
2649,36.36661,-97.05404,8.185,1.43244,-10804006.312230004,4351184.308362164,2014,12,20,22,35,54.49,2014.9724616095648,3
2650,36.36661,-97.05404,8.185,1.28797,-10804006.312230004,4351184.308362164,2014,12,20,23,7,47.48,2014.97252222856,3
2651,36.34894,-97.08995,6.723,0.948797,-10808003.795144392,4348741.814972954,2014,12,21,0,15,17.59,2014.972650568801,9
2652,36.31366,-96.75103,5.246,1.80119,-10770275.393324735,4343866.779475423,2014,12,21,2,57,13.8,2014.9729584569168,2
2653,36.31366,-96.75103,5.246,2.5,-10770275.393324735,4343866.779475423,2014,12,21,3,31,59.0,2014.9730245329176,2
2654,36.30712,-96.95463,5.0,1.7,-10792940.041650245,4342963.316362945,2014,12,21,5,18,33.0,2014.9732271465512,11
2655,36.30712,-96.95463,5.0,1.51077,-10792940.041650245,4342963.316362945,2014,12,21,6,39,24.09,2014.973380868317,11
2656,36.37025,-96.96371,3.393,2.6,-10793950.82262665,4351687.528128099,2014,12,21,20,53,50.17,2014.975005392362,15
2657,36.36661,-97.05404,8.185,1.73745,-10804006.312230004,4351184.308362164,2014,12,22,2,28,35.36,2014.9756418536265,3
2659,36.3117,-96.76504,3.476,1.86161,-10771834.97939075,4343596.008877459,2014,12,22,8,30,32.9,2014.976330040941,2
2660,36.36531,-97.06506,1.98,1.06538,-10805233.053018546,4351004.592722421,2014,12,22,8,43,26.65,2014.976354559599,3
2661,36.36531,-97.06506,1.98,1.13775,-10805233.053018546,4351004.592722421,2014,12,22,9,26,23.02,2014.9764361998377,3
2662,36.31366,-96.75103,5.246,1.85633,-10770275.393324735,4343866.779475423,2014,12,23,6,45,14.37,2014.9788676695946,2
2663,36.3117,-96.76504,3.476,1.97913,-10771834.97939075,4343596.008877459,2014,12,23,21,24,47.22,2014.9805399402996,2
2664,36.3117,-96.76504,3.476,1.72569,-10771834.97939075,4343596.008877459,2014,12,24,0,45,34.15,2014.9809216844753,2
2669,36.32141,-96.75716,3.209,2.2,-10770957.781803299,4344937.495206102,2014,12,24,10,46,57.0,2014.9820650809947,2
2670,36.3117,-96.76504,3.476,1.8807,-10771834.97939075,4343596.008877459,2014,12,25,10,22,35.15,2014.9847566085507,2
2671,36.3117,-96.76504,3.476,2.6,-10771834.97939075,4343596.008877459,2014,12,25,10,53,7.0,2014.9848146563743,2
2673,36.36619,-97.05422,8.185,2.42924,-10804026.349738348,4351126.246057921,2014,12,25,23,10,45.71,2014.9862171302634,3
2674,36.36531,-97.06506,1.98,3.4,-10805233.053018546,4351004.592722421,2014,12,25,23,11,36.0,2014.9862187238573,3
2675,36.3117,-96.76504,3.476,1.67139,-10771834.97939075,4343596.008877459,2014,12,26,6,58,33.05,2014.987106530598,2
2676,36.31353,-96.76501,2.853,2.1,-10771831.639806025,4343848.8199902885,2014,12,27,1,16,24.55,2014.9891938724745,2
2678,36.30914,-96.77006,3.043,2.11743,-10772393.803234532,4343242.359572314,2014,12,27,18,35,8.1,2014.9911687865997,2
2679,36.31691,-96.965,6.767,1.96918,-10794094.424769772,4344315.776337375,2014,12,28,0,30,23.5,2014.9918442308667,11
2684,36.3117,-96.76504,3.476,1.67223,-10771834.97939075,4343596.008877459,2014,12,31,19,35,46.93,2015.0022354973128,2
2685,36.30877,-96.76041,5.0,2.3,-10771319.570148375,4343191.247156549,2014,12,31,20,28,40.0,2015.0023360458335,2
2686,36.30877,-96.76041,5.0,2.20491,-10771319.570148375,4343191.247156549,2014,12,31,21,49,17.7,2015.002489343296,2
2691,36.34894,-97.08995,6.723,0.912485,-10808003.795144392,4348741.814972954,2015,1,1,6,33,37.89,2015.0034862565594,9
2696,36.3471,-97.08712,2.951,2.3,-10807688.760985447,4348487.506841896,2015,1,2,19,5,38.0,2015.0076538773544,9
2697,36.3471,-97.08712,2.951,1.614,-10807688.760985447,4348487.506841896,2015,1,2,20,57,34.47,2015.0078667094456,9
2698,36.3471,-97.08712,2.951,1.28489,-10807688.760985447,4348487.506841896,2015,1,2,21,10,15.4,2015.0078908218622,9
2699,36.3471,-97.08712,2.951,2.19309,-10807688.760985447,4348487.506841896,2015,1,2,21,49,46.22,2015.0079659486146,9
2700,36.30834,-96.97057,5.0,1.37492,-10794714.47433349,4343131.846545652,2015,1,3,0,26,36.75,2015.0082641503157,11
2704,36.4476,-97.05848,4.002,1.56598,-10804500.570769127,4362386.5210836325,2015,1,4,12,56,57.56,2015.0124286244834,38
2705,36.30877,-96.76041,5.0,1.55855,-10771319.570148375,4343191.247156549,2015,1,4,17,32,52.97,2015.0129532337694,2
2706,36.30284,-96.97423,5.0,1.74835,-10795121.903669795,4342372.100177976,2015,1,4,17,43,6.47,2015.0129726744112,11
2707,36.32184,-96.76173,5.0,2.826,-10771466.511876224,4344996.905776898,2015,1,5,7,44,35.95,2015.0145725894872,2
2708,36.31366,-96.75103,5.246,2.40251,-10770275.393324735,4343866.779475423,2015,1,5,15,50,25.6,2015.0154962861561,2
2709,36.31366,-96.75103,5.246,2.14467,-10770275.393324735,4343866.779475423,2015,1,6,5,3,20.8,2015.0170038532715,2
2710,36.31366,-96.75103,5.246,2.39907,-10770275.393324735,4343866.779475423,2015,1,6,14,27,41.15,2015.0180768230157,2
2711,36.41147,-96.86867,3.531,1.73029,-10783371.018221656,4357387.721230886,2015,1,7,23,29,3.37,2015.0218439732425,56
2714,36.34508,-97.08536,5.0,1.51209,-10807492.83868165,4348208.327661479,2015,1,10,13,6,14.6,2015.0288733807388,9
2715,36.34508,-97.08536,5.0,1.64756,-10807492.83868165,4348208.327661479,2015,1,10,13,9,35.65,2015.0288797516287,9
2716,36.3507,-97.08778,5.0,1.92944,-10807762.231849369,4348985.071852446,2015,1,11,5,35,12.67,2015.0307536907117,9
2717,36.34839,-97.08942,3.9,1.82234,-10807944.79581427,4348665.798325806,2015,1,11,5,46,28.82,2015.0307751166122,9
2718,36.34839,-97.08942,3.9,1.1562,-10807944.79581427,4348665.798325806,2015,1,11,6,22,48.34,2015.0308441814334,9
2721,36.41147,-96.86867,3.531,1.59006,-10783371.018221656,4357387.721230886,2015,1,11,23,38,48.47,2015.0328139170913,56
2723,36.3507,-97.08778,5.0,1.44304,-10807762.231849369,4348985.071852446,2015,1,12,6,40,48.2,2015.033616250919,9
2724,36.41886,-97.03665,5.842,1.47316,-10802070.46628511,4358409.982343786,2015,1,12,8,10,54.37,2015.0337875621087,21
2725,36.4197,-96.91738,4.167,1.67924,-10788793.390618196,4358526.185974637,2015,1,12,9,42,1.8,2015.0339608145107,52
2728,36.34417,-97.08197,3.322,1.89676,-10807115.465607861,4348082.56118892,2015,1,12,20,45,50.45,2015.0352229082694,9
2729,36.34417,-97.08197,3.322,1.94818,-10807115.465607861,4348082.56118892,2015,1,12,21,55,45.88,2015.0353558534237,9
2732,36.31157,-96.8814,4.26,1.41696,-10784788.115339454,4343578.049843824,2015,1,13,5,54,15.72,2015.0362656133545,12
2734,36.34508,-97.08536,5.0,1.76916,-10807492.83868165,4348208.327661479,2015,1,13,14,39,39.45,2015.0372645400791,9
2736,36.35486,-97.09082,10.354,1.67114,-10808100.64310138,4349560.064519873,2015,1,14,1,36,8.13,2015.0385126920298,10
2737,36.34508,-97.08536,5.0,1.9527,-10807492.83868165,4348208.327661479,2015,1,14,2,34,40.33,2015.0386239869317,9
2738,36.34508,-97.08536,5.0,2.0803,-10807492.83868165,4348208.327661479,2015,1,14,3,53,38.78,2015.0387741393515,9
2740,36.33394,-96.80823,5.0,2.51406,-10776642.86819811,4346668.826020648,2015,1,15,6,53,32.22,2015.0418540136131,4
2741,36.41628,-96.89044,3.776,2.17865,-10785794.443536226,4358053.07905041,2015,1,15,9,36,17.3,2015.0421634503257,54
2742,36.33905,-97.06159,5.0,1.44039,-10804846.774385493,4347374.979419053,2015,1,16,17,28,55.06,2015.045799904302,7
2743,36.33905,-97.06159,5.0,1.48545,-10804846.774385493,4347374.979419053,2015,1,16,17,37,37.61,2015.0458164629122,7
2744,36.34417,-97.08197,3.322,1.60746,-10807115.465607861,4348082.56118892,2015,1,17,5,18,50.13,2015.0471496606206,9
2745,36.34417,-97.08197,3.322,1.96632,-10807115.465607861,4348082.56118892,2015,1,17,5,19,27.77,2015.04715085336,9
2746,36.34417,-97.08197,3.322,1.68968,-10807115.465607861,4348082.56118892,2015,1,17,7,16,8.43,2015.047372690889,9
2747,36.34839,-97.08942,3.9,1.64036,-10807944.79581427,4348665.798325806,2015,1,17,8,7,48.12,2015.0474709141379,9
2749,36.30055,-96.87495,5.028,1.89075,-10784070.104623837,4342055.785216048,2015,1,17,21,26,42.02,2015.0489898477704,12
2751,36.46501,-97.09336,5.0,1.82376,-10808383.394607997,4364796.129001246,2015,1,18,16,40,11.45,2015.0511829622658,14
2753,36.30055,-96.87495,5.028,1.4415,-10784070.104623837,4342055.785216048,2015,1,19,0,19,7.9,2015.0520555397115,12
2754,36.30055,-96.87495,5.028,2.69495,-10784070.104623837,4342055.785216048,2015,1,19,9,41,15.98,2015.0531243180724,12
2755,36.30055,-96.87495,5.028,2.5,-10784070.104623837,4342055.785216048,2015,1,19,11,5,1.0,2015.0532835513475,12
2756,36.30055,-96.87495,5.028,1.43053,-10784070.104623837,4342055.785216048,2015,1,19,11,16,6.27,2015.0533046324815,12
2757,36.30055,-96.87495,5.028,1.91821,-10784070.104623837,4342055.785216048,2015,1,19,14,3,11.88,2015.0536223248916,12
2762,36.34839,-97.08942,3.9,1.36501,-10807944.79581427,4348665.798325806,2015,1,21,3,16,59.47,2015.057869402933,9
2763,36.34417,-97.08197,3.322,2.65239,-10807115.465607861,4348082.56118892,2015,1,21,4,26,30.0,2015.058001559054,9
2764,36.34417,-97.08197,3.322,1.61375,-10807115.465607861,4348082.56118892,2015,1,21,4,42,27.4,2015.0580318972293,9
2765,36.34417,-97.08197,3.322,1.73543,-10807115.465607861,4348082.56118892,2015,1,21,5,16,18.65,2015.0580962636575,9
2767,36.34894,-97.08995,6.723,1.27165,-10808003.795144392,4348741.814972954,2015,1,21,6,39,47.34,2015.058254979466,9
2780,36.34769,-97.07845,5.0,1.6029,-10806723.62100027,4348569.050642407,2015,1,22,10,40,36.13,2015.0614506847796,8
2781,36.31366,-96.75103,5.246,2.59593,-10770275.393324735,4343866.779475423,2015,1,22,14,15,29.6,2015.0618592541891,2
2782,36.31366,-96.75103,5.246,2.48966,-10770275.393324735,4343866.779475423,2015,1,22,14,35,51.98,2015.061897989074,2
2786,36.34705,-97.07486,5.0,1.87236,-10806323.98402832,4348480.596378728,2015,1,23,7,4,10.75,2015.063777053705,8
2787,36.33778,-96.81194,4.685,2.1615,-10777055.863508955,4347199.473172141,2015,1,23,9,5,43.22,2015.0640081381348,4
2803,36.41887,-96.89477,5.784,1.83192,-10786276.45693136,4358411.365712951,2015,1,24,20,1,42.16,2015.067993198469,54
2804,36.34417,-97.08197,3.322,2.09698,-10807115.465607861,4348082.56118892,2015,1,25,5,50,32.38,2015.0691127455827,9
2806,36.44394,-97.06937,5.0,2.20889,-10805712.840023866,4361880.032443409,2015,1,26,3,57,50.26,2015.0716363177175,35
2808,36.34508,-97.08536,5.0,1.64419,-10807492.83868165,4348208.327661479,2015,1,26,10,36,34.35,2015.0723944263823,9
2809,36.34508,-97.08536,5.0,1.76607,-10807492.83868165,4348208.327661479,2015,1,26,15,24,28.3,2015.0729418048268,9
2810,36.34839,-97.08942,3.9,1.28456,-10807944.79581427,4348665.798325806,2015,1,27,9,10,34.12,2015.074968759348,9
2811,36.34769,-97.07845,5.0,2.05912,-10806723.62100027,4348569.050642407,2015,1,27,15,17,36.83,2015.0756666169164,8
2812,36.34769,-97.07845,5.0,1.96025,-10806723.62100027,4348569.050642407,2015,1,27,15,19,40.1,2015.075670523107,8
2813,36.34769,-97.07845,5.0,1.7,-10806723.62100027,4348569.050642407,2015,1,27,15,23,46.0,2015.0756783152078,8
2814,36.34769,-97.07845,5.0,2.05041,-10806723.62100027,4348569.050642407,2015,1,27,15,24,30.68,2015.0756797310314,8
2815,36.34839,-97.08942,3.9,1.54348,-10807944.79581427,4348665.798325806,2015,1,27,15,25,31.37,2015.0756816541816,9
2816,36.34839,-97.08942,3.9,1.24351,-10807944.79581427,4348665.798325806,2015,1,27,17,4,50.22,2015.0758704787436,9
2817,36.34839,-97.08942,3.9,1.78775,-10807944.79581427,4348665.798325806,2015,1,27,20,31,4.77,2015.0762626045707,9
2818,36.34417,-97.08197,3.322,1.76504,-10807115.465607861,4348082.56118892,2015,1,27,22,19,51.18,2015.076469414024,9
2819,36.3507,-97.08778,5.0,1.46127,-10807762.231849369,4348985.071852446,2015,1,28,3,51,18.15,2015.0770995940757,9
2820,36.34769,-97.07845,5.0,1.20386,-10806723.62100027,4348569.050642407,2015,1,28,4,12,34.8,2015.0771400486728,8
2824,36.34839,-97.08942,3.9,1.01493,-10807944.79581427,4348665.798325806,2015,1,28,23,43,20.12,2015.0793659885417,9
2825,36.45081,-97.07419,5.0,1.45493,-10806249.39996949,4362830.756199406,2015,1,29,7,23,19.46,2015.080240558851,35
2826,36.45081,-97.07419,5.0,1.72359,-10806249.39996949,4362830.756199406,2015,1,29,14,0,13.14,2015.080995168834,35
2827,36.44379,-97.06431,5.0,2.1547,-10805149.563400453,4361859.275221921,2015,1,29,17,7,27.33,2015.0813511588333,39
2831,36.34839,-97.08942,3.9,1.42954,-10807944.79581427,4348665.798325806,2015,1,30,4,20,55.87,2015.0826316281973,9
2832,36.34839,-97.08942,3.9,1.04206,-10807944.79581427,4348665.798325806,2015,1,30,4,23,15.84,2015.082636063579,9
2833,36.34839,-97.08942,3.9,2.3,-10807944.79581427,4348665.798325806,2015,1,30,5,24,39.0,2015.0827527758765,9
2834,36.34839,-97.08942,3.9,2.1092,-10807944.79581427,4348665.798325806,2015,1,30,5,26,1.0,2015.0827553742997,9
2835,36.34839,-97.08942,3.9,1.50635,-10807944.79581427,4348665.798325806,2015,1,30,5,28,47.47,2015.0827606494156,9
2836,36.34417,-97.08197,3.322,1.61277,-10807115.465607861,4348082.56118892,2015,1,30,9,25,45.55,2015.0832111931832,9
2841,36.3479,-97.09058,5.076,2.4,-10808073.926423592,4348598.0748561,2015,1,30,12,14,44.0,2015.0835324612772,9
2844,36.3479,-97.09058,5.076,1.4415,-10808073.926423592,4348598.0748561,2015,1,30,14,30,49.82,2015.0837912204984,9
2845,36.3479,-97.09058,5.076,1.59138,-10808073.926423592,4348598.0748561,2015,1,30,14,42,17.05,2015.083812997503,9
2846,36.3507,-97.08778,5.0,1.63223,-10807762.231849369,4348985.071852446,2015,1,30,17,55,47.5,2015.0841809104622,9
2847,36.34705,-97.07486,5.0,1.84166,-10806323.98402832,4348480.596378728,2015,1,30,18,4,5.37,2015.0841966870105,8
2848,36.34678,-97.08654,3.146,1.43517,-10807624.195680786,4348443.279954296,2015,1,30,19,18,24.5,2015.0843379883133,9
2849,36.34678,-97.08654,3.146,1.35403,-10807624.195680786,4348443.279954296,2015,1,31,0,35,26.85,2015.0849407702106,9
2850,36.34678,-97.08654,3.146,1.37774,-10807624.195680786,4348443.279954296,2015,1,31,0,48,13.72,2015.0849650708547,9
2851,36.3479,-97.09058,5.076,1.25023,-10808073.926423592,4348598.0748561,2015,1,31,1,50,3.92,2015.085082639998,9
2852,36.34678,-97.08654,3.146,1.69659,-10807624.195680786,4348443.279954296,2015,1,31,2,20,9.85,2015.0851398664663,9
2853,36.34678,-97.08654,3.146,1.29679,-10807624.195680786,4348443.279954296,2015,1,31,3,29,37.7,2015.0852719376633,9
2854,36.34678,-97.08654,3.146,1.89459,-10807624.195680786,4348443.279954296,2015,1,31,3,32,51.75,2015.0852780867367,9
2855,36.34678,-97.08654,3.146,2.24554,-10807624.195680786,4348443.279954296,2015,1,31,3,46,35.05,2015.0853041755392,9
2856,36.34678,-97.08654,3.146,1.37085,-10807624.195680786,4348443.279954296,2015,1,31,3,48,32.9,2015.0853079099804,9
2857,36.34839,-97.08942,3.9,1.09622,-10807944.79581427,4348665.798325806,2015,1,31,4,44,28.09,2015.085414229536,9
2858,36.34678,-97.08654,3.146,1.71304,-10807624.195680786,4348443.279954296,2015,1,31,5,15,59.55,2015.0854741662863,9
2859,36.34678,-97.08654,3.146,1.70767,-10807624.195680786,4348443.279954296,2015,1,31,6,11,28.2,2015.08557964484,9
2860,36.3479,-97.09058,5.076,1.60598,-10808073.926423592,4348598.0748561,2015,1,31,6,30,42.59,2015.0856162252517,9
2861,36.34678,-97.08654,3.146,1.65009,-10807624.195680786,4348443.279954296,2015,1,31,6,45,2.0,2015.085643458311,9
2862,36.34678,-97.08654,3.146,1.41064,-10807624.195680786,4348443.279954296,2015,1,31,6,48,31.95,2015.0856501112253,9
2863,36.34678,-97.08654,3.146,1.40678,-10807624.195680786,4348443.279954296,2015,1,31,6,53,10.95,2015.0856589522016,9
2864,36.34678,-97.08654,3.146,2.1,-10807624.195680786,4348443.279954296,2015,1,31,6,58,18.0,2015.085668682029,9
2865,36.34678,-97.08654,3.146,1.43385,-10807624.195680786,4348443.279954296,2015,1,31,7,9,24.75,2015.0856898100617,9
2866,36.34678,-97.08654,3.146,1.43283,-10807624.195680786,4348443.279954296,2015,1,31,7,41,32.95,2015.0857509110326,9
2867,36.34678,-97.08654,3.146,1.38224,-10807624.195680786,4348443.279954296,2015,1,31,7,49,13.37,2015.085765500862,9
2868,36.34678,-97.08654,3.146,1.90791,-10807624.195680786,4348443.279954296,2015,1,31,8,30,41.1,2015.0858443322686,9
2869,36.34417,-97.08197,3.322,1.53034,-10807115.465607861,4348082.56118892,2015,1,31,8,37,32.2,2015.0858573592416,9
2870,36.34678,-97.08654,3.146,1.46231,-10807624.195680786,4348443.279954296,2015,1,31,9,23,39.4,2015.0859450465182,9
2871,36.34678,-97.08654,3.146,1.40495,-10807624.195680786,4348443.279954296,2015,1,31,9,45,54.7,2015.0859873596219,9
2872,36.3507,-97.08778,5.0,1.57616,-10807762.231849369,4348985.071852446,2015,1,31,10,24,45.12,2015.0860612061754,9
2874,36.34678,-97.08654,3.146,1.37629,-10807624.195680786,4348443.279954296,2015,1,31,11,17,4.7,2015.086160693462,9
2876,36.34839,-97.08942,3.9,1.05434,-10807944.79581427,4348665.798325806,2015,1,31,12,51,54.05,2015.0863409780845,9
2877,36.3479,-97.09058,5.076,1.57256,-10808073.926423592,4348598.0748561,2015,1,31,16,18,33.39,2015.0867338894593,9
2878,36.34853,-97.08797,6.052,2.2,-10807783.382552622,4348685.147966861,2015,1,31,16,33,5.0,2015.0867615091136,9
2879,36.34853,-97.08797,6.052,1.68482,-10807783.382552622,4348685.147966861,2015,1,31,17,8,17.9,2015.0868284628743,9
2880,36.34853,-97.08797,6.052,1.93025,-10807783.382552622,4348685.147966861,2015,1,31,17,17,31.9,2015.086846018075,9
2881,36.3507,-97.08778,5.0,1.74289,-10807762.231849369,4348985.071852446,2015,1,31,17,36,55.92,2015.0868829036428,9
2882,36.3507,-97.08778,5.0,1.60797,-10807762.231849369,4348985.071852446,2015,1,31,17,45,18.7,2015.0868988357797,9
2883,36.34853,-97.08797,6.052,1.50932,-10807783.382552622,4348685.147966861,2015,1,31,18,21,46.27,2015.0869681556899,9
2886,36.34678,-97.08654,3.146,1.3704,-10807624.195680786,4348443.279954296,2015,1,31,22,35,58.15,2015.0874514586026,9
2888,36.34678,-97.08654,3.146,1.28606,-10807624.195680786,4348443.279954296,2015,2,1,0,48,33.53,2015.0877035493827,9
2889,36.34678,-97.08654,3.146,1.63474,-10807624.195680786,4348443.279954296,2015,2,1,3,27,46.67,2015.088006270122,9
2890,36.34678,-97.08654,3.146,1.26326,-10807624.195680786,4348443.279954296,2015,2,1,3,45,9.42,2015.0880393128755,9
2891,36.3507,-97.08778,5.0,1.39216,-10807762.231849369,4348985.071852446,2015,2,1,9,57,42.45,2015.0887476376531,9
2895,36.52184,-97.06643,6.352,1.68118,-10805385.560720934,4372665.378376899,2015,2,2,9,46,17.44,2015.0914637817832,6
2896,36.38495,-96.93592,5.0,1.6483,-10790857.253977504,4353720.001383545,2015,2,2,13,28,31.44,2015.091886310746,15
2897,36.34678,-97.08654,3.146,1.4026,-10807624.195680786,4348443.279954296,2015,2,2,14,58,9.85,2015.0920567422745,9
2898,36.34678,-97.08654,3.146,1.30082,-10807624.195680786,4348443.279954296,2015,2,2,15,13,15.5,2015.092085440591,9
2899,36.46501,-97.09336,5.0,1.99532,-10808383.394607997,4364796.129001246,2015,2,3,0,54,34.05,2015.0931906751464,14
2900,36.3507,-97.08778,5.0,1.78005,-10807762.231849369,4348985.071852446,2015,2,3,2,10,3.35,2015.0933342000026,9
2901,36.3507,-97.08778,5.0,2.63273,-10807762.231849369,4348985.071852446,2015,2,3,21,48,26.3,2015.0955746412908,9
2902,36.34678,-97.08654,3.146,1.54705,-10807624.195680786,4348443.279954296,2015,2,4,2,3,50.85,2015.096060246977,9
2903,36.34926,-97.07487,2.956,1.28528,-10806325.097223228,4348786.043087488,2015,2,4,5,39,10.92,2015.0964696592896,8
2904,36.3507,-97.08778,5.0,1.9567,-10807762.231849369,4348985.071852446,2015,2,4,6,44,33.87,2015.0965939700739,9
2905,36.32184,-96.76173,5.0,2.12312,-10771466.511876224,4344996.905776898,2015,2,4,12,26,25.1,2015.097243931731,2
2906,36.35911,-97.05107,4.514,2.0,-10803675.693342349,4350147.528666142,2015,2,4,20,53,53.0,2015.0982087674602,3
2907,36.35911,-97.05107,4.514,1.52956,-10803675.693342349,4350147.528666142,2015,2,4,23,26,46.8,2015.09849946764,3
2908,36.39093,-96.93241,3.103,1.98855,-10790466.52256482,4354546.926977808,2015,2,4,23,45,2.15,2015.098534177187,15
2909,36.34508,-97.08536,5.0,2.36631,-10807492.83868165,4348208.327661479,2015,2,5,21,29,25.08,2015.1010141797856,9
2910,36.38691,-96.92653,5.0,1.57757,-10789811.963958954,4353991.026845783,2015,2,6,5,24,36.24,2015.1019176439272,15
2911,36.34508,-97.08536,5.0,1.8218,-10807492.83868165,4348208.327661479,2015,2,6,10,53,22.72,2015.102542738358,9
2912,36.34712,-97.08305,5.0,1.57316,-10807235.690657917,4348490.271028405,2015,2,6,15,19,10.66,2015.103048098081,9
2913,36.34712,-97.08305,5.0,1.78842,-10807235.690657917,4348490.271028405,2015,2,6,17,49,56.66,2015.1033347485234,9
2914,36.34712,-97.08305,5.0,2.4,-10807235.690657917,4348490.271028405,2015,2,6,19,20,2.0,2015.103506033412,9
2918,36.41775,-96.88996,3.551,1.61791,-10785741.010180645,4358256.429473681,2015,2,6,23,6,39.03,2015.1039368972927,54
2921,36.32391,-97.03087,3.452,1.65417,-10801427.039628325,4345282.910088633,2015,2,7,5,22,23.08,2015.1046512751286,0
2922,36.53718,-97.04854,5.48,1.34484,-10803394.055030642,4374790.498363604,2015,2,7,7,17,13.4,2015.1048696161938,6
2923,36.34678,-97.08654,3.146,1.33191,-10807624.195680786,4348443.279954296,2015,2,7,7,22,31.85,2015.1048797072654,9
2924,36.34508,-97.08536,5.0,2.00112,-10807492.83868165,4348208.327661479,2015,2,7,7,33,18.13,2015.104900186643,9
2925,36.53718,-97.04854,5.48,1.32745,-10803394.055030642,4374790.498363604,2015,2,7,7,45,24.08,2015.1049231906102,6
2927,36.32391,-97.03087,3.452,1.46588,-10801427.039628325,4345282.910088633,2015,2,7,9,9,20.75,2015.1050827930515,0
2928,36.32391,-97.03087,3.452,2.02118,-10801427.039628325,4345282.910088633,2015,2,7,10,18,43.78,2015.1052147115117,0
2929,36.32391,-97.03087,3.452,1.80427,-10801427.039628325,4345282.910088633,2015,2,7,11,3,40.3,2015.1053001590742,0
2932,36.44629,-97.05727,4.823,1.59722,-10804365.874185268,4362205.234152656,2015,2,7,21,51,0.77,2015.1065309392984,38
2933,36.44629,-97.05727,4.823,2.11789,-10804365.874185268,4362205.234152656,2015,2,7,22,1,0.47,2015.1065499426445,38
2934,36.44559,-97.05982,5.0,1.63873,-10804649.73888679,4362108.364528367,2015,2,7,22,4,56.63,2015.1065574261033,38
2935,36.4476,-97.05848,4.002,1.65177,-10804500.570769127,4362386.5210836325,2015,2,7,22,6,27.54,2015.1065603068676,38
2936,36.34508,-97.08536,5.0,1.58864,-10807492.83868165,4348208.327661479,2015,2,8,3,9,56.78,2015.1071373228635,9
2937,36.34508,-97.08536,5.0,2.42311,-10807492.83868165,4348208.327661479,2015,2,8,5,51,18.5,2015.1074441180572,9
2938,36.34508,-97.08536,5.0,2.25312,-10807492.83868165,4348208.327661479,2015,2,8,9,3,47.0,2015.1078100679392,9
2939,36.34508,-97.08536,5.0,2.93733,-10807492.83868165,4348208.327661479,2015,2,8,9,4,32.28,2015.1078115027758,9
2940,36.34508,-97.08536,5.0,1.67799,-10807492.83868165,4348208.327661479,2015,2,8,11,22,37.78,2015.1080740544276,9
2941,36.34508,-97.08536,5.0,1.9417,-10807492.83868165,4348208.327661479,2015,2,8,16,24,49.25,2015.108648606041,9
2942,36.34508,-97.08536,5.0,1.84458,-10807492.83868165,4348208.327661479,2015,2,8,16,34,5.13,2015.1086662208152,9
2944,36.34853,-97.08797,6.052,2.41309,-10807783.382552622,4348685.147966861,2015,2,9,6,3,43.18,2015.1102055663296,9
2945,36.30914,-96.77006,3.043,1.60847,-10772393.803234532,4343242.359572314,2015,2,9,6,28,20.21,2015.1102523705858,2
2947,36.33107,-96.79273,4.688,1.90816,-10774917.416090814,4346272.239631,2015,2,9,10,27,8.17,2015.1107063962406,5
2948,36.34678,-97.08654,3.146,1.23528,-10807624.195680786,4348443.279954296,2015,2,9,11,16,58.55,2015.1108011556646,9
2949,36.34678,-97.08654,3.146,1.28464,-10807624.195680786,4348443.279954296,2015,2,9,11,19,58.17,2015.110806847479,9
2950,36.34678,-97.08654,3.146,1.53738,-10807624.195680786,4348443.279954296,2015,2,9,11,30,56.97,2015.1108277235912,9
2951,36.34417,-97.08197,3.322,2.41025,-10807115.465607861,4348082.56118892,2015,2,9,23,54,13.65,2015.1122409071031,9
2952,36.34508,-97.08536,5.0,1.73943,-10807492.83868165,4348208.327661479,2015,2,10,2,18,15.72,2015.1125147577764,9
2954,36.4476,-97.05848,4.002,1.94451,-10804500.570769127,4362386.5210836325,2015,2,10,5,10,27.49,2015.1128421518113,38
2956,36.34508,-97.08536,5.0,1.93366,-10807492.83868165,4348208.327661479,2015,2,10,5,35,26.8,2015.1128896620783,9
2957,36.34417,-97.08197,3.322,1.98666,-10807115.465607861,4348082.56118892,2015,2,10,5,51,54.73,2015.1129209676908,9
2959,36.34508,-97.08536,5.0,1.96416,-10807492.83868165,4348208.327661479,2015,2,10,6,44,45.85,2015.1130214544198,9
2960,36.34508,-97.08536,5.0,1.97522,-10807492.83868165,4348208.327661479,2015,2,10,7,41,13.33,2015.1131287971837,9
2961,36.34417,-97.08197,3.322,2.16123,-10807115.465607861,4348082.56118892,2015,2,10,7,44,26.02,2015.1131349031612,9
2962,36.34508,-97.08536,5.0,2.06185,-10807492.83868165,4348208.327661479,2015,2,10,9,15,46.0,2015.1133085532488,9
2963,36.34508,-97.08536,5.0,2.20806,-10807492.83868165,4348208.327661479,2015,2,10,9,17,15.95,2015.1133114035922,9
2964,36.34508,-97.08536,5.0,2.08059,-10807492.83868165,4348208.327661479,2015,2,10,9,20,18.87,2015.1133171999772,9
2965,36.34508,-97.08536,5.0,2.18004,-10807492.83868165,4348208.327661479,2015,2,10,9,35,47.92,2015.1133466397953,9
2966,36.34508,-97.08536,5.0,2.03665,-10807492.83868165,4348208.327661479,2015,2,10,9,42,42.72,2015.113359784014,9
2967,36.35486,-97.09082,10.354,2.13216,-10808100.64310138,4349560.064519873,2015,2,11,21,4,45.45,2015.1173943978629,10
2968,36.34712,-97.08305,5.0,1.82937,-10807235.690657917,4348490.271028405,2015,2,11,21,26,34.13,2015.1174358674298,9
2969,36.34705,-97.07486,5.0,1.57996,-10806323.98402832,4348480.596378728,2015,2,12,5,5,43.5,2015.1183088542855,8
2970,36.34712,-97.08305,5.0,1.54861,-10807235.690657917,4348490.271028405,2015,2,12,5,53,22.88,2015.11839946257,9
2974,36.32391,-97.03087,3.452,2.4,-10801427.039628325,4345282.910088633,2015,2,13,3,3,10.0,2015.120813686719,0
2975,36.37789,-96.93195,5.0,1.70637,-10790415.315599054,4352743.813224307,2015,2,13,17,0,3.46,2015.1224048552488,15
2977,36.35911,-97.05107,4.514,1.10711,-10803675.693342349,4350147.528666142,2015,2,13,23,34,39.75,2015.1231551116055,3
2978,36.37876,-96.94097,5.0,1.77358,-10791419.417406008,4352864.103578394,2015,2,14,19,12,58.63,2015.1253954239232,15
2980,36.32391,-97.03087,3.452,1.52557,-10801427.039628325,4345282.910088633,2015,2,15,10,23,23.17,2015.1271263711435,0
2981,36.309,-96.96729,6.842,1.71071,-10794349.346403688,4343223.019710799,2015,2,15,14,30,5.31,2015.1275954226558,11
2982,36.33286,-96.78941,5.0,1.63128,-10774547.835381381,4346519.586222253,2015,2,15,15,1,20.55,2015.1276548454255,5
2984,36.32391,-97.03087,3.452,1.70761,-10801427.039628325,4345282.910088633,2015,2,16,18,25,54.35,2015.1307816294648,0
2985,36.44747,-97.05977,5.0,1.775,-10804644.17291225,4362368.530640689,2015,2,16,18,53,45.42,2015.1308345824777,38
2986,36.45534,-97.06917,6.673,2.26587,-10805690.576125707,4363457.698715752,2015,2,16,22,30,0.81,2015.1312457477754,23
2987,36.44747,-97.05977,5.0,1.62961,-10804644.17291225,4362368.530640689,2015,2,16,22,47,59.49,2015.131279929082,38
2989,36.32715,-96.94881,2.523,1.8468,-10792292.162213828,4345730.584263041,2015,2,17,20,26,42.95,2015.1337491745253,11
2990,36.53718,-97.04854,5.48,2.9,-10803394.055030642,4374790.498363604,2015,2,18,21,44,45.0,2015.136635390524,6
2991,36.53119,-97.06655,5.0,1.66234,-10805398.919059828,4373960.626256011,2015,2,18,21,56,35.46,2015.1366579036428,6
2992,36.35911,-97.05107,4.514,1.16088,-10803675.693342349,4350147.528666142,2015,2,19,9,54,50.05,2015.1380234887952,3
2993,36.35911,-97.05107,4.514,1.30468,-10803675.693342349,4350147.528666142,2015,2,20,12,22,29.17,2015.1410420681548,3
2994,36.52184,-97.06643,6.352,1.78764,-10805385.560720934,4372665.378376899,2015,2,20,14,0,25.5,2015.1412282778158,6
2995,36.37876,-96.94097,5.0,1.9722,-10791419.417406008,4352864.103578394,2015,2,20,23,38,4.7,2015.142326561589,15
2996,36.52184,-97.06643,6.352,2.43169,-10805385.560720934,4372665.378376899,2015,2,21,6,16,6.94,2015.1430833441073,6
2997,36.52184,-97.06643,6.352,2.2906,-10805385.560720934,4372665.378376899,2015,2,21,7,32,10.85,2015.143227965688,6
2998,36.36418,-97.05657,6.103,1.75304,-10804287.95054171,4350848.380797826,2015,2,21,8,48,26.98,2015.1433729744974,3
3000,36.34508,-97.08536,5.0,2.50134,-10807492.83868165,4348208.327661479,2015,2,23,1,6,58.47,2015.1479712801354,9
3001,36.34894,-97.08995,6.723,1.0814,-10808003.795144392,4348741.814972954,2015,2,23,20,26,46.27,2015.1501763844526,9
3002,36.36184,-97.06013,5.0,1.25969,-10804684.247928936,4350524.90490959,2015,2,23,21,31,50.35,2015.1503000972825,3
3003,36.52184,-97.06643,6.352,1.75973,-10805385.560720934,4372665.378376899,2015,2,24,0,16,56.37,2015.150614000114,6
3004,36.37876,-96.94097,5.0,2.5,-10791419.417406008,4352864.103578394,2015,2,24,1,7,26.0,2015.1507100032957,15
3005,36.44057,-97.03784,8.199,1.37529,-10802202.936479153,4361413.696543519,2015,2,24,1,16,42.98,2015.1507276529267,31
3006,36.37876,-96.94097,5.0,1.42128,-10791419.417406008,4352864.103578394,2015,2,24,3,18,50.35,2015.1509598432708,15
3007,36.52184,-97.06643,6.352,2.8,-10805385.560720934,4372665.378376899,2015,2,24,4,50,48.0,2015.1511346870484,6
3008,36.44057,-97.03784,8.199,1.96622,-10802202.936479153,4361413.696543519,2015,2,24,10,13,37.8,2015.1517484789717,31
3009,36.44057,-97.03784,8.199,1.96779,-10802202.936479153,4361413.696543519,2015,2,24,12,31,55.4,2015.1520114140492,31
3010,36.44416,-97.05222,3.965,1.88057,-10803803.710756762,4361910.476440849,2015,2,24,17,44,55.98,2015.1526065347175,29
3011,36.44416,-97.05222,3.965,1.83426,-10803803.710756762,4361910.476440849,2015,2,24,18,12,0.48,2015.1526580120162,29
3012,36.44416,-97.05222,3.965,1.70745,-10803803.710756762,4361910.476440849,2015,2,24,19,34,12.21,2015.1528142891095,29
3013,36.44416,-97.05222,3.965,1.79545,-10803803.710756762,4361910.476440849,2015,2,24,19,50,6.3,2015.1528445223971,29
3014,36.44416,-97.05222,3.965,1.79333,-10803803.710756762,4361910.476440849,2015,2,24,21,44,14.73,2015.1530615360484,29
3017,36.44416,-97.05222,3.965,1.9,-10803803.710756762,4361910.476440849,2015,2,25,1,1,12.0,2015.1534360027379,29
3018,36.34705,-97.07486,5.0,1.89562,-10806323.98402832,4348480.596378728,2015,2,25,1,45,2.35,2015.1535193534996,8
3019,36.44057,-97.03784,8.199,1.5512,-10802202.936479153,4361413.696543519,2015,2,25,2,50,54.23,2015.15364458102,31
3020,36.44416,-97.05222,3.965,1.6195,-10803803.710756762,4361910.476440849,2015,2,25,3,4,33.46,2015.1536705408523,29
3021,36.44416,-97.05222,3.965,2.51365,-10803803.710756762,4361910.476440849,2015,2,25,4,54,25.08,2015.1538794166856,29
3022,36.3507,-97.08778,5.0,1.73137,-10807762.231849369,4348985.071852446,2015,2,25,5,41,37.08,2015.1539691573503,9
3023,36.44416,-97.05222,3.965,1.5889,-10803803.710756762,4361910.476440849,2015,2,25,9,6,0.1,2015.154357749005,29
3024,36.37876,-96.94097,5.0,1.46062,-10791419.417406008,4352864.103578394,2015,2,25,9,40,18.22,2015.1544229668923,15
3026,36.36418,-97.05657,6.103,1.47043,-10804287.95054171,4350848.380797826,2015,2,25,12,11,5.98,2015.1547096731058,3
3027,36.44416,-97.05222,3.965,1.61146,-10803803.710756762,4361910.476440849,2015,2,25,14,2,8.53,2015.1549207965752,29
3029,36.44416,-97.05222,3.965,1.63944,-10803803.710756762,4361910.476440849,2015,2,25,16,52,21.53,2015.155244427016,29
3030,36.34508,-97.08536,5.0,1.85813,-10807492.83868165,4348208.327661479,2015,2,25,19,25,6.7,2015.1555348537279,9
3031,36.44416,-97.05222,3.965,1.78071,-10803803.710756762,4361910.476440849,2015,2,25,20,59,33.48,2015.1557144231501,29
3033,36.44057,-97.03784,8.199,1.8466,-10802202.936479153,4361413.696543519,2015,2,26,3,52,27.65,2015.1564994692246,31
3034,36.44057,-97.03784,8.199,2.0835,-10802202.936479153,4361413.696543519,2015,2,26,5,20,40.43,2015.156667187302,31
3035,36.44057,-97.03784,8.199,2.10492,-10802202.936479153,4361413.696543519,2015,2,26,5,21,24.48,2015.1566685831622,31
3037,36.44416,-97.05222,3.965,1.78797,-10803803.710756762,4361910.476440849,2015,2,26,12,49,10.03,2015.1575199010697,29
3038,36.34508,-97.08536,5.0,1.9495,-10807492.83868165,4348208.327661479,2015,2,26,14,33,22.4,2015.1577180267193,9
3039,36.44416,-97.05222,3.965,2.14944,-10803803.710756762,4361910.476440849,2015,2,26,14,34,47.3,2015.157720717038,29
3040,36.44416,-97.05222,3.965,1.79389,-10803803.710756762,4361910.476440849,2015,2,26,21,9,41.3,2015.1584715345907,29
3041,36.44057,-97.03784,8.199,1.81437,-10802202.936479153,4361413.696543519,2015,2,26,23,52,31.5,2015.1587811335462,31
3042,36.44057,-97.03784,8.199,1.7983,-10802202.936479153,4361413.696543519,2015,2,27,3,23,2.4,2015.1591813826146,31
3043,36.44057,-97.03784,8.199,1.47381,-10802202.936479153,4361413.696543519,2015,2,27,3,26,28.2,2015.1591879040232,31
3044,36.52184,-97.06643,6.352,1.98728,-10805385.560720934,4372665.378376899,2015,2,27,7,56,0.85,2015.1597003843765,6
3045,36.52184,-97.06643,6.352,1.89103,-10805385.560720934,4372665.378376899,2015,2,27,7,57,19.22,2015.159702867772,6
3046,36.44416,-97.05222,3.965,2.00771,-10803803.710756762,4361910.476440849,2015,2,27,8,47,43.78,2015.1597987102948,29
3047,36.44057,-97.03784,8.199,1.7491,-10802202.936479153,4361413.696543519,2015,2,27,10,51,13.55,2015.1600335117373,31
3048,36.44057,-97.03784,8.199,1.9178,-10802202.936479153,4361413.696543519,2015,2,27,10,59,42.77,2015.1600496479452,31
3049,36.44057,-97.03784,8.199,1.48846,-10802202.936479153,4361413.696543519,2015,2,27,11,25,39.03,2015.160098962849,31
3050,36.44416,-97.05222,3.965,1.66335,-10803803.710756762,4361910.476440849,2015,2,27,13,26,1.0,2015.1603278132684,29
3053,36.34087,-97.05882,3.192,1.33581,-10804538.419395996,4347626.497297504,2015,2,28,0,43,3.3,2015.1616150562782,7
3054,36.44057,-97.03784,8.199,1.33284,-10802202.936479153,4361413.696543519,2015,2,28,1,58,45.15,2015.1617589788198,31
3055,36.44416,-97.05222,3.965,1.5752,-10803803.710756762,4361910.476440849,2015,2,28,3,3,33.23,2015.1618821846403,29
3056,36.44416,-97.05222,3.965,1.69817,-10803803.710756762,4361910.476440849,2015,2,28,3,10,7.48,2015.1618946776687,29
3057,36.44057,-97.03784,8.199,1.43053,-10802202.936479153,4361413.696543519,2015,2,28,3,34,25.48,2015.1619408789009,31
3058,36.44424,-97.03947,3.864,2.06276,-10802384.387249146,4361921.547006775,2015,2,28,3,36,10.95,2015.1619442210433,31
3059,36.44416,-97.05222,3.965,1.69613,-10803803.710756762,4361910.476440849,2015,2,28,6,8,38.13,2015.1622340776864,29
3060,36.46501,-97.09336,5.0,1.60261,-10808383.394607997,4364796.129001246,2015,2,28,7,24,0.32,2015.1623773772403,14
3061,36.34087,-97.05882,3.192,1.3441,-10804538.419395996,4347626.497297504,2015,2,28,8,39,18.82,2015.1625205598652,7
3062,36.46501,-97.09336,5.0,2.36216,-10808383.394607997,4364796.129001246,2015,2,28,10,11,21.12,2015.1626955509926,14
3063,36.46501,-97.09336,5.0,1.39213,-10808383.394607997,4364796.129001246,2015,2,28,10,19,17.53,2015.1627106475144,14
3064,36.46501,-97.09336,5.0,1.69265,-10808383.394607997,4364796.129001246,2015,2,28,10,21,7.0,2015.1627141164095,14
3065,36.46501,-97.09336,5.0,1.79238,-10808383.394607997,4364796.129001246,2015,2,28,10,22,29.53,2015.1627167316271,14
3066,36.44416,-97.05222,3.965,1.45851,-10803803.710756762,4361910.476440849,2015,2,28,10,38,9.03,2015.1627465025858,29
3067,36.44057,-97.03784,8.199,1.54296,-10802202.936479153,4361413.696543519,2015,2,28,10,55,15.98,2015.1627790446676,31
3068,36.44416,-97.05222,3.965,1.61647,-10803803.710756762,4361910.476440849,2015,2,28,11,24,0.68,2015.1628336971125,29
3069,36.44416,-97.05222,3.965,1.58849,-10803803.710756762,4361910.476440849,2015,2,28,15,19,56.91,2015.163282280972,29
3070,36.44416,-97.05222,3.965,1.63747,-10803803.710756762,4361910.476440849,2015,2,28,16,10,34.73,2015.1633785436788,29
3072,36.44057,-97.03784,8.199,1.44728,-10802202.936479153,4361413.696543519,2015,3,1,18,52,33.07,2015.1671088127741,31
3073,36.44416,-97.05222,3.965,1.93574,-10803803.710756762,4361910.476440849,2015,3,1,18,57,1.53,2015.167117319758,29
3074,36.44416,-97.05222,3.965,1.55731,-10803803.710756762,4361910.476440849,2015,3,2,1,26,43.6,2015.1678582528457,29
3075,36.44416,-97.05222,3.965,1.57801,-10803803.710756762,4361910.476440849,2015,3,2,1,30,10.28,2015.1678648021395,29
3076,36.44416,-97.05222,3.965,1.9334,-10803803.710756762,4361910.476440849,2015,3,2,1,31,4.71,2015.1678665269221,29
3077,36.44416,-97.05222,3.965,1.56837,-10803803.710756762,4361910.476440849,2015,3,2,1,43,50.13,2015.1678907816183,29
3078,36.32184,-96.76173,5.0,2.05659,-10771466.511876224,4344996.905776898,2015,3,2,2,41,24.15,2015.1680002329074,2
3079,36.32184,-96.76173,5.0,2.13392,-10771466.511876224,4344996.905776898,2015,3,2,2,50,0.58,2015.1680165975865,2
3080,36.32184,-96.76173,5.0,2.4,-10771466.511876224,4344996.905776898,2015,3,2,2,53,18.0,2015.168022853449,2
3081,36.44057,-97.03784,8.199,1.64444,-10802202.936479153,4361413.696543519,2015,3,2,3,43,2.68,2015.168117432251,31
3082,36.44416,-97.05222,3.965,1.53091,-10803803.710756762,4361910.476440849,2015,3,2,3,45,49.41,2015.1681227156057,29
3084,36.44057,-97.03784,8.199,1.47532,-10802202.936479153,4361413.696543519,2015,3,2,3,59,4.75,2015.1681479184094,31
3085,36.44416,-97.05222,3.965,1.47198,-10803803.710756762,4361910.476440849,2015,3,2,4,44,0.23,2015.1682333330164,29
3086,36.44416,-97.05222,3.965,1.52412,-10803803.710756762,4361910.476440849,2015,3,2,4,56,49.03,2015.1682576948183,29
3087,36.44057,-97.03784,8.199,1.85141,-10802202.936479153,4361413.696543519,2015,3,2,17,29,20.9,2015.1696884712399,31
3092,36.44416,-97.05222,3.965,1.67489,-10803803.710756762,4361910.476440849,2015,3,4,8,13,5.08,2015.1741065568992,29
3094,36.44057,-97.03784,8.199,2.16912,-10802202.936479153,4361413.696543519,2015,3,4,12,4,16.53,2015.174546116625,31
3095,36.44057,-97.03784,8.199,2.20492,-10802202.936479153,4361413.696543519,2015,3,4,18,16,4.5,2015.1752530135373,31
3096,36.34853,-97.08797,6.052,1.59217,-10807783.382552622,4348685.147966861,2015,3,5,2,12,20.0,2015.1761585164904,9
3098,36.44057,-97.03784,8.199,1.70452,-10802202.936479153,4361413.696543519,2015,3,5,15,50,3.7,2015.1777132513246,31
3099,36.44416,-97.05222,3.965,1.54385,-10803803.710756762,4361910.476440849,2015,3,5,16,28,40.26,2015.1777866586813,29
3100,36.44416,-97.05222,3.965,1.56486,-10803803.710756762,4361910.476440849,2015,3,5,17,39,31.03,2015.1779213574544,29
3102,36.44416,-97.05222,3.965,1.63577,-10803803.710756762,4361910.476440849,2015,3,5,18,2,28.35,2015.1779650020915,29
3103,36.44416,-97.05222,3.965,2.747,-10803803.710756762,4361910.476440849,2015,3,5,22,12,5.43,2015.1784395971176,29
3104,36.35493,-97.09195,5.0,1.53269,-10808226.434125978,4349569.74014013,2015,3,6,2,40,54.88,2015.1789507085457,10
3105,36.44057,-97.03784,8.199,1.43085,-10802202.936479153,4361413.696543519,2015,3,6,3,11,45.12,2015.1790093391132,31
3107,36.44416,-97.05222,3.965,1.46257,-10803803.710756762,4361910.476440849,2015,3,6,8,0,39.46,2015.1795586312014,29
3109,36.37876,-96.94097,5.0,1.55114,-10791419.417406008,4352864.103578394,2015,3,7,7,22,11.68,2015.1822233528533,15
3111,36.35493,-97.09195,5.0,1.90313,-10808226.434125978,4349569.74014013,2015,3,7,11,11,35.96,2015.1826595165664,10
3112,36.35493,-97.09195,5.0,1.62197,-10808226.434125978,4349569.74014013,2015,3,7,11,32,2.3,2015.182698376936,10
3116,36.34839,-97.08942,3.9,1.32864,-10807944.79581427,4348665.798325806,2015,3,7,21,52,37.25,2015.1838782813015,9
3120,36.3507,-97.08778,5.0,1.63058,-10807762.231849369,4348985.071852446,2015,3,8,14,25,16.6,2015.1857656032143,9
3121,36.44057,-97.03784,8.199,1.62164,-10802202.936479153,4361413.696543519,2015,3,8,22,43,21.87,2015.1867126102745,31
3122,36.44057,-97.03784,8.199,1.79086,-10802202.936479153,4361413.696543519,2015,3,8,22,44,15.37,2015.1867143055872,31
3124,36.44416,-97.05222,3.965,1.69537,-10803803.710756762,4361910.476440849,2015,3,9,4,48,54.26,2015.1874076057748,29
3125,36.44416,-97.05222,3.965,1.81382,-10803803.710756762,4361910.476440849,2015,3,9,5,1,42.18,2015.1874319396911,29
3126,36.44416,-97.05222,3.965,1.924,-10803803.710756762,4361910.476440849,2015,3,9,5,12,34.83,2015.1874526209217,29
3127,36.44416,-97.05222,3.965,1.62789,-10803803.710756762,4361910.476440849,2015,3,9,5,14,52.05,2015.187456969161,29
3128,36.44416,-97.05222,3.965,1.47616,-10803803.710756762,4361910.476440849,2015,3,9,5,18,2.98,2015.1874630193677,29
3129,36.41478,-96.88863,4.256,1.20416,-10785592.95525789,4357845.58258584,2015,3,9,5,30,20.7,2015.187486396304,54
3130,36.44057,-97.03784,8.199,1.36724,-10802202.936479153,4361413.696543519,2015,3,9,5,37,22.15,2015.1874997512484,31
3132,36.44416,-97.05222,3.965,1.60832,-10803803.710756762,4361910.476440849,2015,3,9,5,45,6.53,2015.1875144665628,29
3133,36.44416,-97.05222,3.965,1.62907,-10803803.710756762,4361910.476440849,2015,3,9,7,12,9.76,2015.1876799807337,29
3134,36.33778,-96.81194,4.685,1.60074,-10777055.863508955,4347199.473172141,2015,3,9,17,39,46.39,2015.188873247332,4
3136,36.30914,-96.77006,3.043,2.1455,-10772393.803234532,4343242.359572314,2015,3,10,6,0,14.55,2015.1902810907673,2
3140,36.3507,-97.08778,5.0,1.67965,-10807762.231849369,4348985.071852446,2015,3,11,13,32,53.62,2015.1938795605497,9
3141,36.44057,-97.03784,8.199,1.70773,-10802202.936479153,4361413.696543519,2015,3,11,17,25,7.65,2015.1943211033158,31
3142,36.32156,-96.96742,5.0,1.49979,-10794363.817937491,4344958.219786593,2015,3,12,3,10,7.79,2015.1954333596345,11
3143,36.44057,-97.03784,8.199,1.5504,-10802202.936479153,4361413.696543519,2015,3,12,8,31,47.77,2015.1960449390956,31
3144,36.44416,-97.05222,3.965,1.91276,-10803803.710756762,4361910.476440849,2015,3,12,8,34,58.18,2015.1960509728242,29
3145,36.44416,-97.05222,3.965,1.61016,-10803803.710756762,4361910.476440849,2015,3,12,8,41,34.76,2015.196063539686,29
3146,36.44416,-97.05222,3.965,1.47177,-10803803.710756762,4361910.476440849,2015,3,12,8,54,44.91,2015.1960885780288,29
3147,36.36184,-97.06013,5.0,1.28083,-10804684.247928936,4350524.90490959,2015,3,13,7,21,47.9,2015.1986497040332,3
3150,36.3507,-97.08778,5.0,1.75793,-10807762.231849369,4348985.071852446,2015,3,13,21,27,51.37,2015.2002583013284,9
3155,36.44057,-97.03784,8.199,1.58698,-10802202.936479153,4361413.696543519,2015,3,15,11,54,50.1,2015.2046445261997,31
3156,36.44057,-97.03784,8.199,1.52643,-10802202.936479153,4361413.696543519,2015,3,15,12,17,37.2,2015.2046878469846,31
3159,36.44057,-97.03784,8.199,1.68965,-10802202.936479153,4361413.696543519,2015,3,15,16,57,28.07,2015.2052199175475,31
3162,36.44416,-97.05222,3.965,1.65549,-10803803.710756762,4361910.476440849,2015,3,16,6,43,23.05,2015.2067902201054,29
3164,36.44416,-97.05222,3.965,1.76082,-10803803.710756762,4361910.476440849,2015,3,16,7,6,55.18,2015.206834967805,29
3165,36.44057,-97.03784,8.199,1.56139,-10802202.936479153,4361413.696543519,2015,3,16,7,10,50.45,2015.2068424230613,31
3167,36.35328,-97.0904,5.613,1.74493,-10808053.888915248,4349341.6742629185,2015,3,16,8,35,39.47,2015.207003684374,10
3168,36.44057,-97.03784,8.199,1.82992,-10802202.936479153,4361413.696543519,2015,3,16,8,52,47.23,2015.207036252123,31
3169,36.35328,-97.0904,5.613,1.48403,-10808053.888915248,4349341.6742629185,2015,3,16,9,0,28.47,2015.2070508679367,10
3170,36.3507,-97.08778,5.0,1.53355,-10807762.231849369,4348985.071852446,2015,3,16,12,32,14.9,2015.2074535104064,9
3172,36.44416,-97.05222,3.965,1.78993,-10803803.710756762,4361910.476440849,2015,3,16,20,47,43.18,2015.2083955427536,29
3175,36.44057,-97.03784,8.199,1.96856,-10802202.936479153,4361413.696543519,2015,3,19,19,20,18.27,2015.2164428939464,31
3176,36.46501,-97.09336,5.0,1.89722,-10808383.394607997,4364796.129001246,2015,3,20,4,21,36.98,2015.2174720821608,14
3177,36.3507,-97.08778,5.0,1.61377,-10807762.231849369,4348985.071852446,2015,3,20,7,4,24.2,2015.217781586686,9
3178,36.3507,-97.08778,5.0,3.8,-10807762.231849369,4348985.071852446,2015,3,21,10,8,51.0,2015.2208701232032,9
3180,36.3479,-97.09058,5.076,1.8552,-10808073.926423592,4348598.0748561,2015,3,21,10,15,12.09,2015.2208821992167,9
3181,36.34712,-97.08305,5.0,1.93637,-10807235.690657917,4348490.271028405,2015,3,21,10,17,14.98,2015.2208860933658,9
3182,36.34839,-97.08942,3.9,1.36524,-10807944.79581427,4348665.798325806,2015,3,21,10,18,40.5,2015.220888803331,9
3183,36.34839,-97.08942,3.9,0.954411,-10807944.79581427,4348665.798325806,2015,3,21,10,27,52.25,2015.2209062872334,9
3185,36.34417,-97.08197,3.322,1.50992,-10807115.465607861,4348082.56118892,2015,3,21,10,38,53.9,2015.2209272536568,9
3187,36.3507,-97.08778,5.0,1.52608,-10807762.231849369,4348985.071852446,2015,3,21,11,6,6.98,2015.2209790028392,9
3188,36.3479,-97.09058,5.076,1.46945,-10808073.926423592,4348598.0748561,2015,3,21,12,24,53.27,2015.2211287699317,9
3190,36.34417,-97.08197,3.322,1.75713,-10807115.465607861,4348082.56118892,2015,3,21,13,41,45.05,2015.2212749084215,9
3192,36.34417,-97.08197,3.322,1.68728,-10807115.465607861,4348082.56118892,2015,3,21,16,0,51.73,2015.22153939875,9
3194,36.3507,-97.08778,5.0,1.60043,-10807762.231849369,4348985.071852446,2015,3,21,16,45,22.8,2015.221624039851,9
3196,36.44416,-97.05222,3.965,2.33634,-10803803.710756762,4361910.476440849,2015,3,21,19,5,12.88,2015.2218899054428,29
3199,36.34508,-97.08536,5.0,1.75897,-10807492.83868165,4348208.327661479,2015,3,21,19,44,11.83,2015.2219640222957,9
3201,36.3507,-97.08778,5.0,1.8228,-10807762.231849369,4348985.071852446,2015,3,21,20,14,25.67,2015.222021499417,9
3203,36.3471,-97.08712,2.951,1.40211,-10807688.760985447,4348487.506841896,2015,3,21,22,42,4.02,2015.2223022035896,9
3204,36.34705,-97.07486,5.0,1.61526,-10806323.98402832,4348480.596378728,2015,3,21,23,46,12.55,2015.2224241561462,8
3207,36.34839,-97.08942,3.9,1.1235,-10807944.79581427,4348665.798325806,2015,3,22,3,55,54.25,2015.2228988975714,9
3209,36.35493,-97.09195,5.0,1.60909,-10808226.434125978,4349569.74014013,2015,3,22,6,42,37.46,2015.2232158801683,10
3210,36.35493,-97.09195,5.0,1.73003,-10808226.434125978,4349569.74014013,2015,3,22,6,53,9.73,2015.2232359155955,10
3211,36.44379,-97.06431,5.0,1.58441,-10805149.563400453,4361859.275221921,2015,3,22,7,12,45.78,2015.2232731823713,39
3212,36.3507,-97.08778,5.0,1.51359,-10807762.231849369,4348985.071852446,2015,3,22,8,17,19.92,2015.2233959464597,9
3213,36.35493,-97.09195,5.0,1.61619,-10808226.434125978,4349569.74014013,2015,3,22,8,44,51.0,2015.2234482660278,10
3214,36.34839,-97.08942,3.9,0.940047,-10807944.79581427,4348665.798325806,2015,3,22,9,35,8.09,2015.2235438718408,9
3215,36.44057,-97.03784,8.199,1.40029,-10802202.936479153,4361413.696543519,2015,3,22,9,37,40.05,2015.2235486871625,31
3216,36.44416,-97.05222,3.965,1.62636,-10803803.710756762,4361910.476440849,2015,3,22,9,42,7.35,2015.2235571573883,29
3217,36.3507,-97.08778,5.0,1.46387,-10807762.231849369,4348985.071852446,2015,3,22,10,47,7.28,2015.2236807387128,9
3218,36.3471,-97.08712,2.951,1.79617,-10807688.760985447,4348487.506841896,2015,3,22,14,57,40.18,2015.224157102568,9
3219,36.3479,-97.09058,5.076,1.91242,-10808073.926423592,4348598.0748561,2015,3,22,17,8,32.17,2015.2244059171167,9
3220,36.3479,-97.09058,5.076,1.26536,-10808073.926423592,4348598.0748561,2015,3,22,22,10,18.84,2015.2249796828655,9
3221,36.3479,-97.09058,5.076,2.00403,-10808073.926423592,4348598.0748561,2015,3,22,22,43,10.14,2015.225042149593,9
3222,36.3507,-97.08778,5.0,1.47224,-10807762.231849369,4348985.071852446,2015,3,22,23,46,3.1,2015.225161707481,9
3223,36.34508,-97.08536,5.0,1.62687,-10807492.83868165,4348208.327661479,2015,3,23,1,3,46.15,2015.2253094706189,9
3226,36.34417,-97.08197,3.322,2.41254,-10807115.465607861,4348082.56118892,2015,3,23,9,25,41.23,2015.2262637599183,9
3234,36.34508,-97.08536,5.0,3.27361,-10807492.83868165,4348208.327661479,2015,3,24,2,15,41.92,2015.2281840799046,9
3235,36.44057,-97.03784,8.199,2.01682,-10802202.936479153,4361413.696543519,2015,3,24,4,23,57.48,2015.2284279374858,31
3237,36.34705,-97.07486,5.0,3.24371,-10806323.98402832,4348480.596378728,2015,3,24,5,33,21.85,2015.228559898408,8
3239,36.34508,-97.08536,5.0,2.74627,-10807492.83868165,4348208.327661479,2015,3,24,7,0,36.33,2015.2287257690698,9
3240,36.34705,-97.07486,5.0,3.43648,-10806323.98402832,4348480.596378728,2015,3,24,7,48,8.12,2015.228816136842,8
3241,36.34508,-97.08536,5.0,2.7,-10807492.83868165,4348208.327661479,2015,3,24,10,22,20.1,2015.2291093143965,9
3242,36.34417,-97.08197,3.322,2.51368,-10807115.465607861,4348082.56118892,2015,3,24,12,49,7.13,2015.2293883923367,9
3244,36.34508,-97.08536,5.0,1.91469,-10807492.83868165,4348208.327661479,2015,3,25,0,10,1.87,2015.2306830009252,9
3245,36.34417,-97.08197,3.322,1.59603,-10807115.465607861,4348082.56118892,2015,3,25,1,8,39.15,2015.2307944568029,9
3250,36.3507,-97.08778,5.0,1.83104,-10807762.231849369,4348985.071852446,2015,3,25,23,14,18.4,2015.2333149035414,9
3253,36.44416,-97.05222,3.965,2.08572,-10803803.710756762,4361910.476440849,2015,3,26,7,45,57.23,2015.2342876907624,29
3255,36.34508,-97.08536,5.0,1.82141,-10807492.83868165,4348208.327661479,2015,3,26,14,0,29.37,2015.234999789908,9
3256,36.44057,-97.03784,8.199,1.90079,-10802202.936479153,4361413.696543519,2015,3,26,14,18,2.3,2015.2350331552464,31
3258,36.34705,-97.07486,5.0,2.10802,-10806323.98402832,4348480.596378728,2015,3,26,16,12,49.93,2015.2352514110705,8
3259,36.34705,-97.07486,5.0,2.01108,-10806323.98402832,4348480.596378728,2015,3,26,16,50,45.62,2015.2353235233352,8
3261,36.34712,-97.08305,5.0,1.70502,-10807235.690657917,4348490.271028405,2015,3,27,1,15,21.38,2015.2362829042765,9
3263,36.44416,-97.05222,3.965,1.67896,-10803803.710756762,4361910.476440849,2015,3,27,3,59,45.68,2015.2365954850814,29
3264,36.34678,-97.08654,3.146,1.3326,-10807624.195680786,4348443.279954296,2015,3,27,5,57,15.35,2015.2368188756432,9
3268,36.34508,-97.08536,5.0,2.7,-10807492.83868165,4348208.327661479,2015,3,27,16,19,21.0,2015.238001654118,9
3269,36.34839,-97.08942,3.9,1.10291,-10807944.79581427,4348665.798325806,2015,3,27,16,48,6.95,2015.2380563461734,9
3270,36.34508,-97.08536,5.0,1.96735,-10807492.83868165,4348208.327661479,2015,3,27,16,50,46.17,2015.2380613915507,9
3271,36.35493,-97.09195,5.0,1.68522,-10808226.434125978,4349569.74014013,2015,3,27,17,44,13.16,2015.2381630149314,10
3275,36.34712,-97.08305,5.0,1.4716,-10807235.690657917,4348490.271028405,2015,3,28,2,56,11.35,2015.2392124670444,9
3277,36.34508,-97.08536,5.0,1.53865,-10807492.83868165,4348208.327661479,2015,3,28,9,0,31.55,2015.2399051749817,9
3278,36.30914,-96.77006,3.043,1.62547,-10772393.803234532,4343242.359572314,2015,3,28,9,22,24.08,2015.2399467665475,2
3279,36.35911,-97.05107,4.514,1.32466,-10803675.693342349,4350147.528666142,2015,3,28,9,44,23.75,2015.2399885843663,3
3280,36.44057,-97.03784,8.199,1.39623,-10802202.936479153,4361413.696543519,2015,3,28,12,33,44.1,2015.2403105464293,31
3284,36.44057,-97.03784,8.199,1.63865,-10802202.936479153,4361413.696543519,2015,3,28,18,33,15.15,2015.240994091756,31
3285,36.44416,-97.05222,3.965,1.96806,-10803803.710756762,4361910.476440849,2015,3,29,4,7,8.41,2015.2420852159225,29
3287,36.3507,-97.08778,5.0,1.8604,-10807762.231849369,4348985.071852446,2015,3,29,6,55,38.03,2015.242405570449,9
3288,36.34417,-97.08197,3.322,1.63931,-10807115.465607861,4348082.56118892,2015,3,29,9,11,12.47,2015.242663335298,9
3291,36.33302,-96.80813,5.398,2.46754,-10776631.736249031,4346541.6956914645,2015,3,30,0,59,17.88,2015.2444659251655,4
3299,36.34678,-97.08654,3.146,1.45469,-10807624.195680786,4348443.279954296,2015,3,30,19,32,34.75,2015.2465825902477,9
3300,36.34678,-97.08654,3.146,1.45765,-10807624.195680786,4348443.279954296,2015,3,30,19,42,59.1,2015.2466023747054,9
3301,36.34678,-97.08654,3.146,1.44585,-10807624.195680786,4348443.279954296,2015,3,30,20,17,32.35,2015.2466680720333,9
3302,36.34678,-97.08654,3.146,1.30282,-10807624.195680786,4348443.279954296,2015,3,30,23,59,56.13,2015.2470909109059,9
3304,36.34678,-97.08654,3.146,1.82642,-10807624.195680786,4348443.279954296,2015,3,31,5,42,49.95,2015.2477428559207,9
3305,36.34678,-97.08654,3.146,1.22743,-10807624.195680786,4348443.279954296,2015,3,31,7,18,39.03,2015.2479250332724,9
3306,36.34678,-97.08654,3.146,1.40394,-10807624.195680786,4348443.279954296,2015,3,31,8,0,18.22,2015.2480042278246,9
3307,36.34678,-97.08654,3.146,1.70134,-10807624.195680786,4348443.279954296,2015,3,31,8,32,17.67,2015.248065051525,9
3308,36.34508,-97.08536,5.0,1.82606,-10807492.83868165,4348208.327661479,2015,3,31,13,31,49.75,2015.2486345523741,9
3309,36.44057,-97.03784,8.199,1.66523,-10802202.936479153,4361413.696543519,2015,3,31,16,33,50.25,2015.248980602137,31
3310,36.44416,-97.05222,3.965,1.75461,-10803803.710756762,4361910.476440849,2015,3,31,16,55,0.58,2015.2490208564657,29
3313,36.36184,-97.06013,5.0,2.3,-10804684.247928936,4350524.90490959,2015,3,31,20,27,49.0,2015.2494254632797,3
3314,36.36184,-97.06013,5.0,1.43465,-10804684.247928936,4350524.90490959,2015,3,31,20,49,39.53,2015.2494669914695,3
3321,36.3479,-97.09058,5.076,1.27782,-10808073.926423592,4348598.0748561,2015,4,2,5,45,38.79,2015.2532239077116,9
3322,36.34417,-97.08197,3.322,1.6801,-10807115.465607861,4348082.56118892,2015,4,2,14,8,15.95,2015.254179530446,9
3323,36.44416,-97.05222,3.965,2.14113,-10803803.710756762,4361910.476440849,2015,4,2,19,18,9.1,2015.2547687118158,29
3324,36.44416,-97.05222,3.965,1.94047,-10803803.710756762,4361910.476440849,2015,4,2,19,59,52.96,2015.2548480543514,29
3325,36.36184,-97.06013,5.0,1.89774,-10804684.247928936,4350524.90490959,2015,4,2,20,40,10.75,2015.2549246694932,3
3327,36.34678,-97.08654,3.146,1.66436,-10807624.195680786,4348443.279954296,2015,4,3,4,49,38.7,2015.2558552836717,9
3328,36.34417,-97.08197,3.322,1.65712,-10807115.465607861,4348082.56118892,2015,4,3,8,36,23.5,2015.256286393769,9
3331,36.34417,-97.08197,3.322,1.96851,-10807115.465607861,4348082.56118892,2015,4,4,1,15,45.8,2015.2581864843967,9
3333,36.34417,-97.08197,3.322,1.63928,-10807115.465607861,4348082.56118892,2015,4,4,2,31,50.13,2015.2583311192866,9
3334,36.34417,-97.08197,3.322,2.31453,-10807115.465607861,4348082.56118892,2015,4,4,3,34,35.97,2015.2584504515553,9
3336,36.34678,-97.08654,3.146,1.51302,-10807624.195680786,4348443.279954296,2015,4,4,5,41,50.85,2015.2586923863032,9
3338,36.36418,-97.05657,6.103,2.7,-10804287.95054171,4350848.380797826,2015,4,4,20,17,21.0,2015.2603569663092,3
3339,36.36271,-97.05922,5.0,2.3,-10804582.947192313,4350645.1704500755,2015,4,4,20,24,15.0,2015.2603700851776,3
3340,36.36184,-97.06013,5.0,1.38739,-10804684.247928936,4350524.90490959,2015,4,4,21,14,57.12,2015.2604664841433,3
3342,36.4476,-97.05848,4.002,1.56799,-10804500.570769127,4362386.5210836325,2015,4,5,0,39,37.92,2015.2608556392122,38
3345,36.3657,-97.05285,6.03,1.5569,-10803873.84203596,4351058.507099077,2015,4,5,1,43,47.05,2015.2609776107815,3
3346,36.36271,-97.05922,5.0,1.46658,-10804582.947192313,4350645.1704500755,2015,4,5,1,54,51.05,2015.2609986516718,3
3351,36.34839,-97.08942,3.9,1.31128,-10807944.79581427,4348665.798325806,2015,4,5,4,14,15.67,2015.2612637104849,9
3357,36.36271,-97.05922,5.0,1.40147,-10804582.947192313,4350645.1704500755,2015,4,5,11,26,53.03,2015.262086249588,3
3358,36.3479,-97.09058,5.076,1.55085,-10808073.926423592,4348598.0748561,2015,4,5,11,33,45.57,2015.2620993221917,9
3359,36.35493,-97.09195,5.0,1.69033,-10808226.434125978,4349569.74014013,2015,4,5,11,35,52.91,2015.262103357353,10
3361,36.34417,-97.08197,3.322,1.94882,-10807115.465607861,4348082.56118892,2015,4,5,22,25,12.15,2015.263337901171,9
3362,36.34605,-97.08408,3.273,1.63781,-10807350.349733435,4348342.388047214,2015,4,5,22,43,42.48,2015.2633730854056,9
3364,36.36418,-97.05657,6.103,1.44163,-10804287.95054171,4350848.380797826,2015,4,6,0,24,53.0,2015.2635654485766,3
3365,36.34605,-97.08408,3.273,1.36433,-10807350.349733435,4348342.388047214,2015,4,6,1,25,59.5,2015.2636816329505,9
3366,36.34605,-97.08408,3.273,2.4,-10807350.349733435,4348342.388047214,2015,4,6,2,10,45.0,2015.2637667313104,9
3367,36.34605,-97.08408,3.273,1.8431,-10807350.349733435,4348342.388047214,2015,4,6,2,23,16.86,2015.263790556316,9
3368,36.34605,-97.08408,3.273,1.92458,-10807350.349733435,4348342.388047214,2015,4,6,3,36,37.38,2015.2639300003802,9
3370,36.36184,-97.06013,5.0,1.44939,-10804684.247928936,4350524.90490959,2015,4,6,3,59,37.87,2015.2639737454685,3
3371,36.36271,-97.05922,5.0,1.67241,-10804582.947192313,4350645.1704500755,2015,4,6,13,13,34.12,2015.2650269386772,3
3373,36.34417,-97.08197,3.322,1.83291,-10807115.465607861,4348082.56118892,2015,4,7,6,54,4.77,2015.267043272302,9
3374,36.36184,-97.06013,5.0,1.40796,-10804684.247928936,4350524.90490959,2015,4,7,14,17,44.98,2015.2678868158541,3
3376,36.36271,-97.05922,5.0,1.35417,-10804582.947192313,4350645.1704500755,2015,4,8,5,9,46.57,2015.269582812698,3
3377,36.34087,-97.05882,3.192,1.7212,-10804538.419395996,4347626.497297504,2015,4,8,5,52,0.53,2015.269663109045,7
3380,36.3507,-97.08778,5.0,1.94588,-10807762.231849369,4348985.071852446,2015,4,8,9,25,32.62,2015.270069099678,9
3381,36.44416,-97.05222,3.965,1.58874,-10803803.710756762,4361910.476440849,2015,4,8,10,6,7.3,2015.2701462500318,29
3383,36.3657,-97.05285,6.03,1.82853,-10803873.84203596,4351058.507099077,2015,4,9,19,1,14.18,2015.2739015064517,3
3385,36.43439,-96.90501,4.238,1.83458,-10787416.368517084,4360558.569382019,2015,4,10,11,48,3.9,2015.2758157749638,59
3387,36.3479,-97.09058,5.076,1.42363,-10808073.926423592,4348598.0748561,2015,4,11,7,16,14.82,2015.2780368221918,9
3388,36.44057,-97.03784,8.199,1.44505,-10802202.936479153,4361413.696543519,2015,4,11,10,15,52.95,2015.2783783605216,31
3395,36.34678,-97.08654,3.146,1.79392,-10807624.195680786,4348443.279954296,2015,4,13,13,30,34.05,2015.2842242138186,9
3398,36.44609,-97.06158,5.0,1.86008,-10804845.661190586,4362177.55702796,2015,4,16,6,8,3.57,2015.2915964322383,38
3403,36.43439,-96.90501,4.238,2.06944,-10787416.368517084,4360558.569382019,2015,4,17,5,20,51.47,2015.2942445391918,59
3404,36.43439,-96.90501,4.238,2.11473,-10787416.368517084,4360558.569382019,2015,4,17,5,39,46.42,2015.294280503587,59
3405,36.43439,-96.90501,4.238,1.70354,-10787416.368517084,4360558.569382019,2015,4,17,8,22,23.92,2015.2945897001039,59
3406,36.43439,-96.90501,4.238,1.73338,-10787416.368517084,4360558.569382019,2015,4,18,5,53,53.74,2015.2970452043248,59
3407,36.44185,-96.89463,5.261,2.70999,-10786260.87220265,4361590.818772906,2015,4,18,8,34,0.63,2015.2973496282987,50
3409,36.36271,-97.05922,5.0,1.78526,-10804582.947192313,4350645.1704500755,2015,4,18,16,17,1.67,2015.298229956334,3
3410,36.44185,-96.89463,5.261,2.3305,-10786260.87220265,4361590.818772906,2015,4,18,19,23,10.43,2015.2985838729815,50
3411,36.45534,-97.06917,6.673,1.81158,-10805690.576125707,4363457.698715752,2015,4,19,8,29,29.49,2015.3000788871777,23
3412,36.36184,-97.06013,5.0,1.21361,-10804684.247928936,4350524.90490959,2015,4,19,8,49,31.65,2015.3001169813294,3
3413,36.3657,-97.05285,6.03,1.62133,-10803873.84203596,4351058.507099077,2015,4,19,9,53,0.57,2015.3002376787208,3
3414,36.45364,-97.04443,5.0,1.86177,-10802936.531923482,4363222.417982528,2015,4,19,12,42,12.35,2015.300559369217,32
3415,36.36184,-97.06013,5.0,1.57367,-10804684.247928936,4350524.90490959,2015,4,20,1,27,47.95,2015.3020149805436,3
3416,36.36418,-97.05657,6.103,1.91862,-10804287.95054171,4350848.380797826,2015,4,20,1,35,50.7,2015.302030277968,3
3417,36.44609,-97.06158,5.0,1.64684,-10804845.661190586,4362177.55702796,2015,4,20,3,57,52.67,2015.3023003229016,38
3418,36.33657,-97.06425,3.473,2.5,-10805142.884231005,4347032.261220923,2015,4,20,15,32,3.0,2015.3036201422162,7
3419,36.34087,-97.05882,3.192,1.59006,-10804538.419395996,4347626.497297504,2015,4,20,19,57,20.25,2015.3041245294319,7
3421,36.36184,-97.06013,5.0,1.20608,-10804684.247928936,4350524.90490959,2015,4,21,1,36,24.1,2015.3047691871373,3
3422,36.34417,-97.08197,3.322,2.7,-10807115.465607861,4348082.56118892,2015,4,21,2,38,56.0,2015.304888077674,9
3423,36.34417,-97.08197,3.322,1.76337,-10807115.465607861,4348082.56118892,2015,4,21,3,22,1.6,2015.3049700103936,9
3424,36.34417,-97.08197,3.322,1.75216,-10807115.465607861,4348082.56118892,2015,4,21,4,13,37.68,2015.3050681192485,9
3425,36.34417,-97.08197,3.322,1.92825,-10807115.465607861,4348082.56118892,2015,4,21,4,14,47.23,2015.3050703231552,9
3426,36.34605,-97.08408,3.273,1.8251,-10807350.349733435,4348342.388047214,2015,4,21,5,15,20.0,2015.30518543869,9
3427,36.34605,-97.08408,3.273,1.74415,-10807350.349733435,4348342.388047214,2015,4,21,5,56,25.86,2015.305263577078,9
3428,36.44233,-97.07666,3.162,1.74581,-10806524.359111749,4361657.240362192,2015,4,21,18,40,13.41,2015.3067157645069,35
3429,36.34087,-97.05882,3.192,2.6,-10804538.419395996,4347626.497297504,2015,4,21,19,44,11.0,2015.3068373703957,7
3430,36.34417,-97.08197,3.322,1.8923,-10807115.465607861,4348082.56118892,2015,4,22,3,2,0.05,2015.307669786359,9
3432,36.34508,-97.08536,5.0,1.81317,-10807492.83868165,4348208.327661479,2015,4,22,7,14,23.17,2015.3081496428752,9
3433,36.34087,-97.05882,3.192,1.46603,-10804538.419395996,4347626.497297504,2015,4,22,10,18,24.08,2015.3084995082008,7
3435,36.3657,-97.05285,6.03,1.9146,-10803873.84203596,4351058.507099077,2015,4,23,2,13,15.13,2015.3103149520243,3
3436,36.3657,-97.05285,6.03,1.85374,-10803873.84203596,4351058.507099077,2015,4,23,2,14,26.57,2015.3103172158212,3
3437,36.33657,-97.06425,3.473,1.72095,-10805142.884231005,4347032.261220923,2015,4,23,2,59,23.6,2015.3104026795447,7
3439,36.33657,-97.06425,3.473,2.22781,-10805142.884231005,4347032.261220923,2015,4,23,4,4,42.03,2015.3105268470986,7
3440,36.34075,-97.05901,3.615,2.3,-10804559.570099248,4347609.913520133,2015,4,23,11,29,1.0,2015.3113716188811,7
3441,36.34087,-97.05882,3.192,1.49173,-10804538.419395996,4347626.497297504,2015,4,23,12,9,13.08,2015.311448053084,7
3445,36.34075,-97.05901,3.615,1.95499,-10804559.570099248,4347609.913520133,2015,4,24,8,30,19.27,2015.3137697185464,7
3454,36.3657,-97.05285,6.03,1.52953,-10803873.84203596,4351058.507099077,2015,4,25,17,33,15.93,2015.3175398613962,3
3456,36.44629,-97.05727,4.823,1.8293,-10804365.874185268,4362205.234152656,2015,4,26,1,48,36.95,2015.318481663688,38
3457,36.44609,-97.06158,5.0,1.81991,-10804845.661190586,4362177.55702796,2015,4,26,1,49,34.94,2015.3184835012803,38
3461,36.34075,-97.05901,3.615,1.38826,-10804559.570099248,4347609.913520133,2015,4,26,4,41,43.55,2015.318810795181,7
3472,36.36271,-97.05922,5.0,1.69048,-10804582.947192313,4350645.1704500755,2015,4,27,2,6,40.3,2015.3212538437651,3
3473,36.34075,-97.05901,3.615,1.90633,-10804559.570099248,4347609.913520133,2015,4,27,5,16,46.95,2015.321615298692,7
3477,36.36184,-97.06013,5.0,2.0566,-10804684.247928936,4350524.90490959,2015,4,27,11,19,50.53,2015.3223055786877,3
3479,36.34075,-97.05901,3.615,2.3479,-10804559.570099248,4347609.913520133,2015,4,27,23,43,43.15,2015.3237199010698,7
3493,36.32676,-96.78627,5.0,1.72799,-10774198.29218029,4345676.696571438,2015,4,29,9,54,17.15,2015.327618613266,5
3495,36.32715,-96.94881,2.523,1.48186,-10792292.162213828,4345730.584263041,2015,4,29,11,38,46.9,2015.3278172896544,11
3497,36.34705,-97.07486,5.0,2.29878,-10806323.98402832,4348480.596378728,2015,4,29,14,33,49.93,2015.3281501105914,8
3498,36.34705,-97.07486,5.0,2.8,-10806323.98402832,4348480.596378728,2015,4,29,17,10,28.0,2015.3284479174588,8
3499,36.34705,-97.07486,5.0,2.12795,-10806323.98402832,4348480.596378728,2015,4,29,19,42,10.6,2015.328736361447,8
3501,36.34417,-97.08197,3.322,1.71154,-10807115.465607861,4348082.56118892,2015,4,30,1,38,51.3,2015.329414508708,9
3510,36.32715,-96.94881,2.523,1.60761,-10792292.162213828,4345730.584263041,2015,4,30,16,33,15.87,2015.3311150363145,11
3513,36.37025,-96.96371,3.393,2.34757,-10793950.82262665,4351687.528128099,2015,5,1,11,32,53.84,2015.3332818034326,15
3517,36.35493,-97.09195,5.0,1.80603,-10808226.434125978,4349569.74014013,2015,5,2,22,7,25.18,2015.3372260621848,10
3518,36.53119,-97.06655,5.0,1.52478,-10805398.919059828,4373960.626256011,2015,5,3,3,23,8.49,2015.3378263394554,6
3522,36.43439,-96.90501,4.238,1.94282,-10787416.368517084,4360558.569382019,2015,5,3,10,19,47.92,2015.3386185235886,59
3523,36.34087,-97.05882,3.192,1.52552,-10804538.419395996,4347626.497297504,2015,5,4,8,12,57.0,2015.3411151988744,7
3524,36.32715,-96.94881,2.523,3.0,-10792292.162213828,4345730.584263041,2015,5,4,11,4,40.0,2015.3414416812432,11
3525,36.38495,-96.93592,5.0,1.94419,-10790857.253977504,4353720.001383545,2015,5,4,11,39,4.69,2015.3415071073211,15
3526,36.32715,-96.94881,2.523,1.61993,-10792292.162213828,4345730.584263041,2015,5,4,11,43,56.55,2015.3415163558066,11
3549,36.33657,-97.06425,3.473,1.79514,-10805142.884231005,4347032.261220923,2015,5,8,8,57,5.55,2015.352150529508,7
3556,36.44379,-97.06431,5.0,1.9557,-10805149.563400453,4361859.275221921,2015,5,8,18,25,16.38,2015.3532308027227,39
3558,36.34108,-96.80703,3.269,2.172,-10776509.284809157,4347655.518969385,2015,5,9,9,59,49.22,2015.3550076438005,4
3560,36.40932,-96.88664,4.096,1.58612,-10785371.429471212,4357090.329291937,2015,5,10,4,51,18.37,2015.3571589211474,54
3561,36.33657,-97.06425,3.473,2.41652,-10805142.884231005,4347032.261220923,2015,5,10,7,29,24.23,2015.3574595099121,7
3562,36.30055,-96.87495,5.028,2.06049,-10784070.104623837,4342055.785216048,2015,5,10,15,14,49.57,2015.3583444105382,12
3570,36.4235,-97.02567,0.994,1.3422,-10800848.1782762,4359051.884771954,2015,5,12,1,4,6.85,2015.3622026659189,21
3573,36.37331,-96.96703,4.824,1.48241,-10794320.403336082,4352110.582740882,2015,5,13,0,48,45.82,2015.3649113310264,15
3575,36.37331,-96.96703,4.824,1.75833,-10794320.403336082,4352110.582740882,2015,5,13,1,19,58.55,2015.3649706742592,15
3576,36.37313,-96.96766,3.838,1.76943,-10794390.534615282,4352085.696714776,2015,5,13,3,2,3.65,2015.3651647669658,15
3577,36.37331,-96.96703,4.824,2.3,-10794320.403336082,4352110.582740882,2015,5,13,3,11,31.0,2015.3651827452024,15
3578,36.37331,-96.96703,4.824,2.0628,-10794320.403336082,4352110.582740882,2015,5,13,3,13,30.39,2015.3651865284432,15
3579,36.37331,-96.96703,4.824,1.85727,-10794320.403336082,4352110.582740882,2015,5,13,3,14,14.2,2015.3651879166985,15
3580,36.37331,-96.96703,4.824,1.46782,-10794320.403336082,4352110.582740882,2015,5,13,3,19,2.45,2015.3651970507897,15
3581,36.37313,-96.96766,3.838,1.54953,-10794390.534615282,4352085.696714776,2015,5,13,3,22,3.23,2015.365202779362,15
3582,36.37331,-96.96703,4.824,1.89532,-10794320.403336082,4352110.582740882,2015,5,13,3,29,7.59,2015.3652162265191,15
3583,36.37313,-96.96766,3.838,1.83825,-10794390.534615282,4352085.696714776,2015,5,13,3,33,36.15,2015.365224736672,15
3584,36.37313,-96.96766,3.838,1.61947,-10794390.534615282,4352085.696714776,2015,5,13,4,8,39.03,2015.3652913729181,15
3585,36.4235,-97.02567,0.994,1.99193,-10800848.1782762,4359051.884771954,2015,5,13,6,19,40.64,2015.365540492306,21
3586,36.34508,-97.08536,5.0,1.74806,-10807492.83868165,4348208.327661479,2015,5,13,7,33,13.13,2015.3656803156766,9
3587,36.37313,-96.96766,3.838,2.1,-10794390.534615282,4352085.696714776,2015,5,13,8,50,41.0,2015.3658275977893,15
3588,36.37331,-96.96703,4.824,2.02564,-10794320.403336082,4352110.582740882,2015,5,13,8,52,23.52,2015.3658308464521,15
3589,36.37331,-96.96703,4.824,1.81975,-10794320.403336082,4352110.582740882,2015,5,13,9,19,46.0,2015.3658828935027,15
3591,36.4235,-97.02567,0.994,1.9301,-10800848.1782762,4359051.884771954,2015,5,13,22,25,41.89,2015.367377173486,21
3592,36.37313,-96.96766,3.838,1.89064,-10794390.534615282,4352085.696714776,2015,5,14,2,47,17.0,2015.36787452151,15
3595,36.4235,-97.02567,0.994,2.40159,-10800848.1782762,4359051.884771954,2015,5,14,4,37,12.92,2015.368083533602,21
3596,36.37313,-96.96766,3.838,2.43951,-10794390.534615282,4352085.696714776,2015,5,14,5,25,47.05,2015.3681758768093,15
3597,36.37313,-96.96766,3.838,1.70147,-10794390.534615282,4352085.696714776,2015,5,14,8,37,24.2,2015.3685401995083,15
3598,36.37313,-96.96766,3.838,2.04404,-10794390.534615282,4352085.696714776,2015,5,14,8,51,45.98,2015.3685675076686,15
3599,36.33302,-96.80813,5.398,2.04014,-10776631.736249031,4346541.6956914645,2015,5,14,19,30,12.45,2015.3697813664537,4
3600,36.33302,-96.80813,5.398,2.1,-10776631.736249031,4346541.6956914645,2015,5,14,19,37,54.0,2015.3697959920908,4
3601,36.33778,-96.81194,4.685,2.2,-10777055.863508955,4347199.473172141,2015,5,14,20,33,8.0,2015.3699010064136,4
3602,36.34508,-97.08536,5.0,1.86324,-10807492.83868165,4348208.327661479,2015,5,14,23,34,15.97,2015.3702453916014,9
3603,36.33778,-96.81194,4.685,1.74533,-10777055.863508955,4347199.473172141,2015,5,15,0,47,5.84,2015.3703838644258,4
3604,36.33778,-96.81194,4.685,2.13806,-10777055.863508955,4347199.473172141,2015,5,15,2,6,35.39,2015.370535002345,4
3605,36.46501,-97.09336,5.0,1.89165,-10808383.394607997,4364796.129001246,2015,5,15,2,59,28.55,2015.3706355537176,14
3606,36.46501,-97.09336,5.0,2.03113,-10808383.394607997,4364796.129001246,2015,5,15,3,58,58.42,2015.3707486760718,14
3607,36.4235,-97.02567,0.994,2.02729,-10800848.1782762,4359051.884771954,2015,5,15,4,47,27.5,2015.3708408592543,21
3609,36.46501,-97.09336,5.0,1.84771,-10808383.394607997,4364796.129001246,2015,5,15,5,48,28.62,2015.3709568731463,14
3610,36.46501,-97.09336,5.0,1.95424,-10808383.394607997,4364796.129001246,2015,5,15,6,3,1.62,2015.370984536847,14
3611,36.33778,-96.81194,4.685,1.48946,-10777055.863508955,4347199.473172141,2015,5,15,6,42,36.89,2015.3710598046111,4
3612,36.33302,-96.80813,5.398,2.07334,-10776631.736249031,4346541.6956914645,2015,5,15,6,45,49.95,2015.3710659223134,4
3613,36.33778,-96.81194,4.685,1.94016,-10777055.863508955,4347199.473172141,2015,5,15,6,48,30.95,2015.3710710240957,4
3614,36.33302,-96.80813,5.398,2.88846,-10776631.736249031,4346541.6956914645,2015,5,15,7,9,8.68,2015.3711102453926,4
3615,36.33778,-96.81194,4.685,1.75166,-10777055.863508955,4347199.473172141,2015,5,15,7,27,56.92,2015.3711459971607,4
3616,36.33302,-96.80813,5.398,2.08304,-10776631.736249031,4346541.6956914645,2015,5,15,8,32,21.72,2015.3712684652826,4
3617,36.33302,-96.80813,5.398,1.71879,-10776631.736249031,4346541.6956914645,2015,5,15,8,45,34.45,2015.3712935853803,4
3618,36.33778,-96.81194,4.685,1.62624,-10777055.863508955,4347199.473172141,2015,5,15,8,47,29.32,2015.3712972253911,4
3619,36.33302,-96.80813,5.398,2.29422,-10776631.736249031,4346541.6956914645,2015,5,15,17,50,20.1,2015.3723293311277,4
3622,36.33778,-96.81194,4.685,2.04259,-10777055.863508955,4347199.473172141,2015,5,16,3,38,45.34,2015.3734480866733,4
3623,36.4235,-97.02567,0.994,2.29108,-10800848.1782762,4359051.884771954,2015,5,16,6,0,49.39,2015.3737181975182,21
3631,36.37876,-96.94097,5.0,1.62966,-10791419.417406008,4352864.103578394,2015,5,17,7,3,39.88,2015.3765755279235,15
3633,36.33778,-96.81194,4.685,1.41969,-10777055.863508955,4347199.473172141,2015,5,17,8,9,9.62,2015.3767000538699,4
3637,36.34417,-97.08197,3.322,1.74932,-10807115.465607861,4348082.56118892,2015,5,17,23,12,39.73,2015.3784178685958,9
3640,36.37331,-96.96703,4.824,1.54108,-10794320.403336082,4352110.582740882,2015,5,18,5,5,0.45,2015.3790877775878,15
3644,36.37876,-96.94097,5.0,1.90357,-10791419.417406008,4352864.103578394,2015,5,18,9,2,21.5,2015.3795390492305,15
3645,36.33778,-96.81194,4.685,1.54116,-10777055.863508955,4347199.473172141,2015,5,18,9,29,14.92,2015.3795901754252,4
3650,36.33107,-96.79273,4.688,1.7808,-10774917.416090814,4346272.239631,2015,5,19,6,54,6.35,2015.3820330554288,5
3652,36.32156,-96.96742,5.0,2.26823,-10794363.817937491,4344958.219786593,2015,5,19,15,23,24.57,2015.3830013869876,11
3653,36.32156,-96.96742,5.0,2.25173,-10794363.817937491,4344958.219786593,2015,5,19,18,54,9.99,2015.383402096167,11
3654,36.32156,-96.96742,5.0,1.59636,-10794363.817937491,4344958.219786593,2015,5,19,22,53,36.66,2015.3838573484675,11
3655,36.42683,-97.02414,1.126,2.31785,-10800677.859455286,4359512.584079872,2015,5,20,7,0,51.35,2015.3847837398914,21
3659,36.32156,-96.96742,5.0,2.34838,-10794363.817937491,4344958.219786593,2015,5,20,12,5,52.04,2015.3853636537633,11
3660,36.33778,-96.81194,4.685,1.90601,-10777055.863508955,4347199.473172141,2015,5,21,0,2,40.42,2015.3867265070855,4
3662,36.33302,-96.80813,5.398,2.22031,-10776631.736249031,4346541.6956914645,2015,5,21,4,17,27.97,2015.3872109403123,4
3665,36.42683,-97.02414,1.126,2.12446,-10800677.859455286,4359512.584079872,2015,5,21,9,28,34.62,2015.3878024507567,21
3668,36.44598,-97.0583,4.322,1.86255,-10804480.533260785,4362162.3346397905,2015,5,22,8,9,15.42,2015.3903894915964,38
3669,36.44598,-97.0583,4.322,1.69238,-10804480.533260785,4362162.3346397905,2015,5,22,10,24,23.54,2015.3906464224149,38
3671,36.4235,-97.02567,0.994,1.62788,-10800848.1782762,4359051.884771954,2015,5,22,13,41,59.77,2015.3910221236722,21
3672,36.44764,-97.07355,0.001,2.16997,-10806178.155495381,4362392.056610602,2015,5,22,14,25,15.14,2015.3911043659848,35
3673,36.44375,-97.07326,5.0,2.06052,-10806145.872843051,4361853.739969634,2015,5,22,15,53,9.89,2015.391271512726,35
3674,36.44428,-97.07667,5.0,1.58704,-10806525.472306656,4361927.082294018,2015,5,22,16,2,47.66,2015.3912898211524,35
3675,36.4235,-97.02567,0.994,1.89478,-10800848.1782762,4359051.884771954,2015,5,22,16,4,7.3,2015.3912923447917,21
3676,36.44648,-97.07248,5.0,1.81911,-10806059.043640234,4362231.527487204,2015,5,22,16,20,25.79,2015.3913233512687,35
3677,36.45081,-97.07419,5.0,2.07203,-10806249.39996949,4362830.756199406,2015,5,22,16,21,26.21,2015.391325265863,35
3678,36.45081,-97.07419,5.0,1.86918,-10806249.39996949,4362830.756199406,2015,5,22,16,27,43.09,2015.3913372084696,35
3679,36.45081,-97.07419,5.0,1.96232,-10806249.39996949,4362830.756199406,2015,5,22,19,38,28.66,2015.3916998966968,35
3680,36.44853,-97.07612,5.0,2.1306,-10806464.246586721,4362515.222823956,2015,5,22,20,21,46.29,2015.3917822106243,35
3681,36.44375,-97.07326,5.0,1.70368,-10806145.872843051,4361853.739969634,2015,5,22,20,55,31.04,2015.3918463710802,35
3682,36.34678,-97.08654,3.146,1.65297,-10807624.195680786,4348443.279954296,2015,5,23,1,51,11.4,2015.3924085291658,9
3683,36.44379,-97.06431,5.0,2.17236,-10805149.563400453,4361859.275221921,2015,5,23,4,45,46.58,2015.3927404675894,39
3684,36.37876,-96.94097,5.0,2.28855,-10791419.417406008,4352864.103578394,2015,5,23,5,52,56.88,2015.3928681800896,15
3685,36.44379,-97.06431,5.0,2.19596,-10805149.563400453,4361859.275221921,2015,5,23,10,16,46.58,2015.3933697930133,39
3688,36.44379,-97.06431,5.0,1.92643,-10805149.563400453,4361859.275221921,2015,5,24,23,54,56.28,2015.3976632025249,39
3689,36.44233,-97.07666,3.162,1.49397,-10806524.359111749,4361657.240362192,2015,5,25,13,59,54.43,2015.399269729954,35
3691,36.37313,-96.96766,3.838,1.81578,-10794390.534615282,4352085.696714776,2015,5,26,5,32,44.98,2015.4010433296576,15
3692,36.37313,-96.96766,3.838,2.30733,-10794390.534615282,4352085.696714776,2015,5,26,5,40,3.03,2015.4010572106245,15
3693,36.37313,-96.96766,3.838,2.24826,-10794390.534615282,4352085.696714776,2015,5,26,11,56,41.03,2015.4017732980328,15
3694,36.33302,-96.80813,5.398,2.25938,-10776631.736249031,4346541.6956914645,2015,5,26,15,31,19.47,2015.4021813911704,4
3695,36.37331,-96.96703,4.824,1.86402,-10794320.403336082,4352110.582740882,2015,5,27,2,12,47.0,2015.4034009874008,15
3696,36.33302,-96.80813,5.398,1.62379,-10776631.736249031,4346541.6956914645,2015,5,27,12,52,49.08,2015.404617875884,4
3697,36.33107,-96.79273,4.688,2.13539,-10774917.416090814,4346272.239631,2015,5,28,3,55,5.78,2015.4063333643876,5
3698,36.33778,-96.81194,4.685,1.7537,-10777055.863508955,4347199.473172141,2015,5,28,4,28,48.7,2015.4063974668543,4
3699,36.33107,-96.79273,4.688,1.6418,-10774917.416090814,4346272.239631,2015,5,29,6,43,10.3,2015.4093907743302,5
3700,36.4235,-97.02567,0.994,2.24443,-10800848.1782762,4359051.884771954,2015,5,29,11,12,46.39,2015.4099033636905,21
3702,36.34508,-97.08536,5.0,1.67328,-10807492.83868165,4348208.327661479,2015,5,30,2,41,41.7,2015.4116695090881,9
3704,36.44424,-97.03947,3.864,1.96884,-10802384.387249146,4361921.547006775,2015,5,30,4,49,17.37,2015.4119121026313,31
3705,36.44424,-97.03947,3.864,2.17192,-10802384.387249146,4361921.547006775,2015,5,30,4,52,32.05,2015.4119182716684,31
3706,36.44424,-97.03947,3.864,1.97652,-10802384.387249146,4361921.547006775,2015,5,30,6,51,58.5,2015.4121453627652,31
3709,36.44424,-97.03947,3.864,2.3131,-10802384.387249146,4361921.547006775,2015,5,30,12,6,50.37,2015.4127440100008,31
3710,36.44424,-97.03947,3.864,2.45943,-10802384.387249146,4361921.547006775,2015,5,30,12,19,51.42,2015.4127687599816,31
3711,36.44424,-97.03947,3.864,2.50386,-10802384.387249146,4361921.547006775,2015,5,30,12,20,41.03,2015.4127703320278,31
3712,36.33778,-96.81194,4.685,2.07582,-10777055.863508955,4347199.473172141,2015,5,30,13,31,33.45,2015.4129050830861,4
3713,36.44424,-97.03947,3.864,2.27064,-10802384.387249146,4361921.547006775,2015,5,30,18,56,33.92,2015.413523015692,31
3714,36.44424,-97.03947,3.864,2.43673,-10802384.387249146,4361921.547006775,2015,5,31,0,16,51.2,2015.4141319745481,31
3716,36.35486,-97.09082,10.354,1.75527,-10808100.64310138,4349560.064519873,2015,5,31,2,6,55.97,2015.4143412670799,10
3717,36.44424,-97.03947,3.864,2.06095,-10802384.387249146,4361921.547006775,2015,5,31,2,47,29.58,2015.4144183835272,31
3718,36.44424,-97.03947,3.864,1.87095,-10802384.387249146,4361921.547006775,2015,5,31,5,33,20.17,2015.414733698697,31
3720,36.34108,-96.80703,3.269,1.80455,-10776509.284809157,4347655.518969385,2015,5,31,8,26,53.67,2015.4150636825993,4
3722,36.44424,-97.03947,3.864,2.71472,-10802384.387249146,4361921.547006775,2015,5,31,10,11,41.9,2015.415262944584,31
3725,36.44424,-97.03947,3.864,1.901,-10802384.387249146,4361921.547006775,2015,5,31,15,38,49.05,2015.4158848914367,31
3728,36.42495,-97.02135,2.353,1.46863,-10800367.278075973,4359252.487147042,2015,6,1,9,48,46.15,2015.4179572004841,21
3730,36.44424,-97.03947,3.864,2.51644,-10802384.387249146,4361921.547006775,2015,6,2,22,5,12.42,2015.4220952296753,31
3733,36.44424,-97.03947,3.864,2.9,-10802384.387249146,4361921.547006775,2015,6,4,5,7,23.0,2015.4256357581057,31
3734,36.44424,-97.03947,3.864,2.34154,-10802384.387249146,4361921.547006775,2015,6,4,5,12,35.25,2015.4256456527112,31
3735,36.44424,-97.03947,3.864,2.16023,-10802384.387249146,4361921.547006775,2015,6,4,18,12,20.6,2015.4271281909905,31
3736,36.44424,-97.03947,3.864,2.09432,-10802384.387249146,4361921.547006775,2015,6,5,1,21,2.55,2015.4279432704009,31
3738,36.44424,-97.03947,3.864,1.86216,-10802384.387249146,4361921.547006775,2015,6,5,9,7,25.2,2015.4288299870714,31
3739,36.44424,-97.03947,3.864,1.96949,-10802384.387249146,4361921.547006775,2015,6,5,9,14,9.37,2015.4288427944457,31
3741,36.44424,-97.03947,3.864,2.22606,-10802384.387249146,4361921.547006775,2015,6,6,7,30,2.48,2015.431382693234,31
3743,36.4476,-97.05848,4.002,1.87333,-10804500.570769127,4362386.5210836325,2015,6,6,18,31,43.14,2015.4326407312344,38
3744,36.44747,-97.05977,5.0,1.67236,-10804644.17291225,4362368.530640689,2015,6,6,22,10,52.9,2015.433057421984,38
3746,36.32644,-96.77987,5.488,2.36811,-10773485.847439213,4345632.481231047,2015,6,7,2,25,1.12,2015.4335406089183,5
3751,36.34082,-96.80734,5.0,1.64114,-10776543.793851305,4347619.587387161,2015,6,8,5,13,22.45,2015.4365985515376,4
3753,36.36418,-97.05657,6.103,1.81344,-10804287.95054171,4350848.380797826,2015,6,8,18,7,22.63,2015.4380701520395,3
3754,36.44424,-97.03947,3.864,1.85875,-10802384.387249146,4361921.547006775,2015,6,9,22,25,44.05,2015.4412992131847,31
3758,36.32644,-96.77987,5.488,2.05432,-10773485.847439213,4345632.481231047,2015,6,12,0,29,0.57,2015.4470092963343,5
3759,36.44424,-97.03947,3.864,1.87106,-10802384.387249146,4361921.547006775,2015,6,12,23,4,28.3,2015.4495864165842,31
3760,36.44424,-97.03947,3.864,1.82239,-10802384.387249146,4361921.547006775,2015,6,12,23,49,27.1,2015.4496719363956,31
3764,36.33059,-96.7788,5.246,2.36741,-10773366.735584065,4346205.913019732,2015,6,15,5,0,54.34,2015.4557398008722,5
3765,36.33302,-96.80813,5.398,2.42176,-10776631.736249031,4346541.6956914645,2015,6,15,10,14,44.35,2015.4563364878825,4
3766,36.34156,-96.81086,3.47,2.4827,-10776935.638458898,4347721.854513254,2015,6,15,10,24,57.47,2015.4563559164828,4
3767,36.34156,-96.81086,3.47,1.79714,-10776935.638458898,4347721.854513254,2015,6,15,10,42,22.67,2015.4563890368722,4
3768,36.33778,-96.81194,4.685,1.87533,-10777055.863508955,4347199.473172141,2015,6,15,11,53,45.67,2015.4565247569524,4
3769,36.34156,-96.81086,3.47,2.4,-10776935.638458898,4347721.854513254,2015,6,15,13,23,50.0,2015.456696009836,4
3770,36.34156,-96.81086,3.47,1.88147,-10776935.638458898,4347721.854513254,2015,6,15,15,41,26.47,2015.4569576415824,4
3771,36.41104,-96.86803,2.646,1.79261,-10783299.773747548,4357328.242184638,2015,6,15,17,9,22.85,2015.4571248399752,56
3772,36.33778,-96.81194,4.685,1.8311,-10777055.863508955,4347199.473172141,2015,6,15,18,11,48.87,2015.4572435441858,4
3773,36.33107,-96.79273,4.688,1.75301,-10774917.416090814,4346272.239631,2015,6,15,22,26,20.15,2015.4577274618475,5
3776,36.41104,-96.86803,2.646,2.78677,-10783299.773747548,4357328.242184638,2015,6,16,1,40,0.72,2015.45809569549,56
3777,36.41104,-96.86803,2.646,1.33272,-10783299.773747548,4357328.242184638,2015,6,16,1,55,56.9,2015.458125995006,56
3778,36.33246,-96.78808,4.214,1.98838,-10774399.780458625,4346464.312747883,2015,6,16,3,35,14.43,2015.4583147777398,5
3779,36.33246,-96.78808,4.214,1.89345,-10774399.780458625,4346464.312747883,2015,6,16,3,37,55.4,2015.4583198785713,5
3780,36.41104,-96.86803,2.646,1.35485,-10783299.773747548,4357328.242184638,2015,6,16,3,54,12.6,2015.4583508441706,56
3783,36.33302,-96.80813,5.398,1.60459,-10776631.736249031,4346541.6956914645,2015,6,16,10,42,35.22,2015.459127285345,4
3784,36.33302,-96.80813,5.398,1.71146,-10776631.736249031,4346541.6956914645,2015,6,16,13,56,55.35,2015.4594967725682,4
3785,36.33059,-96.7788,5.246,2.02696,-10773366.735584065,4346205.913019732,2015,6,16,20,6,23.79,2015.4601992480416,5
3786,36.33246,-96.78808,4.214,1.93528,-10774399.780458625,4346464.312747883,2015,6,16,22,6,10.55,2015.4604269827237,5
3787,36.34156,-96.81086,3.47,1.77667,-10776935.638458898,4347721.854513254,2015,6,17,0,16,5.14,2015.460673978376,4
3790,36.41104,-96.86803,2.646,1.75996,-10783299.773747548,4357328.242184638,2015,6,18,7,50,51.22,2015.4642764728624,56
3794,36.31103,-96.86623,4.364,1.92591,-10783099.39866412,4343503.451101562,2015,6,18,20,47,37.43,2015.4657533345376,12
3795,36.35283,-96.82906,4.587,1.96568,-10778961.653191335,4349279.475317184,2015,6,19,0,39,19.65,2015.4661938693057,1
3796,36.30835,-96.86517,5.097,1.86548,-10782981.40000388,4343133.227951487,2015,6,19,1,46,7.1,2015.466320857733,12
3797,36.33302,-96.80813,5.398,2.01597,-10776631.736249031,4346541.6956914645,2015,6,19,4,5,23.0,2015.4665856402262,4
3798,36.33778,-96.81194,4.685,1.6114,-10777055.863508955,4347199.473172141,2015,6,19,4,12,49.39,2015.4665997854715,4
3799,36.37313,-96.96766,3.838,1.48643,-10794390.534615282,4352085.696714776,2015,6,19,11,32,14.12,2015.4674352333511,15
3803,36.33778,-96.81194,4.685,2.0835,-10777055.863508955,4347199.473172141,2015,6,20,20,19,0.77,2015.471174638439,4
3805,36.41104,-96.86803,2.646,1.52476,-10783299.773747548,4357328.242184638,2015,6,20,22,8,46.95,2015.4713833418891,56
3808,36.32975,-96.78612,1.775,1.67079,-10774181.594256671,4346089.842433261,2015,6,21,4,11,55.25,2015.4720737714529,5
3809,36.3394,-96.80842,1.886,1.51632,-10776664.018901361,4347423.347785378,2015,6,21,7,49,39.09,2015.472487739562,4
3810,36.33778,-96.81194,4.685,1.66551,-10777055.863508955,4347199.473172141,2015,6,21,8,10,20.55,2015.4725270790555,4
3811,36.32499,-96.78416,3.274,1.87271,-10773963.408054715,4345432.132745301,2015,6,21,10,3,37.6,2015.4727424645728,5
3812,36.32975,-96.78612,1.775,1.90911,-10774181.594256671,4346089.842433261,2015,6,21,11,6,9.08,2015.4728613418004,5
3814,36.32644,-96.77987,5.488,2.21328,-10773485.847439213,4345632.481231047,2015,6,21,15,43,16.62,2015.473388236748,5
3815,36.32499,-96.78416,3.274,2.27356,-10773963.408054715,4345432.132745301,2015,6,21,21,36,55.12,2015.4740606104392,5
3816,36.32499,-96.78416,3.274,2.5,-10773963.408054715,4345432.132745301,2015,6,21,21,43,2.0,2015.474072236165,5
3817,36.33059,-96.7788,5.246,2.6,-10773366.735584065,4346205.913019732,2015,6,21,22,24,42.0,2015.4741514563846,5
3818,36.33059,-96.7788,5.246,2.51091,-10773366.735584065,4346205.913019732,2015,6,21,22,27,7.92,2015.4741560803102,5
3820,36.32471,-96.78124,3.679,2.5,-10773638.3551416,4345393.445191291,2015,6,22,12,54,6.0,2015.4758044337973,5
3821,36.32471,-96.78124,3.679,2.04047,-10773638.3551416,4345393.445191291,2015,6,22,13,59,23.45,2015.475928570297,5
3822,36.33271,-96.7765,4.35,2.54296,-10773110.70075524,4346498.858636107,2015,6,22,16,58,59.68,2015.4762700484193,5
3823,36.32471,-96.78124,3.679,2.40024,-10773638.3551416,4345393.445191291,2015,6,22,17,49,54.79,2015.4763668590133,5
3824,36.33271,-96.7765,4.35,2.3,-10773110.70075524,4346498.858636107,2015,6,22,18,14,54.0,2015.4764143661114,5
3828,36.33271,-96.7765,4.35,1.83926,-10773110.70075524,4346498.858636107,2015,6,23,3,45,43.3,2015.4774996609374,5
3832,36.33271,-96.7765,4.35,1.95216,-10773110.70075524,4346498.858636107,2015,6,23,20,47,33.7,2015.4794424702766,5
3833,36.40932,-96.88664,4.096,1.74685,-10785371.429471212,4357090.329291937,2015,6,23,21,41,10.52,2015.4795444051513,54
3836,36.41104,-96.86803,2.646,1.91544,-10783299.773747548,4357328.242184638,2015,6,24,8,28,54.35,2015.4807759256091,56
3839,36.42433,-97.02258,2.16,1.42205,-10800504.201049648,4359166.711879931,2015,6,25,7,6,10.83,2015.4833564919386,21
3845,36.32471,-96.78124,3.679,1.7388,-10773638.3551416,4345393.445191291,2015,6,26,3,1,14.84,2015.485628654904,5
3856,36.33157,-96.79138,5.0,2.12708,-10774767.134778244,4346341.330285602,2015,6,27,1,48,47.27,2015.4882287395112,5
3858,36.35283,-96.82906,4.587,1.99951,-10778961.653191335,4349279.475317184,2015,6,27,3,2,27.72,2015.488368815119,1
3859,36.35283,-96.82906,4.587,2.54664,-10778961.653191335,4349279.475317184,2015,6,27,3,43,24.33,2015.4884466603924,1
3860,36.35283,-96.82906,4.587,2.06867,-10778961.653191335,4349279.475317184,2015,6,27,3,47,26.5,2015.4884543342966,1
3863,36.35283,-96.82906,4.587,1.88656,-10778961.653191335,4349279.475317184,2015,6,27,4,9,35.95,2015.488496462025,1
3865,36.35283,-96.82906,4.587,2.11552,-10778961.653191335,4349279.475317184,2015,6,27,6,25,39.1,2015.488755136639,1
3866,36.35283,-96.82906,4.587,2.04958,-10778961.653191335,4349279.475317184,2015,6,27,6,32,29.95,2015.48876815569,1
3867,36.35283,-96.82906,4.587,1.95722,-10778961.653191335,4349279.475317184,2015,6,27,7,44,30.97,2015.4889050805511,1
3868,36.35283,-96.82906,4.587,2.05789,-10778961.653191335,4349279.475317184,2015,6,27,9,16,30.97,2015.489079998796,1
3869,36.32975,-96.78612,1.775,1.80373,-10774181.594256671,4346089.842433261,2015,6,27,16,26,58.47,2015.489898422884,5
3871,36.35283,-96.82906,4.587,2.7,-10778961.653191335,4349279.475317184,2015,6,27,18,45,5.0,2015.4901610071743,1
3872,36.35283,-96.82906,4.587,2.77232,-10778961.653191335,4349279.475317184,2015,6,27,18,51,16.0,2015.4901727634547,1
3873,36.33157,-96.79138,5.0,2.85707,-10774767.134778244,4346341.330285602,2015,6,27,20,11,49.14,2015.4903259164196,5
3874,36.35283,-96.82906,4.587,2.045,-10778961.653191335,4349279.475317184,2015,6,27,20,31,33.67,2015.49036345191,1
3876,36.35283,-96.82906,4.587,2.06789,-10778961.653191335,4349279.475317184,2015,6,27,23,7,58.78,2015.4906608480999,1
3878,36.35283,-96.82906,4.587,2.14183,-10778961.653191335,4349279.475317184,2015,6,27,23,34,56.28,2015.490712103582,1
3879,36.35283,-96.82906,4.587,1.99157,-10778961.653191335,4349279.475317184,2015,6,28,0,3,41.42,2015.49076676997,1
3880,36.35283,-96.82906,4.587,2.16644,-10778961.653191335,4349279.475317184,2015,6,28,0,41,19.65,2015.4908383289603,1
3881,36.35283,-96.82906,4.587,2.40289,-10778961.653191335,4349279.475317184,2015,6,28,3,21,5.72,2015.4911420931883,1
3882,36.35283,-96.82906,4.587,2.17984,-10778961.653191335,4349279.475317184,2015,6,28,4,34,18.47,2015.491281291036,1
3889,36.35283,-96.82906,4.587,1.88133,-10778961.653191335,4349279.475317184,2015,6,28,7,45,5.63,2015.4916440296474,1
3890,36.35283,-96.82906,4.587,1.95688,-10778961.653191335,4349279.475317184,2015,6,28,8,29,6.95,2015.4917277280274,1
3891,36.32975,-96.78612,1.775,1.56708,-10774181.594256671,4346089.842433261,2015,6,28,10,19,43.97,2015.4919380425001,5
3893,36.35283,-96.82906,4.587,1.95758,-10778961.653191335,4349279.475317184,2015,6,28,14,13,5.85,2015.492381735303,1
3894,36.33271,-96.7765,4.35,2.34875,-10773110.70075524,4346498.858636107,2015,6,28,14,15,39.93,2015.4923866178037,5
3895,36.35283,-96.82906,4.587,2.27716,-10778961.653191335,4349279.475317184,2015,6,28,16,39,27.63,2015.492660013119,1
3906,36.35283,-96.82906,4.587,2.42521,-10778961.653191335,4349279.475317184,2015,6,29,12,18,38.85,2015.4949019839912,1
3907,36.35283,-96.82906,4.587,2.13523,-10778961.653191335,4349279.475317184,2015,6,29,12,52,12.58,2015.4949657952443,1
3910,36.35283,-96.82906,4.587,2.40125,-10778961.653191335,4349279.475317184,2015,6,29,17,35,56.75,2015.495505258638,1
3912,36.35283,-96.82906,4.587,2.15892,-10778961.653191335,4349279.475317184,2015,6,29,19,49,7.55,2015.4957584718102,1
3914,36.35283,-96.82906,4.587,2.13328,-10778961.653191335,4349279.475317184,2015,6,29,21,28,17.22,2015.4959470054757,1
3916,36.35283,-96.82906,4.587,2.07513,-10778961.653191335,4349279.475317184,2015,6,30,5,56,22.0,2015.4969130098614,1
3917,36.35283,-96.82906,4.587,2.38127,-10778961.653191335,4349279.475317184,2015,6,30,8,7,44.25,2015.4971627832915,1
3918,36.35283,-96.82906,4.587,2.35571,-10778961.653191335,4349279.475317184,2015,6,30,8,47,21.05,2015.4972380995387,1
3919,36.35283,-96.82906,4.587,2.5323,-10778961.653191335,4349279.475317184,2015,6,30,8,59,39.25,2015.497261491685,1
3920,36.35283,-96.82906,4.587,2.10929,-10778961.653191335,4349279.475317184,2015,6,30,9,0,48.63,2015.4972636902046,1
3921,36.35283,-96.82906,4.587,2.1256,-10778961.653191335,4349279.475317184,2015,6,30,9,3,44.95,2015.4972692774481,1
3922,36.35283,-96.82906,4.587,2.12099,-10778961.653191335,4349279.475317184,2015,6,30,11,38,23.28,2015.497563289984,1
3923,36.35283,-96.82906,4.587,2.59505,-10778961.653191335,4349279.475317184,2015,6,30,13,23,22.63,2015.49776290434,1
3924,36.35283,-96.82906,4.587,2.16083,-10778961.653191335,4349279.475317184,2015,6,30,15,22,21.95,2015.497989135739,1
3933,36.33271,-96.7765,4.35,1.73827,-10773110.70075524,4346498.858636107,2015,7,3,3,48,15.37,2015.5048829876164,5
3934,36.42683,-97.02414,1.126,1.63446,-10800677.859455286,4359512.584079872,2015,7,3,9,31,35.7,2015.5055357726824,21
3937,36.35283,-96.82906,4.587,1.92904,-10778961.653191335,4349279.475317184,2015,7,4,5,40,37.9,2015.5078344962863,1
3938,36.35283,-96.82906,4.587,1.9336,-10778961.653191335,4349279.475317184,2015,7,4,7,22,27.15,2015.5080280867367,1
3939,36.35283,-96.82906,4.587,2.07012,-10778961.653191335,4349279.475317184,2015,7,4,7,33,9.2,2015.5080484320733,1
3940,36.42683,-97.02414,1.126,1.40209,-10800677.859455286,4359512.584079872,2015,7,6,7,1,22.62,2015.5134637177732,21
3941,36.33677,-96.79523,5.0,1.79077,-10775195.714817798,4347059.899380782,2015,7,6,8,13,23.35,2015.5136006334449,5
3942,36.34417,-97.08197,3.322,1.94189,-10807115.465607861,4348082.56118892,2015,7,6,14,1,59.57,2015.514263428461,9
3943,36.42683,-97.02414,1.126,1.60421,-10800677.859455286,4359512.584079872,2015,7,6,14,34,32.1,2015.514325300403,21
3944,36.32471,-96.78124,3.679,1.73161,-10773638.3551416,4345393.445191291,2015,7,7,2,44,20.09,2015.5157128580754,5
3945,36.32975,-96.78612,1.775,1.5749,-10774181.594256671,4346089.842433261,2015,7,7,2,52,7.05,2015.515727655145,5
3946,36.32975,-96.78612,1.775,2.11002,-10774181.594256671,4346089.842433261,2015,7,7,3,32,24.88,2015.5158042715543,5
3947,36.35283,-96.82906,4.587,2.35166,-10778961.653191335,4349279.475317184,2015,7,7,5,25,37.0,2015.5160195008493,1
3950,36.42683,-97.02414,1.126,2.48157,-10800677.859455286,4359512.584079872,2015,7,8,3,41,22.1,2015.518559145816,21
3951,36.42683,-97.02414,1.126,1.66519,-10800677.859455286,4359512.584079872,2015,7,8,3,46,37.97,2015.5185691551321,21
3952,36.34605,-97.08408,3.273,1.82419,-10807350.349733435,4348342.388047214,2015,7,8,6,43,20.25,2015.5189051211119,9
3953,36.42683,-97.02414,1.126,1.63953,-10800677.859455286,4359512.584079872,2015,7,8,6,52,40.88,2015.5189228864047,21
3954,36.42683,-97.02414,1.126,1.39576,-10800677.859455286,4359512.584079872,2015,7,8,7,39,57.65,2015.5190127782214,21
3955,36.42683,-97.02414,1.126,1.82853,-10800677.859455286,4359512.584079872,2015,7,8,8,23,2.47,2015.5190946862247,21
3956,36.34605,-97.08408,3.273,1.71866,-10807350.349733435,4348342.388047214,2015,7,8,10,51,23.08,2015.519376729536,9
3957,36.34605,-97.08408,3.273,1.63257,-10807350.349733435,4348342.388047214,2015,7,8,10,52,46.63,2015.5193793770757,9
3958,36.3279,-96.91238,5.0,1.82719,-10788236.793164229,4345834.215197269,2015,7,8,14,6,51.75,2015.5197483886607,12
3964,36.42683,-97.02414,1.126,2.03916,-10800677.859455286,4359512.584079872,2015,7,9,1,51,7.58,2015.5210873951123,21
3965,36.42683,-97.02414,1.126,1.5848,-10800677.859455286,4359512.584079872,2015,7,10,6,3,1.03,2015.5243041622302,21
3966,36.42683,-97.02414,1.126,2.2,-10800677.859455286,4359512.584079872,2015,7,10,8,47,26.0,2015.524616764266,21
3967,36.42683,-97.02414,1.126,1.49256,-10800677.859455286,4359512.584079872,2015,7,10,8,51,14.45,2015.5246240034096,21
3972,36.44852,-97.05934,6.158,1.81925,-10804596.30553121,4362513.83892607,2015,7,10,17,17,29.65,2015.5255865354145,38
3978,36.36587,-97.06562,5.477,1.83184,-10805295.39193339,4351082.008322189,2015,7,16,13,24,0.05,2015.5415697027024,3
3980,36.36587,-97.06562,5.477,1.9,-10805295.39193339,4351082.008322189,2015,7,16,13,34,14.0,2015.5415891576038,3
3981,36.36587,-97.06562,5.477,1.45901,-10805295.39193339,4351082.008322189,2015,7,16,14,4,57.95,2015.5416475888535,3
3982,36.36587,-97.06562,5.477,1.70201,-10805295.39193339,4351082.008322189,2015,7,16,14,13,40.95,2015.5416641617232,3
3983,36.36587,-97.06562,5.477,1.45464,-10805295.39193339,4351082.008322189,2015,7,16,15,46,26.93,2015.5418405369862,3
3984,36.36587,-97.06562,5.477,1.9,-10805295.39193339,4351082.008322189,2015,7,16,16,17,46.45,2015.5419000953812,3
3985,36.36587,-97.06562,5.477,1.56217,-10805295.39193339,4351082.008322189,2015,7,16,18,13,20.23,2015.5421198136107,3
3989,36.36587,-97.06562,5.477,1.88534,-10805295.39193339,4351082.008322189,2015,7,16,19,41,11.32,2015.5422868443734,3
3992,36.33302,-96.80813,5.398,1.87965,-10776631.736249031,4346541.6956914645,2015,7,17,8,30,17.5,2015.5437491285775,4
3993,36.34077,-96.8077,3.092,1.81073,-10776583.86886799,4347612.6774812555,2015,7,17,10,24,16.07,2015.5439658297842,4
3994,36.32129,-96.95387,2.79,1.49899,-10792855.438837241,4344920.915570426,2015,7,17,11,8,57.61,2015.5440508026593,11
3995,36.42683,-97.02414,1.126,1.75778,-10800677.859455286,4359512.584079872,2015,7,17,15,25,32.65,2015.5445386420388,21
3998,36.36698,-97.05544,5.0,1.45682,-10804162.159517115,4351235.458746998,2015,7,19,12,3,37.9,2015.549630450351,3
3999,36.3394,-96.80842,1.886,2.03436,-10776664.018901361,4347423.347785378,2015,7,19,19,34,16.17,2015.5504872414251,4
4001,36.34082,-96.80734,5.0,1.84005,-10776543.793851305,4347619.587387161,2015,7,20,8,30,41.59,2015.551963444305,4
4002,36.3394,-96.80842,1.886,2.04838,-10776664.018901361,4347423.347785378,2015,7,20,8,33,16.0,2015.5519683372627,4
4003,36.3394,-96.80842,1.886,1.82419,-10776664.018901361,4347423.347785378,2015,7,20,9,0,43.37,2015.552020539268,4
4006,36.3394,-96.80842,1.886,1.8113,-10776664.018901361,4347423.347785378,2015,7,21,3,2,7.97,2015.5540766081704,4
4011,36.3394,-96.80842,1.886,1.96398,-10776664.018901361,4347423.347785378,2015,7,22,5,37,6.07,2015.557109097967,4
4012,36.34077,-96.8077,3.092,1.62955,-10776583.86886799,4347612.6774812555,2015,7,22,5,46,42.37,2015.5571273598118,4
4015,36.3394,-96.80842,1.886,2.4,-10776664.018901361,4347423.347785378,2015,7,22,10,54,34.0,2015.5577126904454,4
4017,36.3394,-96.80842,1.886,1.87004,-10776664.018901361,4347423.347785378,2015,7,22,12,20,33.37,2015.557876181015,4
4019,36.33693,-96.8127,3.579,2.3,-10777140.466321956,4347082.009959763,2015,7,22,16,53,4.0,2015.5583943012143,4
4022,36.33693,-96.8127,3.579,2.20712,-10777140.466321956,4347082.009959763,2015,7,23,8,27,33.79,2015.5601710456435,4
4023,36.33693,-96.8127,3.579,1.96655,-10777140.466321956,4347082.009959763,2015,7,23,8,30,6.22,2015.5601758758587,4
4024,36.34077,-96.8077,3.092,2.3,-10776583.86886799,4347612.6774812555,2015,7,23,9,7,13.07,2015.5602464404772,4
4025,36.34077,-96.8077,3.092,1.68508,-10776583.86886799,4347612.6774812555,2015,7,23,10,22,18.65,2015.5603892136917,4
4027,36.34082,-96.80734,5.0,2.6,-10776543.793851305,4347619.587387161,2015,7,23,12,26,29.0,2015.560625301037,4
4030,36.34077,-96.8077,3.092,2.03409,-10776583.86886799,4347612.6774812555,2015,7,23,13,16,56.2,2015.5607212272162,4
4031,36.34042,-96.80367,5.0,3.3,-10776135.251320094,4347564.30826412,2015,7,23,13,28,57.0,2015.56074406799,4
4034,36.34077,-96.8077,3.092,1.80213,-10776583.86886799,4347612.6774812555,2015,7,23,13,54,23.48,2015.5607924392223,4
4035,36.34077,-96.8077,3.092,2.3,-10776583.86886799,4347612.6774812555,2015,7,23,14,38,28.0,2015.5608762390043,4
4036,36.33394,-96.80823,5.0,1.88534,-10776642.86819811,4346668.826020648,2015,7,24,0,19,28.25,2015.5619808936674,4
4038,36.34077,-96.8077,3.092,1.61459,-10776583.86886799,4347612.6774812555,2015,7,24,10,9,28.48,2015.5631026592644,4
4040,36.33778,-96.81194,4.685,2.2,-10777055.863508955,4347199.473172141,2015,7,25,10,27,9.59,2015.5658741345983,4
4042,36.33157,-96.79138,5.0,2.6,-10774767.134778244,4346341.330285602,2015,7,25,20,18,17.0,2015.5669980290008,5
4043,36.33157,-96.79138,5.0,3.4674,-10774767.134778244,4346341.330285602,2015,7,25,20,19,18.69,2015.566999983839,5
4044,36.33157,-96.79138,5.0,2.88296,-10774767.134778244,4346341.330285602,2015,7,25,20,20,11.3,2015.5670016509494,5
4045,36.33157,-96.79138,5.0,2.30482,-10774767.134778244,4346341.330285602,2015,7,25,20,44,34.92,2015.5670480302686,5
4046,36.33107,-96.79273,4.688,1.89877,-10774917.416090814,4346272.239631,2015,7,26,3,22,51.9,2015.5678052798692,5
4047,36.33107,-96.79273,4.688,2.2,-10774917.416090814,4346272.239631,2015,7,26,6,47,1.0,2015.5681934304257,5
4048,36.33107,-96.79273,4.688,1.90063,-10774917.416090814,4346272.239631,2015,7,26,10,52,15.53,2015.5686597057445,5
4049,36.33107,-96.79273,4.688,1.84308,-10774917.416090814,4346272.239631,2015,7,26,11,39,27.1,2015.5687494327833,5
4050,36.33107,-96.79273,4.688,2.14609,-10774917.416090814,4346272.239631,2015,7,26,23,45,28.78,2015.5701298191243,5
4052,36.33271,-96.7765,4.35,1.94282,-10773110.70075524,4346498.858636107,2015,7,28,1,51,25.65,2015.5731071326718,5
4053,36.32471,-96.78124,3.679,2.02286,-10773638.3551416,4345393.445191291,2015,7,28,5,9,20.39,2015.5734834204757,5
4054,36.34077,-96.8077,3.092,1.85579,-10776583.86886799,4347612.6774812555,2015,7,28,5,58,29.82,2015.5735768822724,4
4055,36.32975,-96.78612,1.775,2.10836,-10774181.594256671,4346089.842433261,2015,7,29,4,27,1.85,2015.5761408297842,5
4056,36.32975,-96.78612,1.775,1.93726,-10774181.594256671,4346089.842433261,2015,7,29,4,31,6.27,2015.5761485749867,5
4057,36.32975,-96.78612,1.775,1.67981,-10774181.594256671,4346089.842433261,2015,7,29,5,59,21.02,2015.5763163554896,5
4058,36.32975,-96.78612,1.775,2.5,-10774181.594256671,4346089.842433261,2015,7,29,6,36,35.0,2015.576387146044,5
4060,36.41277,-96.87357,5.117,2.10967,-10783916.483726542,4357567.543605629,2015,7,29,8,0,27.1,2015.5765466036707,56
4061,36.41277,-96.87357,5.117,1.97805,-10783916.483726542,4357567.543605629,2015,7,29,8,11,4.3,2015.5765667953203,56
4062,36.41277,-96.87357,5.117,1.6731,-10783916.483726542,4357567.543605629,2015,7,29,8,23,26.9,2015.5765903268943,56
4063,36.41277,-96.87357,5.117,1.44051,-10783916.483726542,4357567.543605629,2015,7,29,9,6,47.2,2015.576672725429,56
4064,36.32499,-96.78416,3.274,1.99097,-10773963.408054715,4345432.132745301,2015,7,29,9,27,0.53,2015.5767111735368,5
4070,36.41277,-96.87357,5.117,2.1189,-10783916.483726542,4357567.543605629,2015,7,30,13,53,34.1,2015.5799558299743,56
4073,36.41277,-96.87357,5.117,1.99998,-10783916.483726542,4357567.543605629,2015,7,30,14,25,44.8,2015.5800170101656,56
4080,36.41277,-96.87357,5.117,1.69165,-10783916.483726542,4357567.543605629,2015,8,1,7,11,30.98,2015.5846671160039,56
4081,36.33302,-96.80813,5.398,1.78147,-10776631.736249031,4346541.6956914645,2015,8,1,7,24,11.65,2015.5846912201814,4
4082,36.34077,-96.8077,3.092,1.66535,-10776583.86886799,4347612.6774812555,2015,8,1,12,35,13.03,2015.5852825636298,4
4083,36.3394,-96.80842,1.886,1.67301,-10776664.018901361,4347423.347785378,2015,8,1,12,39,8.17,2015.5852900147665,4
4089,36.44424,-97.03947,3.864,1.95816,-10802384.387249146,4361921.547006775,2015,8,3,3,25,41.17,2015.589713450009,31
4092,36.44747,-97.05977,5.0,1.88062,-10804644.17291225,4362368.530640689,2015,8,6,4,2,45.17,2015.5979974766776,38
4093,36.44424,-97.03947,3.864,2.9,-10802384.387249146,4361921.547006775,2015,8,6,9,17,16.67,2015.5985954784267,31
4094,36.41104,-96.86803,2.646,2.53546,-10783299.773747548,4357328.242184638,2015,8,7,3,25,35.13,2015.6006646617614,56
4095,36.44424,-97.03947,3.864,1.98953,-10802384.387249146,4361921.547006775,2015,8,7,3,55,6.67,2015.6007207984765,31
4096,36.33394,-96.80823,5.0,2.12916,-10776642.86819811,4346668.826020648,2015,8,7,9,21,21.0,2015.6013410715643,4
4097,36.33394,-96.80823,5.0,2.2,-10776642.86819811,4346668.826020648,2015,8,7,9,58,25.8,2015.6014115712221,4
4099,36.32975,-96.78612,1.775,1.87603,-10774181.594256671,4346089.842433261,2015,8,7,22,21,18.83,2015.6028240053108,5
4100,36.32975,-96.78612,1.775,2.05544,-10774181.594256671,4346089.842433261,2015,8,8,20,21,9.88,2015.6053334182575,5
4102,36.3471,-97.08712,2.951,1.36681,-10807688.760985447,4348487.506841896,2015,8,8,23,30,15.9,2015.6056929519355,9
4104,36.34894,-97.08995,6.723,1.38175,-10808003.795144392,4348741.814972954,2015,8,9,4,16,19.22,2015.606236824727,9
4114,36.33778,-96.81194,4.685,1.92297,-10777055.863508955,4347199.473172141,2015,8,10,8,31,25.52,2015.6094597028925,4
4116,36.32975,-96.78612,1.775,2.01643,-10774181.594256671,4346089.842433261,2015,8,10,20,36,48.35,2015.6108388581515,5
4118,36.33394,-96.80823,5.0,2.22736,-10776642.86819811,4346668.826020648,2015,8,11,13,4,40.63,2015.612717083365,4
4119,36.4235,-97.02567,0.994,1.99204,-10800848.1782762,4359051.884771954,2015,8,12,22,34,59.97,2015.616539279603,21
4120,36.34678,-97.08654,3.146,1.49387,-10807624.195680786,4348443.279954296,2015,8,13,0,8,43.85,2015.6167174896063,9
4121,36.45364,-97.04443,5.0,1.77913,-10802936.531923482,4363222.417982528,2015,8,13,6,49,2.07,2015.6174785810708,32
4122,36.32878,-96.78909,3.093,2.16122,-10774512.213144327,4345955.810098587,2015,8,13,17,49,16.05,2015.6187338723478,5
4123,36.41104,-96.86803,2.646,1.85223,-10783299.773747548,4357328.242184638,2015,8,13,19,13,34.58,2015.6188941674905,56
4125,36.34319,-96.83231,2.976,1.77374,-10779323.441536414,4347947.122015906,2015,8,14,21,3,51.97,2015.6218417107132,1
4126,36.34319,-96.83231,2.976,1.7759,-10779323.441536414,4347947.122015906,2015,8,15,11,48,31.54,2015.6235237007884,1
4127,36.4235,-97.02567,0.994,1.97962,-10800848.1782762,4359051.884771954,2015,8,15,17,18,27.87,2015.6241510086318,21
4128,36.34319,-96.83231,2.976,1.88443,-10779323.441536414,4347947.122015906,2015,8,15,17,29,26.39,2015.6241718758715,1
4129,36.34319,-96.83231,2.976,1.6562,-10779323.441536414,4347947.122015906,2015,8,16,1,49,25.77,2015.6251224988591,1
4130,36.34319,-96.83231,2.976,2.26063,-10779323.441536414,4347947.122015906,2015,8,16,3,9,26.67,2015.6252746302,1
4131,36.34319,-96.83231,2.976,2.4048,-10779323.441536414,4347947.122015906,2015,8,16,4,14,11.12,2015.6253977209926,1
4133,36.34319,-96.83231,2.976,1.93819,-10779323.441536414,4347947.122015906,2015,8,16,11,40,46.45,2015.6262468137627,1
4134,36.33271,-96.7765,4.35,2.40768,-10773110.70075524,4346498.858636107,2015,8,16,13,3,40.2,2015.6264044223894,5
4135,36.34319,-96.83231,2.976,1.92323,-10779323.441536414,4347947.122015906,2015,8,16,17,44,10.7,2015.6269377487515,1
4136,36.34319,-96.83231,2.976,1.92409,-10779323.441536414,4347947.122015906,2015,8,16,18,21,49.2,2015.6270093162977,1
4137,36.34319,-96.83231,2.976,1.8261,-10779323.441536414,4347947.122015906,2015,8,16,23,33,0.07,2015.627600960466,1
4140,36.35486,-97.09082,10.354,2.14743,-10808100.64310138,4349560.064519873,2015,8,17,10,54,52.72,2015.6288974041117,10
4141,36.34319,-96.83231,2.976,2.32574,-10779323.441536414,4347947.122015906,2015,8,17,12,37,58.59,2015.6290934225035,1
4142,36.34319,-96.83231,2.976,1.90741,-10779323.441536414,4347947.122015906,2015,8,17,13,33,18.45,2015.6291986225187,1
4143,36.4235,-97.02567,0.994,2.7,-10800848.1782762,4359051.884771954,2015,8,17,16,27,51.0,2015.6295304776029,21
4144,36.30914,-96.77006,3.043,1.93485,-10772393.803234532,4343242.359572314,2015,8,18,3,59,49.96,2015.6308461340534,2
4145,36.3507,-97.08778,5.0,2.34418,-10807762.231849369,4348985.071852446,2015,8,18,5,28,32.05,2015.6310147809086,9
4146,36.4235,-97.02567,0.994,1.94948,-10800848.1782762,4359051.884771954,2015,8,19,13,31,32.35,2015.634670961987,21
4147,36.34319,-96.83231,2.976,1.70509,-10779323.441536414,4347947.122015906,2015,8,21,8,37,1.12,2015.6395866960731,1
4148,36.34319,-96.83231,2.976,1.86807,-10779323.441536414,4347947.122015906,2015,8,21,9,29,29.8,2015.6396864717215,1
4149,36.41628,-96.89044,3.776,2.66643,-10785794.443536226,4358053.07905041,2015,8,21,16,51,32.12,2015.6405269133268,54
4154,36.34319,-96.83231,2.976,1.60567,-10779323.441536414,4347947.122015906,2015,8,23,11,32,55.47,2015.645396844817,1
4155,36.33677,-96.79523,5.0,1.92327,-10775195.714817798,4347059.899380782,2015,8,23,16,6,12.1,2015.6459164226683,5
4156,36.36418,-97.05657,6.103,1.5687,-10804287.95054171,4350848.380797826,2015,8,25,15,23,24.96,2015.651310776485,3
4157,36.34108,-96.80703,3.269,2.00174,-10776509.284809157,4347655.518969385,2015,8,27,8,35,30.53,2015.6560109301722,4
4158,36.33107,-96.79273,4.688,1.9601,-10774917.416090814,4346272.239631,2015,8,27,17,20,26.1,2015.65700896456,5
4159,36.35911,-97.05107,4.514,1.42107,-10803675.693342349,4350147.528666142,2015,8,28,15,18,6.17,2015.6595142270007,3
4160,36.44428,-97.07667,5.0,1.42075,-10806525.472306656,4361927.082294018,2015,8,28,18,34,48.91,2015.6598882332623,35
4161,36.33677,-96.79523,5.0,1.92807,-10775195.714817798,4347059.899380782,2015,8,29,0,44,18.8,2015.6605907546834,5
4162,36.50067,-97.07371,6.855,1.26172,-10806195.96661391,4369733.293812072,2015,8,30,4,20,48.03,2015.6637402093315,6
4164,36.33107,-96.79273,4.688,1.96572,-10774917.416090814,4346272.239631,2015,8,30,6,43,37.53,2015.6640117604,5
4166,36.34319,-96.83231,2.976,1.95303,-10779323.441536414,4347947.122015906,2015,8,30,11,11,12.22,2015.6645205028267,1
4168,36.34077,-96.8077,3.092,2.23874,-10776583.86886799,4347612.6774812555,2015,8,30,16,23,44.62,2015.6651147305245,4
4170,36.34319,-96.83231,2.976,2.24726,-10779323.441536414,4347947.122015906,2015,9,1,7,4,38.64,2015.6695274241388,1
4171,36.34319,-96.83231,2.976,1.73741,-10779323.441536414,4347947.122015906,2015,9,1,8,12,19.87,2015.6696561167516,1
4172,36.35283,-96.82906,4.587,2.0482,-10778961.653191335,4349279.475317184,2015,9,2,4,54,57.72,2015.6720187124497,1
4173,36.34319,-96.83231,2.976,1.71355,-10779323.441536414,4347947.122015906,2015,9,2,6,58,27.54,2015.6722535154765,1
4174,36.34319,-96.83231,2.976,1.833,-10779323.441536414,4347947.122015906,2015,9,2,7,42,53.77,2015.6723380032067,1
4176,36.44416,-97.05222,3.965,1.52334,-10803803.710756762,4361910.476440849,2015,9,6,5,51,12.26,2015.683077048318,29
4177,36.44057,-97.03784,8.199,1.52946,-10802202.936479153,4361413.696543519,2015,9,6,5,56,36.87,2015.6830873345882,31
4178,36.44416,-97.05222,3.965,1.60449,-10803803.710756762,4361910.476440849,2015,9,6,7,21,47.6,2015.6832492838491,29
4179,36.44416,-97.05222,3.965,1.86276,-10803803.710756762,4361910.476440849,2015,9,6,7,35,37.83,2015.6832755922503,29
4180,36.44057,-97.03784,8.199,1.43625,-10802202.936479153,4361413.696543519,2015,9,6,9,14,41.45,2015.6834639342028,31
4181,36.34082,-96.80734,5.0,2.15017,-10776543.793851305,4347619.587387161,2015,9,7,8,34,51.2,2015.686126042538,4
4182,36.32975,-96.78612,1.775,1.78741,-10774181.594256671,4346089.842433261,2015,9,8,11,58,30.05,2015.689251085317,5
4183,36.35355,-97.09108,11.409,1.82124,-10808129.58616899,4349378.993802941,2015,9,9,6,10,36.7,2015.6913274995563,10
4184,36.35283,-96.82906,4.587,2.00535,-10778961.653191335,4349279.475317184,2015,9,11,8,44,54.92,2015.697096576419,1
4185,36.32875,-96.78343,2.308,2.20086,-10773882.144826436,4345951.664795248,2015,9,12,12,26,41.05,2015.700256073022,5
4186,36.37975,-96.94489,5.041,2.35466,-10791855.789809918,4353000.987342262,2015,9,12,13,54,33.9,2015.7004231595558,15
4187,36.37975,-96.94489,5.041,2.78553,-10791855.789809918,4353000.987342262,2015,9,14,0,0,12.35,2015.7043125063376,15
4188,36.37975,-96.94489,5.041,2.48073,-10791855.789809918,4353000.987342262,2015,9,14,4,27,18.6,2015.704820347555,15
4189,36.45295,-97.09654,4.392,1.44977,-10808737.39058872,4363126.923156248,2015,9,14,9,5,15.11,2015.7053487942683,14
4190,36.45295,-97.09654,4.392,1.55196,-10808737.39058872,4363126.923156248,2015,9,14,9,11,54.88,2015.705361462215,14
4192,36.45295,-97.09654,4.392,1.75861,-10808737.39058872,4363126.923156248,2015,9,14,14,32,12.48,2015.7059704312114,14
4193,36.45295,-97.09654,4.392,1.50973,-10808737.39058872,4363126.923156248,2015,9,14,15,44,59.73,2015.706108821013,14
4194,36.45295,-97.09654,4.392,1.37658,-10808737.39058872,4363126.923156248,2015,9,14,22,15,54.66,2015.7068520628945,14
4195,36.33338,-96.79184,5.0,1.93795,-10774818.341744008,4346591.442163215,2015,9,15,11,42,25.39,2015.708385472596,5
4196,36.33338,-96.79184,5.0,1.98721,-10774818.341744008,4346591.442163215,2015,9,15,19,46,20.47,2015.7093055387609,5
4199,36.32878,-96.78909,3.093,2.13951,-10774512.213144327,4345955.810098587,2015,9,16,1,30,2.5,2015.7099590114585,5
4201,36.32156,-96.96742,5.0,2.29443,-10794363.817937491,4344958.219786593,2015,9,16,3,0,28.99,2015.71013096655,11
4202,36.32878,-96.78909,3.093,2.38759,-10774512.213144327,4345955.810098587,2015,9,16,5,12,20.6,2015.7103816703425,5
4203,36.32878,-96.78909,3.093,2.0275,-10774512.213144327,4345955.810098587,2015,9,16,5,51,59.45,2015.7104570515503,5
4204,36.32878,-96.78909,3.093,2.61667,-10774512.213144327,4345955.810098587,2015,9,16,5,53,13.15,2015.7104593869622,5
4205,36.33338,-96.79184,5.0,2.18309,-10774818.341744008,4346591.442163215,2015,9,16,6,33,58.69,2015.7105368814484,5
4206,36.33338,-96.79184,5.0,1.87496,-10774818.341744008,4346591.442163215,2015,9,16,6,48,33.42,2015.7105645999695,5
4207,36.33338,-96.79184,5.0,1.84848,-10774818.341744008,4346591.442163215,2015,9,16,7,7,38.89,2015.7106008977235,5
4208,36.45295,-97.09654,4.392,2.6,-10808737.39058872,4363126.923156248,2015,9,16,7,24,50.0,2015.7106335716278,14
4209,36.32878,-96.78909,3.093,2.30424,-10774512.213144327,4345955.810098587,2015,9,16,9,36,54.7,2015.7108846902172,5
4210,36.33338,-96.79184,5.0,1.99104,-10774818.341744008,4346591.442163215,2015,9,16,10,32,43.82,2015.710990817426,5
4211,36.32878,-96.78909,3.093,3.5,-10774512.213144327,4345955.810098587,2015,9,16,12,9,52.0,2015.7111755013057,5
4212,36.33338,-96.79184,5.0,3.043,-10774818.341744008,4346591.442163215,2015,9,16,12,12,39.47,2015.7111808081097,5
4213,36.32676,-96.78627,5.0,2.40543,-10774198.29218029,4345676.696571438,2015,9,16,12,18,55.43,2015.711192721563,5
4214,36.32875,-96.78343,2.308,2.47532,-10773882.144826436,4345951.664795248,2015,9,16,12,20,1.87,2015.7111948269196,5
4215,36.33061,-96.78395,5.367,2.06659,-10773940.03096165,4346208.676620376,2015,9,16,12,28,55.57,2015.7112117388522,5
4216,36.33061,-96.78395,5.367,2.50411,-10773940.03096165,4346208.676620376,2015,9,16,12,29,48.27,2015.7112134088143,5
4217,36.33157,-96.79138,5.0,2.65373,-10774767.134778244,4346341.330285602,2015,9,16,13,2,5.22,2015.711274787056,5
4218,36.33157,-96.79138,5.0,2.58947,-10774767.134778244,4346341.330285602,2015,9,16,13,14,1.5,2015.7112974845995,5
4219,36.33338,-96.79184,5.0,3.3,-10774818.341744008,4346591.442163215,2015,9,16,15,17,36.0,2015.7115324359268,5
4220,36.33056,-96.78781,5.0,2.02457,-10774369.72419611,4346201.767620095,2015,9,16,15,39,18.16,2015.7115736988872,5
4221,36.33157,-96.79138,5.0,2.24392,-10774767.134778244,4346341.330285602,2015,9,16,18,59,46.72,2015.7119548609526,5
4222,36.33157,-96.79138,5.0,2.35379,-10774767.134778244,4346341.330285602,2015,9,16,20,38,45.27,2015.7121430422465,5
4223,36.45295,-97.09654,4.392,1.42218,-10808737.39058872,4363126.923156248,2015,9,17,0,9,48.81,2015.712544325614,14
4224,36.33061,-96.78395,5.367,2.05387,-10773940.03096165,4346208.676620376,2015,9,17,0,56,44.48,2015.7126335488124,5
4225,36.33061,-96.78395,5.367,2.11148,-10773940.03096165,4346208.676620376,2015,9,17,1,14,4.2,2015.712666495551,5
4226,36.33061,-96.78395,5.367,2.13328,-10773940.03096165,4346208.676620376,2015,9,17,1,21,31.15,2015.7126806585418,5
4227,36.45295,-97.09654,4.392,1.31468,-10808737.39058872,4363126.923156248,2015,9,17,3,16,34.9,2015.7128994251782,14
4228,36.45295,-97.09654,4.392,1.8525,-10808737.39058872,4363126.923156248,2015,9,17,3,30,21.06,2015.7129256046087,14
4229,36.45295,-97.09654,4.392,1.3612,-10808737.39058872,4363126.923156248,2015,9,17,3,33,47.11,2015.7129321339391,14
4230,36.33061,-96.78395,5.367,2.11171,-10773940.03096165,4346208.676620376,2015,9,17,4,5,18.13,2015.712992056747,5
4231,36.45295,-97.09654,4.392,1.3788,-10808737.39058872,4363126.923156248,2015,9,17,4,21,38.88,2015.7130231348392,14
4232,36.45295,-97.09654,4.392,1.6957,-10808737.39058872,4363126.923156248,2015,9,17,5,24,21.86,2015.71314237648,14
4233,36.34319,-96.83231,2.976,2.10909,-10779323.441536414,4347947.122015906,2015,9,17,8,44,56.04,2015.7135237166324,1
4234,36.34319,-96.83231,2.976,2.4,-10779323.441536414,4347947.122015906,2015,9,17,10,30,15.0,2015.7137239523918,1
4235,36.34319,-96.83231,2.976,2.60889,-10779323.441536414,4347947.122015906,2015,9,17,10,31,43.04,2015.713726742211,1
4236,36.34319,-96.83231,2.976,2.02318,-10779323.441536414,4347947.122015906,2015,9,17,10,36,7.77,2015.7137351309987,1
4237,36.45295,-97.09654,4.392,1.46901,-10808737.39058872,4363126.923156248,2015,9,17,13,18,5.03,2015.7140430523868,14
4240,36.45295,-97.09654,4.392,1.63126,-10808737.39058872,4363126.923156248,2015,9,17,23,26,46.06,2015.7152003339925,14
4241,36.33056,-96.78781,5.0,2.0,-10774369.72419611,4346201.767620095,2015,9,18,0,44,52.0,2015.7153488224706,5
4242,36.33056,-96.78781,5.0,1.93464,-10774369.72419611,4346201.767620095,2015,9,18,0,52,25.33,2015.7153631876315,5
4243,36.33056,-96.78781,5.0,2.14251,-10774369.72419611,4346201.767620095,2015,9,18,1,57,27.75,2015.7154868478592,5
4244,36.34319,-96.83231,2.976,1.89064,-10779323.441536414,4347947.122015906,2015,9,18,8,32,48.75,2015.7162385209901,1
4245,36.45295,-97.09654,4.392,1.4493,-10808737.39058872,4363126.923156248,2015,9,18,11,41,29.33,2015.7165972485234,14
4246,36.32975,-96.78612,1.775,2.50476,-10774181.594256671,4346089.842433261,2015,9,18,16,44,49.22,2015.7171739682358,5
4247,36.32775,-96.78062,5.741,2.76129,-10773569.33705731,4345813.488930625,2015,9,18,16,59,13.09,2015.7172013426243,5
4248,36.34319,-96.83231,2.976,1.8434,-10779323.441536414,4347947.122015906,2015,9,18,17,43,18.52,2015.7172851712423,1
4249,36.33107,-96.79273,4.688,1.93165,-10774917.416090814,4346272.239631,2015,9,18,22,30,29.25,2015.7178311801279,5
4250,36.33286,-96.78941,5.0,3.1,-10774547.835381381,4346519.586222253,2015,9,19,4,20,12.0,2015.7184960833524,5
4251,36.33107,-96.79273,4.688,1.88088,-10774917.416090814,4346272.239631,2015,9,19,4,25,26.75,2015.718506057178,5
4252,36.32875,-96.78343,2.308,2.56298,-10773882.144826436,4345951.664795248,2015,9,19,4,51,55.25,2015.7185563937055,5
4253,36.33246,-96.78808,4.214,2.08821,-10774399.780458625,4346464.312747883,2015,9,19,5,7,49.95,2015.7185866463228,5
4254,36.33227,-96.79404,5.0,2.13565,-10775063.244623752,4346438.057946974,2015,9,19,5,24,27.42,2015.7186182542398,5
4255,36.33061,-96.78395,5.367,2.05564,-10773940.03096165,4346208.676620376,2015,9,19,5,30,34.65,2015.7186298910563,5
4256,36.32775,-96.78062,5.741,2.8,-10773569.33705731,4345813.488930625,2015,9,19,5,44,27.0,2015.7186562666363,5
4257,36.33157,-96.79138,5.0,2.14143,-10774767.134778244,4346341.330285602,2015,9,19,7,21,42.35,2015.7188411777195,5
4259,36.33246,-96.78808,4.214,2.14021,-10774399.780458625,4346464.312747883,2015,9,19,10,12,34.0,2015.719166032905,5
4260,36.33061,-96.78395,5.367,1.95589,-10773940.03096165,4346208.676620376,2015,9,19,10,35,26.2,2015.719209515299,5
4261,36.32676,-96.78627,5.0,1.74783,-10774198.29218029,4345676.696571438,2015,9,19,10,40,35.88,2015.7192193284661,5
4262,36.33061,-96.78395,5.367,2.14286,-10773940.03096165,4346208.676620376,2015,9,19,12,41,32.18,2015.7194492667377,5
4263,36.32644,-96.77987,5.488,2.34521,-10773485.847439213,4345632.481231047,2015,9,19,14,43,45.17,2015.7196816351686,5
4264,36.33061,-96.78395,5.367,2.27116,-10773940.03096165,4346208.676620376,2015,9,19,15,20,36.6,2015.7197517111567,5
4265,36.33227,-96.79404,5.0,2.07182,-10775063.244623752,4346438.057946974,2015,9,19,16,53,25.77,2015.7199281875048,5
4266,36.33107,-96.79273,4.688,1.85589,-10774917.416090814,4346272.239631,2015,9,19,16,58,13.3,2015.7199372987807,5
4267,36.33227,-96.79404,5.0,2.2,-10775063.244623752,4346438.057946974,2015,9,19,17,41,35.0,2015.7200197416787,5
4268,36.33227,-96.79404,5.0,1.95329,-10775063.244623752,4346438.057946974,2015,9,19,17,53,14.75,2015.720041915418,5
4269,36.33677,-96.79523,5.0,1.87618,-10775195.714817798,4347059.899380782,2015,9,19,18,1,36.45,2015.7200578133318,5
4270,36.45295,-97.09654,4.392,1.58492,-10808737.39058872,4363126.923156248,2015,9,19,18,33,39.78,2015.7201187599817,14
4271,36.33677,-96.79523,5.0,1.96666,-10775195.714817798,4347059.899380782,2015,9,19,19,0,26.5,2015.7201696738662,5
4272,36.32676,-96.78627,5.0,2.1,-10774198.29218029,4345676.696571438,2015,9,19,19,58,15.13,2015.7202795881183,5
4273,36.33677,-96.79523,5.0,2.8,-10775195.714817798,4347059.899380782,2015,9,19,20,34,57.0,2015.7203493611682,5
4274,36.33061,-96.78395,5.367,2.0028,-10773940.03096165,4346208.676620376,2015,9,19,21,7,0.3,2015.7204103068675,5
4278,36.45295,-97.09654,4.392,1.2065,-10808737.39058872,4363126.923156248,2015,9,19,22,25,9.0,2015.7205588828049,14
4279,36.33227,-96.79404,5.0,2.06752,-10775063.244623752,4346438.057946974,2015,9,19,23,2,27.75,2015.7206298245114,5
4280,36.45295,-97.09654,4.392,1.41351,-10808737.39058872,4363126.923156248,2015,9,19,23,52,48.0,2015.7207255304586,14
4281,36.33677,-96.79523,5.0,1.95771,-10775195.714817798,4347059.899380782,2015,9,20,3,51,12.05,2015.721178798451,5
4282,36.33677,-96.79523,5.0,2.13963,-10775195.714817798,4347059.899380782,2015,9,20,5,16,24.6,2015.7213408053844,5
4283,36.45295,-97.09654,4.392,1.14777,-10808737.39058872,4363126.923156248,2015,9,20,5,27,51.45,2015.7213625703475,14
4284,36.33227,-96.79404,5.0,2.23896,-10775063.244623752,4346438.057946974,2015,9,20,6,46,8.3,2015.7215114045428,5
4285,36.36422,-97.04826,7.996,1.75955,-10803362.88557322,4350853.910384747,2015,9,20,8,48,36.14,2015.721744243542,3
4286,36.33778,-96.81194,4.685,2.037,-10777055.863508955,4347199.473172141,2015,9,20,9,16,25.62,2015.7217971461707,4
4287,36.32676,-96.78627,5.0,2.1,-10774198.29218029,4345676.696571438,2015,9,20,10,40,56.0,2015.7219578168174,5
4289,36.33227,-96.79404,5.0,1.88831,-10775063.244623752,4346438.057946974,2015,9,20,13,21,45.75,2015.7222635989428,5
4290,36.36422,-97.04826,7.996,1.30678,-10803362.88557322,4350853.910384747,2015,9,20,16,25,37.95,2015.7226131882653,3
4291,36.36422,-97.04826,7.996,1.45791,-10803362.88557322,4350853.910384747,2015,9,20,16,26,17.97,2015.7226144564224,3
4292,36.32676,-96.78627,5.0,1.82248,-10774198.29218029,4345676.696571438,2015,9,20,17,12,31.45,2015.7227023427004,5
4293,36.32676,-96.78627,5.0,1.92412,-10774198.29218029,4345676.696571438,2015,9,20,17,18,57.48,2015.722714575253,5
4294,36.33227,-96.79404,5.0,2.00486,-10775063.244623752,4346438.057946974,2015,9,21,2,53,14.57,2015.7238064545465,5
4295,36.36422,-97.04826,7.996,1.73495,-10803362.88557322,4350853.910384747,2015,9,21,3,11,46.77,2015.7238416980379,3
4296,36.33227,-96.79404,5.0,1.85914,-10775063.244623752,4346438.057946974,2015,9,21,3,30,26.54,2015.723877181408,5
4297,36.33227,-96.79404,5.0,1.97452,-10775063.244623752,4346438.057946974,2015,9,21,3,43,12.89,2015.723901465574,5
4298,36.33054,-96.78699,5.0,2.03702,-10774278.442213662,4346199.004021225,2015,9,21,4,33,3.98,2015.7239962474966,5
4299,36.33227,-96.79404,5.0,1.87157,-10775063.244623752,4346438.057946974,2015,9,21,4,49,34.04,2015.7240276206048,5
4300,36.32975,-96.78612,1.775,1.62047,-10774181.594256671,4346089.842433261,2015,9,21,6,40,33.72,2015.7242386531295,5
4301,36.33677,-96.79523,5.0,2.23034,-10775195.714817798,4347059.899380782,2015,9,21,7,56,59.32,2015.724383962025,5
4302,36.33677,-96.79523,5.0,1.75905,-10775195.714817798,4347059.899380782,2015,9,21,8,9,1.2,2015.724406837022,5
4303,36.3394,-96.80842,1.886,1.90051,-10776664.018901361,4347423.347785378,2015,9,21,9,40,38.82,2015.7245810460872,4
4304,36.33054,-96.78699,5.0,2.22937,-10774278.442213662,4346199.004021225,2015,9,21,17,32,39.8,2015.7254784837883,5
4305,36.33677,-96.79523,5.0,2.07721,-10775195.714817798,4347059.899380782,2015,9,21,21,36,1.82,2015.7259411938803,5
4306,36.33054,-96.78699,5.0,2.31348,-10774278.442213662,4346199.004021225,2015,9,21,23,49,17.38,2015.7261945578878,5
4307,36.33677,-96.79523,5.0,1.92199,-10775195.714817798,4347059.899380782,2015,9,22,6,42,0.82,2015.726979263949,5
4308,36.33227,-96.79404,5.0,2.16259,-10775063.244623752,4346438.057946974,2015,9,22,10,24,48.57,2015.727402862385,5
4309,36.33107,-96.79273,4.688,1.8746,-10774917.416090814,4346272.239631,2015,9,22,12,22,48.28,2015.727627204857,5
4310,36.33677,-96.79523,5.0,2.36551,-10775195.714817798,4347059.899380782,2015,9,22,13,45,24.43,2015.7277842557735,5
4311,36.33286,-96.78941,5.0,1.8695,-10774547.835381381,4346519.586222253,2015,9,22,13,51,23.5,2015.7277956340154,5
4312,36.33056,-96.78781,5.0,2.95374,-10774369.72419611,4346201.767620095,2015,9,22,16,20,16.23,2015.7280786951478,5
4313,36.33227,-96.79404,5.0,2.1848,-10775063.244623752,4346438.057946974,2015,9,23,6,16,13.52,2015.729668083758,5
4314,36.35283,-96.82906,4.587,1.95124,-10778961.653191335,4349279.475317184,2015,9,23,6,22,54.17,2015.7296807795904,1
4315,36.34319,-96.83231,2.976,1.91738,-10779323.441536414,4347947.122015906,2015,9,23,8,46,35.84,2015.7299539838264,1
4316,36.33107,-96.79273,4.688,1.87725,-10774917.416090814,4346272.239631,2015,9,23,16,52,42.65,2015.7308782242628,5
4317,36.33054,-96.78699,5.0,2.085,-10774278.442213662,4346199.004021225,2015,9,23,21,22,51.8,2015.7313918612315,5
4318,36.33054,-96.78699,5.0,2.6,-10774278.442213662,4346199.004021225,2015,9,23,21,31,8.0,2015.7314075848608,5
4319,36.33054,-96.78699,5.0,3.10602,-10774278.442213662,4346199.004021225,2015,9,23,21,32,38.11,2015.7314104402742,5
4320,36.33054,-96.78699,5.0,2.5464,-10774278.442213662,4346199.004021225,2015,9,24,0,29,2.63,2015.7317458434736,5
4321,36.33061,-96.78395,5.367,2.8,-10773940.03096165,4346208.676620376,2015,9,24,2,22,6.0,2015.7319607954978,5
4322,36.33061,-96.78395,5.367,2.95056,-10773940.03096165,4346208.676620376,2015,9,24,2,23,52.98,2015.7319641854895,5
4323,36.32676,-96.78627,5.0,1.60592,-10774198.29218029,4345676.696571438,2015,9,24,2,30,16.4,2015.731976335336,5
4324,36.32875,-96.78343,2.308,2.53567,-10773882.144826436,4345951.664795248,2015,9,24,3,7,18.28,2015.7320467424645,5
4325,36.32875,-96.78343,2.308,2.16847,-10773882.144826436,4345951.664795248,2015,9,24,3,29,40.95,2015.7320892891094,5
4327,36.33227,-96.79404,5.0,1.89388,-10775063.244623752,4346438.057946974,2015,9,24,17,0,15.3,2015.733630418663,5
4328,36.32644,-96.77987,5.488,2.5,-10773485.847439213,4345632.481231047,2015,9,24,20,11,35.0,2015.7339941884047,5
4329,36.36422,-97.04826,7.996,1.41942,-10803362.88557322,4350853.910384747,2015,9,24,22,37,0.25,2015.734270674893,3
4331,36.34319,-96.83231,2.976,1.59463,-10779323.441536414,4347947.122015906,2015,9,25,5,55,46.04,2015.7351048888381,1
4332,36.33157,-96.79138,5.0,1.9686,-10774767.134778244,4346341.330285602,2015,9,25,6,1,7.82,2015.735115085431,5
4333,36.32903,-96.77628,5.697,1.86798,-10773086.210467264,4345990.354355132,2015,9,25,6,46,43.2,2015.7352017643927,5
4334,36.33107,-96.79273,4.688,1.96438,-10774917.416090814,4346272.239631,2015,9,25,9,38,20.25,2015.7355280582174,5
4335,36.33054,-96.78699,5.0,2.20324,-10774278.442213662,4346199.004021225,2015,9,25,9,51,24.86,2015.7355529210079,5
4336,36.32903,-96.77628,5.697,1.9482,-10773086.210467264,4345990.354355132,2015,9,25,16,23,43.67,2015.7362988208863,5
4337,36.32676,-96.78627,5.0,1.69879,-10774198.29218029,4345676.696571438,2015,9,26,16,33,5.38,2015.739054471189,5
4347,36.32875,-96.78343,2.308,2.59558,-10773882.144826436,4345951.664795248,2015,9,29,3,55,46.0,2015.745828136487,5
4351,36.32676,-96.78627,5.0,2.22469,-10774198.29218029,4345676.696571438,2015,9,30,20,15,19.4,2015.7504284039344,5
4355,36.34319,-96.83231,2.976,2.06236,-10779323.441536414,4347947.122015906,2015,10,2,1,39,33.75,2015.7537827258727,1
4357,36.36271,-97.05922,5.0,2.33577,-10804582.947192313,4350645.1704500755,2015,10,2,6,2,57.95,2015.7542835307502,3
4358,36.33246,-96.78808,4.214,2.6,-10774399.780458625,4346464.312747883,2015,10,2,6,7,53.0,2015.7542928803205,5
4360,36.32644,-96.77987,5.488,2.52199,-10773485.847439213,4345632.481231047,2015,10,2,6,29,1.52,2015.7543330772935,5
4362,36.32644,-96.77987,5.488,1.90789,-10773485.847439213,4345632.481231047,2015,10,2,6,33,37.57,2015.7543418247901,5
4364,36.32975,-96.78612,1.775,1.70808,-10774181.594256671,4346089.842433261,2015,10,2,6,45,28.6,2015.7543643559713,5
4365,36.32903,-96.77628,5.697,2.36468,-10773086.210467264,4345990.354355132,2015,10,2,7,27,36.62,2015.754444464091,5
4366,36.32875,-96.78343,2.308,2.1024,-10773882.144826436,4345951.664795248,2015,10,2,9,34,6.8,2015.7546849823814,5
4367,36.33227,-96.79404,5.0,1.94778,-10775063.244623752,4346438.057946974,2015,10,2,14,42,12.92,2015.7552707721754,5
4368,36.33107,-96.79273,4.688,1.91635,-10774917.416090814,4346272.239631,2015,10,2,15,56,59.83,2015.7554129537734,5
4371,36.35714,-97.09135,7.498,1.37768,-10808159.642431503,4349875.217767743,2015,10,3,16,29,2.55,2015.7582117318807,10
4372,36.3657,-97.05285,6.03,2.09545,-10803873.84203596,4351058.507099077,2015,10,3,20,55,56.55,2015.758719184919,3
4373,36.33227,-96.79404,5.0,1.78332,-10775063.244623752,4346438.057946974,2015,10,4,3,14,7.45,2015.7594382161508,5
4374,36.33059,-96.7788,5.246,2.02995,-10773366.735584065,4346205.913019732,2015,10,4,11,12,52.17,2015.7603484476006,5
4375,36.33059,-96.7788,5.246,3.25801,-10773366.735584065,4346205.913019732,2015,10,4,11,49,2.79,2015.7604172303977,5
4376,36.32676,-96.78627,5.0,1.68985,-10774198.29218029,4345676.696571438,2015,10,4,14,3,54.85,2015.7606736523055,5
4377,36.36422,-97.04826,7.996,1.66114,-10803362.88557322,4350853.910384747,2015,10,4,15,44,43.67,2015.760865327845,3
4378,36.36422,-97.04826,7.996,1.49561,-10803362.88557322,4350853.910384747,2015,10,4,15,45,44.77,2015.7608672639872,3
4388,36.32875,-96.78343,2.308,2.24534,-10773882.144826436,4345951.664795248,2015,10,6,9,5,40.65,2015.7655823208988,5
4391,36.32875,-96.78343,2.308,2.27441,-10773882.144826436,4345951.664795248,2015,10,6,10,51,25.0,2015.7657833612188,5
4392,36.32676,-96.78627,5.0,1.88325,-10774198.29218029,4345676.696571438,2015,10,6,16,18,48.3,2015.7664058198343,5
4393,36.32676,-96.78627,5.0,2.00983,-10774198.29218029,4345676.696571438,2015,10,6,17,18,17.82,2015.7665189310974,5
4397,36.32676,-96.78627,5.0,1.76799,-10774198.29218029,4345676.696571438,2015,10,7,2,38,33.13,2015.7675841359926,5
4398,36.32875,-96.78343,2.308,2.28182,-10773882.144826436,4345951.664795248,2015,10,7,4,43,28.6,2015.7678216531042,5
4399,36.44372,-97.06969,5.0,1.70996,-10805748.462260919,4361849.588532291,2015,10,7,6,56,2.44,2015.7680736950845,35
4400,36.32676,-96.78627,5.0,1.84133,-10774198.29218029,4345676.696571438,2015,10,7,7,1,50.25,2015.7680847165184,5
4401,36.32875,-96.78343,2.308,2.22667,-10773882.144826436,4345951.664795248,2015,10,7,7,11,17.55,2015.7681026931705,5
4402,36.32676,-96.78627,5.0,1.80026,-10774198.29218029,4345676.696571438,2015,10,7,7,50,51.65,2015.7681779238599,5
4403,36.33056,-96.78781,5.0,2.10962,-10774369.72419611,4346201.767620095,2015,10,7,7,54,25.88,2015.7681847123988,5
4404,36.33227,-96.79404,5.0,2.51742,-10775063.244623752,4346438.057946974,2015,10,7,8,7,40.95,2015.768209906647,5
4405,36.32676,-96.78627,5.0,1.72727,-10774198.29218029,4345676.696571438,2015,10,7,8,34,56.95,2015.7682617483586,5
4406,36.33677,-96.79523,5.0,1.95105,-10775195.714817798,4347059.899380782,2015,10,7,8,38,51.5,2015.7682691807995,5
4407,36.32676,-96.78627,5.0,2.02939,-10774198.29218029,4345676.696571438,2015,10,7,11,52,43.3,2015.7686377702994,5
4408,36.32676,-96.78627,5.0,1.92059,-10774198.29218029,4345676.696571438,2015,10,7,12,2,20.35,2015.7686560559105,5
4409,36.32875,-96.78343,2.308,2.43443,-10773882.144826436,4345951.664795248,2015,10,7,12,42,14.6,2015.7687319251147,5
4414,36.33677,-96.79523,5.0,2.12623,-10775195.714817798,4347059.899380782,2015,10,8,4,19,32.15,2015.7705139855375,5
4416,36.32875,-96.78343,2.308,2.24463,-10773882.144826436,4345951.664795248,2015,10,8,6,17,41.05,2015.7707386192233,5
4418,36.32676,-96.78627,5.0,1.78375,-10774198.29218029,4345676.696571438,2015,10,8,13,38,39.05,2015.7715770226507,5
4420,36.32644,-96.77987,5.488,2.44736,-10773485.847439213,4345632.481231047,2015,10,8,19,48,0.37,2015.7722792725049,5
4424,36.36422,-97.04826,7.996,1.55119,-10803362.88557322,4350853.910384747,2015,10,10,3,18,26.2,2015.7758735201662,3
4425,36.36422,-97.04826,7.996,1.71835,-10803362.88557322,4350853.910384747,2015,10,10,3,21,23.14,2015.7758791270567,3
4434,36.33677,-96.79523,5.0,2.48003,-10775195.714817798,4347059.899380782,2015,10,10,6,5,33.52,2015.776191266763,5
4435,36.32875,-96.78343,2.308,2.33131,-10773882.144826436,4345951.664795248,2015,10,10,6,12,53.17,2015.7762051984307,5
4443,36.32903,-96.77628,5.697,2.06441,-10773086.210467264,4345990.354355132,2015,10,12,8,14,3.97,2015.781911297754,5
4444,36.32903,-96.77628,5.697,3.0,-10773086.210467264,4345990.354355132,2015,10,12,14,11,16.0,2015.7825904378026,5
4445,36.33059,-96.7788,5.246,2.08817,-10773366.735584065,4346205.913019732,2015,10,12,22,21,7.29,2015.783521791581,5
4447,36.32875,-96.78343,2.308,2.1709,-10773882.144826436,4345951.664795248,2015,10,12,23,35,1.73,2015.7836623105052,5
4451,36.42495,-97.02135,2.353,1.32368,-10800367.278075973,4359252.487147042,2015,10,13,3,32,15.84,2015.7841133622328,21
4452,36.42495,-97.02135,2.353,2.6,-10800367.278075973,4359252.487147042,2015,10,13,4,9,17.0,2015.784183746546,21
4453,36.42495,-97.02135,2.353,1.39396,-10800367.278075973,4359252.487147042,2015,10,13,4,21,13.0,2015.784206435217,21
4454,36.42495,-97.02135,2.353,1.4013,-10800367.278075973,4359252.487147042,2015,10,13,4,24,2.27,2015.7842117990594,21
4455,36.42495,-97.02135,2.353,1.32566,-10800367.278075973,4359252.487147042,2015,10,13,5,36,52.47,2015.784350282341,21
4456,36.42433,-97.02258,2.16,1.2797,-10800504.201049648,4359166.711879931,2015,10,13,9,9,10.35,2015.7847539214008,21
4467,36.32875,-96.78343,2.308,2.22446,-10773882.144826436,4345951.664795248,2015,10,15,0,48,40.9,2015.7892780471266,5
4472,36.42433,-97.02258,2.16,1.33121,-10800504.201049648,4359166.711879931,2015,10,15,7,4,54.38,2015.789993357543,21
4477,36.34319,-96.83231,2.976,2.64351,-10779323.441536414,4347947.122015906,2015,10,16,6,19,52.47,2015.7926455899687,1
4478,36.42433,-97.02258,2.16,2.5,-10800504.201049648,4359166.711879931,2015,10,17,1,8,25.0,2015.7947912705656,21
4479,36.42433,-97.02258,2.16,1.47085,-10800504.201049648,4359166.711879931,2015,10,17,1,11,33.1,2015.794797231095,21
4480,36.32676,-96.78627,5.0,2.05864,-10774198.29218029,4345676.696571438,2015,10,17,3,25,32.45,2015.7950519827236,5
4481,36.33677,-96.79523,5.0,2.03102,-10775195.714817798,4347059.899380782,2015,10,17,7,3,49.1,2015.795466990519,5
4483,36.42495,-97.02135,2.353,1.37869,-10800367.278075973,4359252.487147042,2015,10,17,11,52,9.42,2015.7960152045782,21
4484,36.38294,-96.93657,6.715,2.21223,-10790929.611646518,4353442.0691016745,2015,10,18,0,50,2.38,2015.7974941814334,15
4485,36.35283,-96.82906,4.587,2.21775,-10778961.653191335,4349279.475317184,2015,10,18,7,27,50.55,2015.7982505181003,1
4486,36.35283,-96.82906,4.587,3.15246,-10778961.653191335,4349279.475317184,2015,10,18,7,57,16.75,2015.798306485601,1
4487,36.35283,-96.82906,4.587,2.239,-10778961.653191335,4349279.475317184,2015,10,18,8,16,51.0,2015.798343695338,1
4488,36.35283,-96.82906,4.587,2.1606,-10778961.653191335,4349279.475317184,2015,10,18,8,18,39.6,2015.7983471366645,1
4489,36.35283,-96.82906,4.587,1.94196,-10778961.653191335,4349279.475317184,2015,10,18,13,23,18.22,2015.7989263511802,1
4491,36.42433,-97.02258,2.16,1.56011,-10800504.201049648,4359166.711879931,2015,10,19,21,52,49.9,2015.8026329600477,21
4493,36.33061,-96.78395,5.367,1.94462,-10773940.03096165,4346208.676620376,2015,10,21,10,36,56.75,2015.8068236098436,5
4494,36.44659,-96.88873,3.586,1.72625,-10785604.087206967,4362246.74997348,2015,10,22,11,5,48.55,2015.8096163380612,60
4495,36.33054,-96.78699,5.0,2.2679,-10774278.442213662,4346199.004021225,2015,10,22,13,42,49.68,2015.809914875656,5
4497,36.42433,-97.02258,2.16,1.90631,-10800504.201049648,4359166.711879931,2015,10,23,2,14,19.2,2015.8113436763251,21
4498,36.42433,-97.02258,2.16,1.3885,-10800504.201049648,4359166.711879931,2015,10,23,2,19,14.0,2015.8113530179735,21
4499,36.32676,-96.78627,5.0,1.8126,-10774198.29218029,4345676.696571438,2015,10,23,16,19,9.1,2015.8129499423276,5
4500,36.32676,-96.78627,5.0,2.06949,-10774198.29218029,4345676.696571438,2015,10,23,16,19,56.38,2015.8129514405405,5
4501,36.33054,-96.78699,5.0,1.92663,-10774278.442213662,4346199.004021225,2015,10,23,21,52,20.33,2015.8135834261793,5
4502,36.33227,-96.79404,5.0,1.97628,-10775063.244623752,4346438.057946974,2015,10,23,23,51,9.47,2015.8138093349937,5
4504,36.32715,-96.94881,2.523,1.45108,-10792292.162213828,4345730.584263041,2015,10,25,23,57,3.32,2015.819296249398,11
4506,36.34082,-96.80734,5.0,1.98875,-10776543.793851305,4347619.587387161,2015,10,26,23,57,32.7,2015.822035031181,4
4507,36.32129,-96.95387,2.79,1.59678,-10792855.438837241,4344920.915570426,2015,10,27,5,22,14.83,2015.8226523826272,11
4509,36.32903,-96.77628,5.697,2.29716,-10773086.210467264,4345990.354355132,2015,10,27,14,42,36.57,2015.823717791277,5
4510,36.33752,-96.8108,2.531,2.8,-10776928.959289448,4347163.543112276,2015,10,27,16,21,35.0,2015.8239059687683,4
4511,36.33752,-96.8108,2.531,2.04632,-10776928.959289448,4347163.543112276,2015,10,27,16,28,26.1,2015.8239189957412,4
4512,36.32903,-96.77628,5.697,2.14362,-10773086.210467264,4345990.354355132,2015,10,27,22,55,30.7,2015.8246549389053,5
4513,36.33752,-96.8108,2.531,2.10688,-10776928.959289448,4347163.543112276,2015,10,28,15,49,48.67,2015.826583411603,4
4515,36.44659,-96.88873,3.586,2.17733,-10785604.087206967,4362246.74997348,2015,10,29,21,39,54.09,2015.8299868839836,60
4516,36.42433,-97.02258,2.16,1.34518,-10800504.201049648,4359166.711879931,2015,10,30,3,33,5.97,2015.830658414138,21
4519,36.44416,-97.05222,3.965,1.88664,-10803803.710756762,4361910.476440849,2015,10,31,16,49,28.48,2015.834910401298,29
4520,36.42433,-97.02258,2.16,2.03802,-10800504.201049648,4359166.711879931,2015,11,1,23,37,14.67,2015.8384235388623,21
4521,36.33061,-96.78395,5.367,2.01509,-10773940.03096165,4346208.676620376,2015,11,2,9,19,39.75,2015.839530881626,5
4522,36.33677,-96.79523,5.0,1.78602,-10775195.714817798,4347059.899380782,2015,11,2,10,11,16.55,2015.8396290132964,5
4523,36.33677,-96.79523,5.0,1.77187,-10775195.714817798,4347059.899380782,2015,11,2,10,24,56.07,2015.839654982318,5
4525,36.42433,-97.02258,2.16,1.51025,-10800504.201049648,4359166.711879931,2015,11,3,23,34,9.52,2015.8438933733871,21
4526,36.44233,-97.07666,3.162,1.79942,-10806524.359111749,4361657.240362192,2015,11,4,5,11,12.76,2015.844534209192,35
4527,36.45295,-97.09654,4.392,1.45639,-10808737.39058872,4363126.923156248,2015,11,4,18,26,34.61,2015.8460464233656,14
4528,36.32484,-96.75285,3.604,2.02118,-10770477.994797979,4345411.407252652,2015,11,5,11,6,18.47,2015.8479471971887,2
4529,36.32484,-96.75285,3.604,2.02931,-10770477.994797979,4345411.407252652,2015,11,5,12,12,59.75,2015.8480739901006,2
4530,36.32484,-96.75285,3.604,2.13869,-10770477.994797979,4345411.407252652,2015,11,5,21,46,3.47,2015.8491635444393,2
4533,36.32975,-96.78612,1.775,1.71659,-10774181.594256671,4346089.842433261,2015,11,6,17,25,33.58,2015.8514061138997,5
4539,36.34508,-97.08536,5.0,2.02569,-10807492.83868165,4348208.327661479,2015,11,9,4,11,22.42,2015.8581096921184,9
4543,36.30135,-96.88082,3.735,1.92848,-10784723.550034795,4342166.2872039955,2015,11,10,6,3,43.1,2015.8610611421655,12
4544,36.30135,-96.88082,3.735,2.34338,-10784723.550034795,4342166.2872039955,2015,11,10,6,5,3.73,2015.861063697176,12
4552,36.44394,-97.06937,5.0,1.43652,-10805712.840023866,4361880.032443409,2015,11,10,11,17,54.96,2015.8616585215607,35
4555,36.32715,-96.94881,2.523,1.52195,-10792292.162213828,4345730.584263041,2015,11,11,2,31,28.18,2015.8633954476893,11
4556,36.32715,-96.94881,2.523,1.51612,-10792292.162213828,4345730.584263041,2015,11,11,3,38,24.37,2015.8635227130708,11
4559,36.4414,-97.06352,5.0,1.56743,-10805061.621002724,4361528.54890611,2015,11,11,6,17,46.73,2015.863825725974,39
4560,36.4414,-97.06352,5.0,1.77035,-10805061.621002724,4361528.54890611,2015,11,11,7,26,34.06,2015.8639565131696,39
4561,36.32715,-96.94881,2.523,2.62155,-10792292.162213828,4345730.584263041,2015,11,11,12,41,5.7,2015.8645545193551,11
4562,36.31306,-96.86903,5.0,1.62202,-10783411.09323834,4343783.88979389,2015,11,11,21,39,59.64,2015.8655791200852,12
4566,36.32975,-96.78612,1.775,1.89114,-10774181.594256671,4346089.842433261,2015,11,13,7,50,50.38,2015.86947836274,5
4568,36.30135,-96.88082,3.735,2.0592,-10784723.550034795,4342166.2872039955,2015,11,13,21,52,14.53,2015.8710781089183,12
4572,36.32129,-96.95387,2.79,1.33834,-10792855.438837241,4344920.915570426,2015,11,15,9,17,57.56,2015.875119703653,11
4575,36.32875,-96.78343,2.308,2.18639,-10773882.144826436,4345951.664795248,2015,11,16,12,36,11.12,2015.8782344386138,5
4577,36.32875,-96.78343,2.308,2.37845,-10773882.144826436,4345951.664795248,2015,11,17,7,11,12.8,2015.8803544249247,5
4578,36.32715,-96.94881,2.523,1.50006,-10792292.162213828,4345730.584263041,2015,11,17,13,45,16.87,2015.881103660291,11
4580,36.30135,-96.88082,3.735,1.63078,-10784723.550034795,4342166.2872039955,2015,11,18,2,51,50.4,2015.8825991330139,12
4581,36.30135,-96.88082,3.735,1.55701,-10784723.550034795,4342166.2872039955,2015,11,18,2,52,43.0,2015.8826007998073,12
4586,36.34319,-96.83231,2.976,2.25038,-10779323.441536414,4347947.122015906,2015,11,21,8,3,5.7,2015.8914044699216,1
4587,36.34319,-96.83231,2.976,2.25681,-10779323.441536414,4347947.122015906,2015,11,21,11,59,54.02,2015.8918547044136,1
4588,36.4095,-96.86878,4.195,2.93447,-10783383.263365643,4357115.226906021,2015,11,21,13,21,3.65,2015.8920090136767,56
4589,36.417,-96.8655,3.977,1.7087,-10783018.13543584,4358152.678776818,2015,11,21,13,40,12.22,2015.8920454096635,57
4590,36.417,-96.8655,3.977,1.94628,-10783018.13543584,4358152.678776818,2015,11,21,13,44,6.44,2015.8920528316476,57
4591,36.4095,-96.86878,4.195,2.36922,-10783383.263365643,4357115.226906021,2015,11,21,14,0,35.4,2015.892084169899,56
4592,36.417,-96.8655,3.977,2.07784,-10783018.13543584,4358152.678776818,2015,11,21,14,1,56.25,2015.8920867318807,57
4593,36.30135,-96.88082,3.735,2.7,-10784723.550034795,4342166.2872039955,2015,11,21,17,59,45.0,2015.8925388812838,12
4594,36.30135,-96.88082,3.735,1.90007,-10784723.550034795,4342166.2872039955,2015,11,21,18,5,29.03,2015.8925497829366,12
4595,36.34319,-96.83231,2.976,1.75386,-10779323.441536414,4347947.122015906,2015,11,21,21,19,15.84,2015.8929182143129,1
4596,36.34319,-96.83231,2.976,1.6676,-10779323.441536414,4347947.122015906,2015,11,22,7,13,34.57,2015.8940481712805,1
4597,36.34319,-96.83231,2.976,1.67893,-10779323.441536414,4347947.122015906,2015,11,22,10,20,0.09,2015.8944026190204,1
4598,36.32875,-96.78343,2.308,2.8,-10773882.144826436,4345951.664795248,2015,11,22,14,7,18.0,2015.89483477831,5
4602,36.4476,-97.05848,4.002,1.7814,-10804500.570769127,4362386.5210836325,2015,11,23,23,15,28.34,2015.8986148610795,38
4603,36.44764,-97.07355,0.001,1.93365,-10806178.155495381,4362392.056610602,2015,11,23,23,35,51.71,2015.8986536273353,35
4604,36.33107,-96.79273,4.688,1.95055,-10774917.416090814,4346272.239631,2015,11,24,2,24,55.08,2015.8989750513347,5
4605,36.32875,-96.78343,2.308,2.77125,-10773882.144826436,4345951.664795248,2015,11,24,2,39,54.28,2015.8990035452632,5
4606,36.4476,-97.05848,4.002,1.81102,-10804500.570769127,4362386.5210836325,2015,11,24,3,42,14.22,2015.8991220568105,38
4607,36.4476,-97.05848,4.002,2.26943,-10804500.570769127,4362386.5210836325,2015,11,24,3,43,21.77,2015.8991241973408,38
4608,36.4476,-97.05848,4.002,2.26053,-10804500.570769127,4362386.5210836325,2015,11,24,3,57,51.11,2015.899151745063,38
4609,36.32875,-96.78343,2.308,2.80578,-10773882.144826436,4345951.664795248,2015,11,24,4,37,55.1,2015.8992279229092,5
4610,36.33107,-96.79273,4.688,2.40045,-10774917.416090814,4346272.239631,2015,11,24,5,3,31.35,2015.899276603734,5
4611,36.34319,-96.83231,2.976,1.98241,-10779323.441536414,4347947.122015906,2015,11,24,23,47,9.47,2015.901412955041,1
4613,36.45295,-97.09654,4.392,1.55208,-10808737.39058872,4363126.923156248,2015,11,26,10,1,20.81,2015.905318554326,14
4614,36.34508,-97.08536,5.0,2.07258,-10807492.83868165,4348208.327661479,2015,11,26,12,50,48.37,2015.9056407448602,9
4615,36.33394,-96.80823,5.0,1.97701,-10776642.86819811,4346668.826020648,2015,11,26,19,40,30.33,2015.9064197001674,4
4616,36.33227,-96.79404,5.0,2.55978,-10775063.244623752,4346438.057946974,2015,11,27,2,52,47.09,2015.9072415864957,5
4621,36.36422,-97.04826,7.996,1.0199,-10803362.88557322,4350853.910384747,2015,11,30,2,21,28.64,2015.9153956143687,3
4622,36.41612,-96.89163,4.508,1.10672,-10785926.913730271,4358030.945903263,2015,12,2,14,18,15.62,2015.9222341249017,54
4623,36.33227,-96.79404,5.0,1.07134,-10775063.244623752,4346438.057946974,2015,12,2,16,47,20.89,2015.922517583403,5
4631,36.32676,-96.78627,5.0,1.30081,-10774198.29218029,4345676.696571438,2015,12,3,9,6,15.72,2015.924378777854,5
4640,36.37789,-96.93195,5.0,1.36873,-10790415.315599054,4352743.813224307,2015,12,4,1,19,59.38,2015.9262301119222,15
4642,36.37789,-96.93195,5.0,1.46921,-10790415.315599054,4352743.813224307,2015,12,4,2,39,42.83,2015.926381690306,15
4643,36.37789,-96.93195,5.0,1.04922,-10790415.315599054,4352743.813224307,2015,12,4,2,45,49.24,2015.9263933011382,15
4644,36.37789,-96.93195,5.0,0.811354,-10790415.315599054,4352743.813224307,2015,12,4,2,58,10.49,2015.9264167899332,15
4645,36.37789,-96.93195,5.0,0.779894,-10790415.315599054,4352743.813224307,2015,12,4,7,24,32.91,2015.9269232422619,15
4646,36.37789,-96.93195,5.0,1.6201,-10790415.315599054,4352743.813224307,2015,12,4,7,42,25.74,2015.926957238193,15
4647,36.37789,-96.93195,5.0,1.03352,-10790415.315599054,4352743.813224307,2015,12,4,7,43,12.76,2015.926958728167,15
4648,36.31718,-96.96596,6.318,1.69338,-10794201.291480934,4344353.078457316,2015,12,4,21,25,7.75,2015.9285214259005,11
4651,36.32875,-96.78343,2.308,0.83433,-10773882.144826436,4345951.664795248,2015,12,6,7,36,45.87,2015.932422169937,5
4652,36.35486,-97.09082,10.354,1.24722,-10808100.64310138,4349560.064519873,2015,12,6,10,58,0.9,2015.932804804548,10
4656,36.44657,-96.88889,3.621,2.2102,-10785621.898325495,4362243.9822470965,2015,12,8,9,36,57.58,2015.938126396811,60
4658,36.31103,-96.86623,4.364,1.9345,-10783099.39866412,4343503.451101562,2015,12,8,23,35,41.33,2015.93972106022,12
4659,36.44657,-96.88889,3.621,1.56009,-10785621.898325495,4362243.9822470965,2015,12,9,5,2,43.91,2015.9403428622581,60
4660,36.44657,-96.88889,3.621,2.06447,-10785621.898325495,4362243.9822470965,2015,12,9,6,55,49.41,2015.940557881778,60
4662,36.37804,-96.95187,5.0,1.01027,-10792632.799855657,4352764.552844532,2015,12,9,7,59,40.75,2015.9406792896164,15
4663,36.44657,-96.88889,3.621,1.73608,-10785621.898325495,4362243.9822470965,2015,12,9,9,18,54.46,2015.9408299255963,60
4664,36.44657,-96.88889,3.621,0.945234,-10785621.898325495,4362243.9822470965,2015,12,9,9,35,58.55,2015.9408623770503,60
4666,36.44657,-96.88889,3.621,1.5185,-10785621.898325495,4362243.9822470965,2015,12,9,19,26,38.46,2015.9419854000305,60
4667,36.44657,-96.88889,3.621,1.23262,-10785621.898325495,4362243.9822470965,2015,12,9,23,44,13.25,2015.942475132773,60
4668,36.44657,-96.88889,3.621,2.17355,-10785621.898325495,4362243.9822470965,2015,12,10,0,56,10.93,2015.9426119517962,60
4669,36.44657,-96.88889,3.621,1.15166,-10785621.898325495,4362243.9822470965,2015,12,10,7,5,58.03,2015.9433150185691,60
4670,36.44657,-96.88889,3.621,1.44679,-10785621.898325495,4362243.9822470965,2015,12,10,8,37,53.11,2015.9434897809085,60
4671,36.44657,-96.88889,3.621,2.23915,-10785621.898325495,4362243.9822470965,2015,12,10,10,6,13.41,2015.9436577372803,60
4672,36.44657,-96.88889,3.621,2.27543,-10785621.898325495,4362243.9822470965,2015,12,10,21,22,42.2,2015.9449439184223,60
4677,36.44647,-96.88798,3.297,2.6531,-10785520.597588874,4362230.143625884,2015,12,11,4,57,30.22,2015.9458086235961,60
4683,36.42495,-97.02135,2.353,0.661224,-10800367.278075973,4359252.487147042,2015,12,13,7,7,12.17,2015.9515309202854,21
4684,36.55264,-97.04973,7.112,2.39911,-10803526.525224686,4376932.669083382,2015,12,14,5,33,21.69,2015.954090351928,6
4685,36.44379,-97.06431,5.0,1.96674,-10805149.563400453,4361859.275221921,2015,12,14,8,34,52.73,2015.9544354681598,39
4686,36.44379,-97.06431,5.0,1.96163,-10805149.563400453,4361859.275221921,2015,12,14,10,54,5.53,2015.9547001524197,39
4687,36.35714,-97.09135,7.498,1.98943,-10808159.642431503,4349875.217767743,2015,12,14,20,20,33.88,2015.9557771782393,10
4689,36.55264,-97.04973,7.112,1.37282,-10803526.525224686,4376932.669083382,2015,12,16,7,58,55.16,2015.9598428004665,6
4696,36.33677,-96.79523,5.0,2.10926,-10775195.714817798,4347059.899380782,2015,12,19,16,43,52.32,2015.9690544375999,5
4698,36.33677,-96.79523,5.0,2.28652,-10775195.714817798,4347059.899380782,2015,12,20,0,50,26.18,2015.9699795351992,5
4699,36.33107,-96.79273,4.688,1.6308,-10774917.416090814,4346272.239631,2015,12,21,6,3,47.35,2015.9733131591122,5
4701,36.33107,-96.79273,4.688,1.81077,-10774917.416090814,4346272.239631,2015,12,21,11,37,57.78,2015.9739485188989,5
4702,36.34319,-96.83231,2.976,1.82197,-10779323.441536414,4347947.122015906,2015,12,22,14,4,33.04,2015.976965074657,1
4703,36.33107,-96.79273,4.688,1.86796,-10774917.416090814,4346272.239631,2015,12,24,7,52,7.15,2015.9817326777068,5
4704,36.32875,-96.78343,2.308,2.46481,-10773882.144826436,4345951.664795248,2015,12,24,18,42,2.95,2015.9829683800415,5
4705,36.33677,-96.79523,5.0,2.04032,-10775195.714817798,4347059.899380782,2015,12,24,18,57,47.0,2015.9829982951808,5
4709,36.35714,-97.09135,7.498,2.19704,-10808159.642431503,4349875.217767743,2015,12,28,15,38,45.3,2015.993571288691,10
4710,36.33107,-96.79273,4.688,2.2,-10774917.416090814,4346272.239631,2016,1,1,10,49,2.08,2016.0039718508378,5
4711,36.32676,-96.78627,5.0,1.95148,-10774198.29218029,4345676.696571438,2016,1,2,16,57,34.35,2016.0074103971785,5
4712,36.40871,-96.87725,3.568,1.6091,-10784326.139452662,4357005.954473207,2016,1,4,2,15,56.7,2016.0112098733744,56
4714,36.36422,-97.04826,7.996,2.21486,-10803362.88557322,4350853.910384747,2016,1,7,20,44,32.0,2016.0215311684033,3
4715,36.32903,-96.77628,5.697,3.0,-10773086.210467264,4345990.354355132,2016,1,8,4,55,31.64,2016.0224646880624,5
4717,36.44424,-97.03947,3.864,2.88341,-10802384.387249146,4361921.547006775,2016,1,8,5,52,17.55,2016.0225726148376,31
4721,36.33394,-96.80823,5.0,2.2,-10776642.86819811,4346668.826020648,2016,1,12,9,51,50.17,2016.0339794588308,4
4722,36.35714,-97.09135,7.498,1.40188,-10808159.642431503,4349875.217767743,2016,1,14,10,18,43.61,2016.0395062872335,10
4723,36.45295,-97.09654,4.392,2.57063,-10808737.39058872,4363126.923156248,2016,1,14,20,53,50.98,2016.0407138369205,14
4724,36.36422,-97.04826,7.996,2.47315,-10803362.88557322,4350853.910384747,2016,1,16,11,18,23.92,2016.0450954419855,3
4729,36.36422,-97.04826,7.996,2.4,-10803362.88557322,4350853.910384747,2016,1,24,13,10,12.1,2016.0672108176793,3
4730,36.32129,-96.95387,2.79,2.6,-10792855.438837241,4344920.915570426,2016,1,24,22,57,44.48,2016.0683278981926,11
4732,36.32975,-96.78612,1.775,2.5,-10774181.594256671,4346089.842433261,2016,1,27,2,10,1.83,2016.0741691963267,5
4750,36.32975,-96.78612,1.775,3.03954,-10774181.594256671,4346089.842433261,2016,2,2,13,11,20.6,2016.0918536453976,5
4754,36.35911,-97.05107,4.514,1.22654,-10803675.693342349,4350147.528666142,2016,2,7,19,36,4.9,2016.1062743966588,3
4756,36.32975,-96.78612,1.775,2.8784,-10774181.594256671,4346089.842433261,2016,2,9,16,35,9.93,2016.1114061249905,5
4757,36.35911,-97.05107,4.514,1.01119,-10803675.693342349,4350147.528666142,2016,2,12,11,9,21.53,2016.1190002259361,3
4759,36.36422,-97.04826,7.996,1.79751,-10803362.88557322,4350853.910384747,2016,2,19,13,50,14.27,2016.1384710583188,3
4771,36.33107,-96.79273,4.688,1.82392,-10774917.416090814,4346272.239631,2016,2,28,4,3,28.45,2016.1619961102872,5
4776,36.41104,-96.86803,2.646,2.15314,-10783299.773747548,4357328.242184638,2016,3,1,10,13,26.47,2016.1661218365782,56
4783,36.37606,-96.94015,5.926,2.56974,-10791328.13542356,4352490.793078135,2016,3,3,19,38,14.75,2016.172671392945,15
4784,36.3657,-97.05285,6.03,1.83971,-10803873.84203596,4351058.507099077,2016,3,6,2,18,5.27,2016.1789073082236,3
4786,36.3657,-97.05285,6.03,2.7,-10803873.84203596,4351058.507099077,2016,3,6,11,44,39.0,2016.179984504525,3
4796,36.41175,-96.86967,3.162,1.12531,-10783482.337712448,4357426.451949623,2016,3,14,3,13,27.3,2016.2009153832992,56
4798,36.35486,-97.09082,10.354,1.99204,-10808100.64310138,4349560.064519873,2016,3,14,18,24,42.7,2016.2026479421756,10
4799,36.35486,-97.09082,10.354,1.83917,-10808100.64310138,4349560.064519873,2016,3,18,0,41,48.18,2016.211578452734,10
4801,36.37606,-96.94015,5.926,2.78622,-10791328.13542356,4352490.793078135,2016,3,18,18,9,25.08,2016.213570267701,15
4802,36.37975,-96.94489,5.041,2.10274,-10791855.789809918,4353000.987342262,2016,3,19,10,5,22.3,2016.2153878083252,15
4804,36.37606,-96.94015,5.926,2.15113,-10791328.13542356,4352490.793078135,2016,3,19,23,59,59.68,2016.21697466474,15
4805,36.37975,-96.94489,5.041,2.14292,-10791855.789809918,4353000.987342262,2016,3,20,0,7,14.57,2016.2169884455725,15
4806,36.33107,-96.79273,4.688,1.67738,-10774917.416090814,4346272.239631,2016,3,20,17,1,52.08,2016.2189175374554,5
4810,36.37606,-96.94015,5.926,2.38989,-10791328.13542356,4352490.793078135,2016,3,21,22,45,50.08,2016.2223093669988,15
4812,36.3657,-97.05285,6.03,2.00134,-10803873.84203596,4351058.507099077,2016,3,24,3,13,15.68,2016.2282935229548,3
4813,36.35486,-97.09082,10.354,2.38019,-10808100.64310138,4349560.064519873,2016,3,24,7,19,5.33,2016.2287609111593,10
4815,36.37975,-96.94489,5.041,2.48268,-10791855.789809918,4353000.987342262,2016,3,26,6,48,25.7,2016.2341783183765,15
4817,36.37975,-96.94489,5.041,2.21119,-10791855.789809918,4353000.987342262,2016,3,29,11,8,20.83,2016.2428860505868,15
4818,36.32712,-96.7747,3.726,2.32887,-10772910.32567181,4345726.439046419,2016,3,29,13,59,1.02,2016.243210542627,5
4819,36.37975,-96.94489,5.041,2.81542,-10791855.789809918,4353000.987342262,2016,3,30,3,15,7.98,2016.2447241862499,15
4824,36.41179,-96.88406,3.403,1.18973,-10785084.225184964,4357431.98492084,2016,4,8,4,37,31.11,2016.2695214816715,54
4825,36.41179,-96.88406,3.403,1.71098,-10785084.225184964,4357431.98492084,2016,4,8,18,36,36.38,2016.2711168270084,54
4826,36.41179,-96.88406,3.403,2.14992,-10785084.225184964,4357431.98492084,2016,4,9,15,36,24.55,2016.273512071577,54
4828,36.41179,-96.88406,3.403,1.45323,-10785084.225184964,4357431.98492084,2016,4,10,11,2,21.25,2016.2757288656298,54
4832,36.43481,-96.90523,4.229,1.74279,-10787440.858805059,4360616.682663627,2016,4,11,20,59,47.5,2016.2796026155347,59
4833,36.43481,-96.90523,4.229,1.6635,-10787440.858805059,4360616.682663627,2016,4,12,11,54,19.59,2016.281303381436,59
4834,36.43481,-96.90523,4.229,1.35549,-10787440.858805059,4360616.682663627,2016,4,13,9,18,58.59,2016.2837458675565,59
4835,36.37975,-96.94489,5.041,2.54916,-10791855.789809918,4353000.987342262,2016,4,18,13,56,24.4,2016.2979625953813,15
4836,36.32712,-96.7747,3.726,1.96322,-10772910.32567181,4345726.439046419,2016,4,19,3,12,43.68,2016.2994766294014,5
4837,36.52184,-97.06643,6.352,2.02464,-10805385.560720934,4372665.378376899,2016,4,20,11,47,7.44,2016.3031924937256,6
4840,36.32676,-96.78627,5.0,1.80872,-10774198.29218029,4345676.696571438,2016,4,21,8,22,16.27,2016.3055408608386,5
4842,36.37975,-96.94489,5.041,2.30908,-10791855.789809918,4353000.987342262,2016,4,22,14,7,47.55,2016.308935646247,15
4845,36.34319,-96.83231,2.976,2.4,-10779323.441536414,4347947.122015906,2016,5,7,8,31,38.32,2016.3493642837225,1
4848,36.45295,-97.09654,4.392,2.6,-10808737.39058872,4363126.923156248,2016,5,17,11,42,30.33,2016.3771056838923,14
4849,36.54687,-97.06896,5.229,2.21402,-10805667.19903264,4376133.11541217,2016,5,20,20,11,17.81,2016.3862865937208,6
4850,36.54687,-97.06896,5.229,2.66196,-10805667.19903264,4376133.11541217,2016,5,21,5,25,51.31,2016.3873409673106,6
4851,36.54687,-97.06896,5.229,3.2,-10805667.19903264,4376133.11541217,2016,5,21,14,46,6.0,2016.3884061525591,6
4852,36.55383,-97.06413,6.738,1.23264,-10805129.52589211,4377097.575792487,2016,5,21,14,56,22.58,2016.3884256908002,6
4853,36.54687,-97.06896,5.229,2.16899,-10805667.19903264,4376133.11541217,2016,5,21,15,8,26.33,2016.3884486250538,6
4854,36.54687,-97.06896,5.229,2.06858,-10805667.19903264,4376133.11541217,2016,5,21,15,13,33.48,2016.38845835805,6
4855,36.54969,-97.06391,5.845,1.73344,-10805105.035604136,4376523.877686631,2016,5,21,16,53,6.87,2016.388647643357,6
4856,36.55383,-97.06413,6.738,0.946956,-10805129.52589211,4377097.575792487,2016,5,21,20,1,10.0,2016.389005184171,6
4857,36.54687,-97.06896,5.229,2.17153,-10805667.19903264,4376133.11541217,2016,5,21,23,26,36.58,2016.3893957899206,6
4858,36.36422,-97.04826,7.996,2.0412,-10803362.88557322,4350853.910384747,2016,5,21,23,50,53.45,2016.389441955345,3
4859,36.54969,-97.06391,5.845,2.9,-10805105.035604136,4376523.877686631,2016,5,22,6,29,35.0,2016.3901999835223,6
4860,36.54969,-97.06391,5.845,1.85326,-10805105.035604136,4376523.877686631,2016,5,22,6,38,11.65,2016.3902163551727,6
4861,36.54969,-97.06391,5.845,1.90703,-10805105.035604136,4376523.877686631,2016,5,22,7,25,36.83,2016.3903065134864,6
4862,36.34319,-96.83231,2.976,2.19425,-10779323.441536414,4347947.122015906,2016,5,22,8,14,58.84,2016.3904003739194,1
4863,36.54969,-97.06391,5.845,2.09211,-10805105.035604136,4376523.877686631,2016,5,22,9,3,19.15,2016.3904922791974,6
4864,36.54466,-97.06581,6.352,2.03356,-10805316.542636642,4375826.889692661,2016,5,22,9,14,1.25,2016.3905126261186,6
4865,36.54969,-97.06391,5.845,2.16373,-10805105.035604136,4376523.877686631,2016,5,22,10,44,28.13,2016.3906845935685,6
4866,36.54687,-97.06896,5.229,1.98919,-10805667.19903264,4376133.11541217,2016,5,22,14,43,12.61,2016.3911385089486,6
4867,36.55383,-97.06413,6.738,2.0,-10805129.52589211,4377097.575792487,2016,5,22,22,58,49.0,2016.3920807982863,6
4868,36.54687,-97.06896,5.229,2.16871,-10805667.19903264,4376133.11541217,2016,5,23,6,21,32.66,2016.392922549877,6
4869,36.55383,-97.06413,6.738,1.28857,-10805129.52589211,4377097.575792487,2016,5,23,7,25,26.92,2016.3930440502447,6
4870,36.37975,-96.94489,5.041,2.37008,-10791855.789809918,4353000.987342262,2016,5,23,16,30,58.15,2016.394081240335,15
4871,36.55383,-97.06413,6.738,1.46078,-10805129.52589211,4377097.575792487,2016,5,23,20,29,10.72,2016.3945341445483,6
4872,36.55383,-97.06413,6.738,1.46547,-10805129.52589211,4377097.575792487,2016,5,24,2,21,28.05,2016.3952039461176,6
4874,36.43481,-96.90523,4.229,2.08924,-10787440.858805059,4360616.682663627,2016,5,24,5,6,29.12,2016.395517692093,59
4875,36.43481,-96.90523,4.229,2.04538,-10787440.858805059,4360616.682663627,2016,5,24,5,22,30.92,2016.395548169696,59
4877,36.54466,-97.06581,6.352,2.6962,-10805316.542636642,4375826.889692661,2016,5,24,7,14,0.82,2016.3957601598347,6
4881,36.54466,-97.06581,6.352,1.83728,-10805316.542636642,4375826.889692661,2016,5,27,8,58,36.25,2016.4041725685731,6
4882,36.41628,-96.89044,3.776,2.89152,-10785794.443536226,4358053.07905041,2016,5,27,9,38,49.6,2016.4042490430197,54
4883,36.41628,-96.89044,3.776,2.52315,-10785794.443536226,4358053.07905041,2016,5,28,1,28,55.98,2016.406055466195,54
4884,36.41628,-96.89044,3.776,2.32645,-10785794.443536226,4358053.07905041,2016,5,28,3,16,20.55,2016.4062596822953,54
4894,36.42593,-96.91933,8.359,2.18822,-10789010.463625243,4359388.0688049225,2016,6,1,23,35,52.4,2016.4195297614522,52
4895,36.42593,-96.91933,8.359,1.63137,-10789010.463625243,4359388.0688049225,2016,6,1,23,49,9.18,2016.4195550098866,52
4896,36.42593,-96.91933,8.359,1.71425,-10789010.463625243,4359388.0688049225,2016,6,2,5,16,20.55,2016.420177090463,52
4897,36.42593,-96.91933,8.359,1.47617,-10789010.463625243,4359388.0688049225,2016,6,2,9,34,11.07,2016.4206673216595,52
4898,36.41277,-96.87357,5.117,1.53084,-10783916.483726542,4357567.543605629,2016,6,2,10,47,44.53,2016.4208071757675,56
4899,36.42271,-96.91998,5.878,2.3314,-10789082.821294257,4358942.592640625,2016,6,2,12,16,40.35,2016.4209762577002,52
4901,36.42593,-96.91933,8.359,1.66714,-10789010.463625243,4359388.0688049225,2016,6,2,14,38,39.32,2016.4212462075695,52
4902,36.42271,-96.91998,5.878,1.88031,-10789082.821294257,4358942.592640625,2016,6,2,14,40,15.82,2016.4212492654701,52
4903,36.42593,-96.91933,8.359,1.92247,-10789010.463625243,4359388.0688049225,2016,6,2,14,58,13.15,2016.4212834039977,52
4904,36.42593,-96.91933,8.359,2.07089,-10789010.463625243,4359388.0688049225,2016,6,2,19,2,46.3,2016.4217483680634,52
4905,36.41628,-96.89044,3.776,2.63584,-10785794.443536226,4358053.07905041,2016,6,2,22,19,51.32,2016.4221230803357,54
4906,36.42271,-96.91998,5.878,1.62564,-10789082.821294257,4358942.592640625,2016,6,2,23,44,45.3,2016.4222844988212,52
4907,36.42271,-96.91998,5.878,2.00196,-10789082.821294257,4358942.592640625,2016,6,3,1,21,24.02,2016.4224682491697,52
4908,36.55383,-97.06413,6.738,1.03172,-10805129.52589211,4377097.575792487,2016,6,3,3,27,35.55,2016.4227081764773,6
4909,36.42271,-96.91998,5.878,1.73437,-10789082.821294257,4358942.592640625,2016,6,3,4,2,27.62,2016.4227744701752,52
4911,36.42271,-96.91998,5.878,1.86332,-10789082.821294257,4358942.592640625,2016,6,3,15,59,37.5,2016.4241380047913,52
4912,36.42271,-96.91998,5.878,1.68984,-10789082.821294257,4358942.592640625,2016,6,3,16,22,34.62,2016.4241816430908,52
4913,36.55383,-97.06413,6.738,1.29309,-10805129.52589211,4377097.575792487,2016,6,3,17,42,16.38,2016.4243331679215,6
4914,36.44325,-96.88541,6.632,2.24271,-10785234.506497534,4361784.5495568225,2016,6,3,23,56,25.77,2016.4250445461632,61
4917,36.42698,-96.91821,8.602,1.38608,-10788885.785795555,4359533.336766027,2016,6,4,11,19,22.07,2016.4263430067558,52
4918,36.42271,-96.91998,5.878,1.61782,-10789082.821294257,4358942.592640625,2016,6,4,11,23,4.12,2016.426350043096,52
4919,36.42271,-96.91998,5.878,1.96798,-10789082.821294257,4358942.592640625,2016,6,4,23,18,36.52,2016.4277104887572,52
4920,36.42271,-96.91998,5.878,2.01572,-10789082.821294257,4358942.592640625,2016,6,4,23,22,56.0,2016.427718711182,52
4923,36.42271,-96.91998,5.878,2.3,-10789082.821294257,4358942.592640625,2016,6,5,5,23,50.0,2016.4284048850357,52
4924,36.42593,-96.91933,8.359,2.5,-10789010.463625243,4359388.0688049225,2016,6,5,5,25,47.0,2016.428408592542,52
4927,36.42698,-96.91821,8.602,1.35014,-10788885.785795555,4359533.336766027,2016,6,5,7,33,5.62,2016.4286506458031,52
4930,36.42593,-96.91933,8.359,1.64744,-10789010.463625243,4359388.0688049225,2016,6,5,15,16,57.73,2016.429532592149,52
4932,36.42271,-96.91998,5.878,2.05534,-10789082.821294257,4358942.592640625,2016,6,5,19,52,11.52,2016.4300558825767,52
4938,36.42698,-96.91821,8.602,1.86241,-10788885.785795555,4359533.336766027,2016,6,6,7,12,45.12,2016.4313498212791,52
4939,36.42271,-96.91998,5.878,1.82963,-10789082.821294257,4358942.592640625,2016,6,6,8,6,53.67,2016.4314527616168,52
4940,36.42271,-96.91998,5.878,1.86482,-10789082.821294257,4358942.592640625,2016,6,6,14,23,20.8,2016.4321685045757,52
4941,36.42698,-96.91821,8.602,3.7,-10788885.785795555,4359533.336766027,2016,6,6,18,52,16.0,2016.4326797982103,52
4942,36.42593,-96.91933,8.359,1.85766,-10789010.463625243,4359388.0688049225,2016,6,7,2,44,16.55,2016.4335772222855,52
4943,36.42271,-96.91998,5.878,2.46155,-10789082.821294257,4358942.592640625,2016,6,7,7,47,14.82,2016.4341532569017,52
4944,36.42271,-96.91998,5.878,1.76035,-10789082.821294257,4358942.592640625,2016,6,7,18,45,28.0,2016.4354047202576,52
4945,36.41628,-96.89044,3.776,2.60368,-10785794.443536226,4358053.07905041,2016,6,7,20,9,15.8,2016.4355640416254,54
4946,36.42271,-96.91998,5.878,1.75327,-10789082.821294257,4358942.592640625,2016,6,8,1,54,55.94,2016.4362212570031,52
4952,36.42271,-96.91998,5.878,1.68413,-10789082.821294257,4358942.592640625,2016,6,8,5,38,51.75,2016.4366470121302,52
4954,36.42593,-96.91933,8.359,1.5638,-10789010.463625243,4359388.0688049225,2016,6,8,5,43,56.05,2016.4366566548154,52
4955,36.44325,-96.88541,6.632,3.6,-10785234.506497534,4361784.5495568225,2016,6,8,16,50,41.0,2016.4379243351839,60
4956,36.43354,-96.90611,4.321,1.54972,-10787538.819956956,4360440.960131427,2016,6,9,1,24,15.25,2016.4389007798438,59
4959,36.43354,-96.90611,4.321,1.86462,-10787538.819956956,4360440.960131427,2016,6,9,13,27,25.0,2016.4402757180521,59
4961,36.43354,-96.90611,4.321,1.87265,-10787538.819956956,4360440.960131427,2016,6,9,13,34,46.15,2016.440289697252,59
4964,36.43464,-96.87712,5.0,1.41057,-10784311.667918859,4360593.160583189,2016,6,10,12,17,32.93,2016.442880730157,44
4966,36.43982,-96.89396,6.255,2.0107,-10786186.28814382,4361309.915344723,2016,6,11,0,34,47.1,2016.4442824264202,50
4969,36.43354,-96.90611,4.321,1.71045,-10787538.819956956,4360440.960131427,2016,6,12,0,6,22.75,2016.446966269615,59
4970,36.43982,-96.89396,6.255,2.14079,-10786186.28814382,4361309.915344723,2016,6,12,3,4,4.45,2016.4473041185008,50
4971,36.43354,-96.90611,4.321,1.94722,-10787538.819956956,4360440.960131427,2016,6,12,4,31,21.98,2016.4474700858113,59
4972,36.43982,-96.89396,6.255,2.04794,-10786186.28814382,4361309.915344723,2016,6,12,4,33,58.65,2016.4474750503841,50
4973,36.42593,-96.91933,8.359,1.81403,-10789010.463625243,4359388.0688049225,2016,6,12,5,59,50.78,2016.4476383115318,52
4975,36.42271,-96.91998,5.878,1.80822,-10789082.821294257,4358942.592640625,2016,6,12,8,13,55.82,2016.4478932434658,52
4976,36.43614,-96.90292,4.202,1.4205,-10787183.710781325,4360800.710130046,2016,6,13,7,49,6.92,2016.4505839138592,59
4978,36.43982,-96.89396,6.255,2.04532,-10786186.28814382,4361309.915344723,2016,6,14,16,48,24.12,2016.4543471024413,50
4981,36.43354,-96.90611,4.321,2.0283,-10787538.819956956,4360440.960131427,2016,6,16,11,18,10.25,2016.459194940363,59
4985,36.44325,-96.88541,6.632,2.49853,-10785234.506497534,4361784.5495568225,2016,6,18,14,12,6.64,2016.46500135118,60
4987,36.43982,-96.89396,6.255,2.13894,-10786186.28814382,4361309.915344723,2016,6,18,16,2,8.18,2016.4652105413593,50
4991,36.42593,-96.91933,8.359,1.65388,-10789010.463625243,4359388.0688049225,2016,6,19,20,18,7.25,2016.4684350917053,52
4994,36.54466,-97.06581,6.352,2.5,-10805316.542636642,4375826.889692661,2016,6,22,11,37,5.0,2016.4756580031435,6
4995,36.43982,-96.89396,6.255,2.12289,-10786186.28814382,4361309.915344723,2016,6,22,20,48,20.87,2016.4767061142165,50
4996,36.54969,-97.06391,5.845,2.33654,-10805105.035604136,4376523.877686631,2016,6,23,15,51,35.87,2016.4788797586002,6
4999,36.43481,-96.90523,4.229,1.90383,-10787440.858805059,4360616.682663627,2016,6,24,13,14,41.92,2016.481319299313,59
5000,36.43804,-96.89603,3.477,2.06897,-10786416.719489759,4361063.611981288,2016,6,25,1,7,21.93,2016.4826742822647,50
5003,36.4414,-97.06352,5.0,1.80705,-10805061.621002724,4361528.54890611,2016,6,27,21,46,36.64,2016.490506142419,39
5004,36.4414,-97.06352,5.0,2.14254,-10805061.621002724,4361528.54890611,2016,6,28,3,3,54.71,2016.4911094224528,39
5009,36.4414,-97.06352,5.0,2.04673,-10805061.621002724,4361528.54890611,2016,6,29,1,35,47.11,2016.493679719307,39
5013,36.43946,-96.89478,3.927,2.13093,-10786277.570126267,4361260.100725574,2016,6,30,21,53,25.45,2016.4987326491876,50
5015,36.44659,-96.88873,3.586,2.35492,-10785604.087206967,4362246.74997348,2016,7,3,9,29,2.55,2016.5055309196516,60
5016,36.37975,-96.94489,5.041,2.29148,-10791855.789809918,4353000.987342262,2016,7,3,9,45,19.25,2016.505561869407,15
5017,36.44325,-96.88541,6.632,1.90105,-10785234.506497534,4361784.5495568225,2016,7,4,4,6,44.77,2016.507655993168,60
5018,36.43481,-96.90523,4.229,1.88537,-10787440.858805059,4360616.682663627,2016,7,4,4,47,26.75,2016.5077333748447,59
5019,36.43624,-96.9028,3.839,1.70003,-10787170.35244243,4360814.546909125,2016,7,4,7,2,23.45,2016.5079899437853,59
5021,36.43982,-96.89396,6.255,1.99616,-10786186.28814382,4361309.915344723,2016,7,7,1,18,39.62,2016.5155499664106,50
5022,36.43982,-96.89396,6.255,2.01306,-10786186.28814382,4361309.915344723,2016,7,7,1,20,6.03,2016.5155527045783,50
5027,36.43982,-96.89396,6.255,2.0877,-10786186.28814382,4361309.915344723,2016,7,8,16,26,29.3,2016.5200138572009,50
5028,36.39153,-96.93653,4.186,2.08175,-10790925.158866888,4354629.899612109,2016,7,8,19,21,42.57,2016.5203470026238,15
5029,36.39153,-96.93653,4.186,1.94883,-10790925.158866888,4354629.899612109,2016,7,8,19,32,29.48,2016.5203675019648,15
5030,36.39153,-96.93653,4.186,1.793,-10790925.158866888,4354629.899612109,2016,7,8,20,26,55.2,2016.5204709863867,15
5031,36.39153,-96.93653,4.186,2.15222,-10790925.158866888,4354629.899612109,2016,7,8,22,6,0.12,2016.5206593695339,15
5034,36.39153,-96.93653,4.186,1.70722,-10790925.158866888,4354629.899612109,2016,7,9,18,42,16.6,2016.5230098803459,15
5037,36.43382,-96.9055,4.68,1.95915,-10787470.915067572,4360479.701859955,2016,7,16,3,6,0.62,2016.5403947264683,59
5040,36.44659,-96.88873,3.586,1.99522,-10785604.087206967,4362246.74997348,2016,7,17,6,2,55.09,2016.543468929513,60
5043,36.43354,-96.90611,4.321,1.46579,-10787538.819956956,4360440.960131427,2016,7,19,4,32,55.12,2016.5487735163638,59
5046,36.40932,-96.88664,4.096,1.47607,-10785371.429471212,4357090.329291937,2016,7,20,3,3,26.05,2016.5513412315893,54
5048,36.40932,-96.88664,4.096,1.76352,-10785371.429471212,4357090.329291937,2016,7,20,19,47,51.44,2016.5532509265597,54
5049,36.32712,-96.7747,3.726,2.07033,-10772910.32567181,4345726.439046419,2016,7,21,1,22,35.72,2016.553887358988,5
5050,36.40932,-96.88664,4.096,1.63677,-10785371.429471212,4357090.329291937,2016,7,21,7,16,50.12,2016.5545608702816,54
5051,36.35486,-97.09082,10.354,3.6,-10808100.64310138,4349560.064519873,2016,7,21,21,33,30.0,2016.5561896341926,10
5052,36.35432,-97.09295,5.0,1.66614,-10808337.75361677,4349485.424313206,2016,7,21,21,43,38.72,2016.5562089233656,10
5053,36.35432,-97.09295,5.0,1.67129,-10808337.75361677,4349485.424313206,2016,7,21,21,46,31.52,2016.5562143990671,10
5054,36.35432,-97.09295,5.0,2.17211,-10808337.75361677,4349485.424313206,2016,7,21,21,47,15.32,2016.5562157870054,10
5055,36.35432,-97.09295,5.0,1.77366,-10808337.75361677,4349485.424313206,2016,7,21,22,1,32.49,2016.5562429490835,10
5056,36.34941,-97.08942,9.162,1.84752,-10807944.79581427,4348806.77507875,2016,7,21,22,56,45.08,2016.5563479187265,9
5057,36.34941,-97.08942,9.162,1.68952,-10807944.79581427,4348806.77507875,2016,7,21,23,23,26.78,2016.5563986735367,9
5058,36.35432,-97.09295,5.0,2.42744,-10808337.75361677,4349485.424313206,2016,7,22,2,20,40.42,2016.5567356332547,10
5059,36.5363,-97.05877,8.106,1.60036,-10804532.853421457,4374668.576563429,2016,7,23,19,4,14.6,2016.5613815562654,6
5060,36.5363,-97.05877,8.106,2.2,-10804532.853421457,4374668.576563429,2016,7,23,20,56,0.0,2016.5615940375694,6
5061,36.5363,-97.05877,8.106,1.57275,-10804532.853421457,4374668.576563429,2016,7,23,21,13,38.22,2016.5616275705377,6
5062,36.44659,-96.88873,3.586,2.0244,-10785604.087206967,4362246.74997348,2016,7,24,11,6,34.84,2016.5632112340609,60
5068,36.43982,-96.89396,6.255,2.0287,-10786186.28814382,4361309.915344723,2016,7,29,2,4,21.27,2016.5758695613736,50
5072,36.43982,-96.89396,6.255,2.1411,-10786186.28814382,4361309.915344723,2016,7,29,5,19,26.4,2016.5762404745608,50
5082,36.45295,-97.09654,4.392,2.30436,-10808737.39058872,4363126.923156248,2016,7,30,6,59,31.61,2016.5791686189698,14
5105,36.43946,-96.89478,3.927,1.63475,-10786277.570126267,4361260.100725574,2016,8,3,9,31,36.22,2016.5904091635612,50
5106,36.37975,-96.94489,5.041,2.07096,-10791855.789809918,4353000.987342262,2016,8,4,2,1,25.57,2016.5922910984993,15
5114,36.35486,-97.09082,10.354,1.93299,-10808100.64310138,4349560.064519873,2016,8,5,8,56,11.2,2016.5958175273151,10
5115,36.35432,-97.09295,5.0,1.72629,-10808337.75361677,4349485.424313206,2016,8,5,14,52,23.12,2016.5964947625928,10
5116,36.35486,-97.09082,10.354,1.87466,-10808100.64310138,4349560.064519873,2016,8,5,15,28,8.85,2016.5965627566736,10
5118,36.43946,-96.89478,3.927,1.57083,-10786277.570126267,4361260.100725574,2016,8,6,8,12,24.15,2016.5984721319112,50
5119,36.43354,-96.90611,4.321,1.49666,-10787538.819956956,4360440.960131427,2016,8,7,1,26,18.37,2016.600437877722,59
5120,36.43354,-96.90611,4.321,1.84405,-10787538.819956956,4360440.960131427,2016,8,7,1,41,20.23,2016.600466455941,59
5121,36.43354,-96.90611,4.321,1.97993,-10787538.819956956,4360440.960131427,2016,8,7,1,42,38.07,2016.6004689225417,59
5122,36.43354,-96.90611,4.321,1.63166,-10787538.819956956,4360440.960131427,2016,8,7,1,50,9.33,2016.600483222108,59
5123,36.43354,-96.90611,4.321,1.7889,-10787538.819956956,4360440.960131427,2016,8,7,2,15,23.33,2016.6005311978731,59
5124,36.43354,-96.90611,4.321,1.60765,-10787538.819956956,4360440.960131427,2016,8,7,2,45,11.7,2016.6005878678986,59
5125,36.43354,-96.90611,4.321,1.74722,-10787538.819956956,4360440.960131427,2016,8,7,2,54,27.42,2016.6006054776028,59
5137,36.43382,-96.9055,4.68,1.99658,-10787470.915067572,4360479.701859955,2016,8,12,21,22,41.15,2016.6164017906938,59
5138,36.43382,-96.9055,4.68,1.8939,-10787470.915067572,4360479.701859955,2016,8,12,21,54,43.27,2016.6164626990012,59
5139,36.43268,-96.9085,4.506,1.62201,-10787804.873539953,4360321.968553333,2016,8,13,7,48,41.42,2016.617592003828,59
5140,36.43268,-96.9085,4.506,1.92285,-10787804.873539953,4360321.968553333,2016,8,13,10,11,13.9,2016.6178630155653,59
5142,36.43268,-96.9085,4.506,1.46123,-10787804.873539953,4360321.968553333,2016,8,13,11,10,27.97,2016.6179756372474,59
5147,36.43209,-96.90909,4.444,2.50652,-10787870.55203952,4360240.335558746,2016,8,13,23,21,18.65,2016.619365181446,59
5149,36.43439,-96.90501,4.238,1.59668,-10787416.368517084,4360558.569382019,2016,8,13,23,29,1.7,2016.619379854615,59
5151,36.44185,-96.89463,5.261,2.07834,-10786260.87220265,4361590.818772906,2016,8,14,0,37,34.65,2016.6195101861358,50
5156,36.35486,-97.09082,10.354,1.85319,-10808100.64310138,4349560.064519873,2016,8,14,22,26,48.35,2016.6219994026796,10
5158,36.43268,-96.9085,4.506,1.64275,-10787804.873539953,4360321.968553333,2016,8,15,7,52,46.1,2016.6230754588435,59
5159,36.43268,-96.9085,4.506,1.80078,-10787804.873539953,4360321.968553333,2016,8,15,7,53,34.67,2016.623076997934,59
5162,36.43268,-96.9085,4.506,1.89416,-10787804.873539953,4360321.968553333,2016,8,16,7,53,21.45,2016.6258144298044,59
5165,36.44379,-97.06431,5.0,1.96195,-10805149.563400453,4361859.275221921,2016,8,17,6,54,2.83,2016.6284395147286,39
5166,36.43439,-96.90501,4.238,1.76669,-10787416.368517084,4360558.569382019,2016,8,17,12,5,1.79,2016.6290307814916,59
5168,36.43439,-96.90501,4.238,1.84301,-10787416.368517084,4360558.569382019,2016,8,18,1,15,12.5,2016.6305331362335,59
5169,36.44185,-96.89463,5.261,1.88981,-10786260.87220265,4361590.818772906,2016,8,18,5,52,0.02,2016.6310593967855,50
5170,36.35714,-97.09135,7.498,1.58403,-10808159.642431503,4349875.217767743,2016,8,18,7,17,38.03,2016.6312222104975,10
5171,36.43439,-96.90501,4.238,1.64747,-10787416.368517084,4360558.569382019,2016,8,18,7,31,13.77,2016.6312480597385,59
5172,36.35714,-97.09135,7.498,1.71784,-10808159.642431503,4349875.217767743,2016,8,18,8,39,29.08,2016.6313778322813,10
5176,36.43946,-96.89478,3.927,1.6759,-10786277.570126267,4361260.100725574,2016,8,19,4,46,41.13,2016.6336730654423,50
5177,36.43946,-96.89478,3.927,1.70782,-10786277.570126267,4361260.100725574,2016,8,19,4,56,49.9,2016.6336923561994,50
5179,36.43946,-96.89478,3.927,1.75631,-10786277.570126267,4361260.100725574,2016,8,19,9,8,49.13,2016.6341714556875,50
5181,36.43439,-96.90501,4.238,1.6719,-10787416.368517084,4360558.569382019,2016,8,20,0,3,3.0,2016.6358716442314,59
5182,36.43439,-96.90501,4.238,1.52485,-10787416.368517084,4360558.569382019,2016,8,20,10,28,2.4,2016.6370599285117,59
5183,36.34894,-97.08995,6.723,1.01409,-10808003.795144392,4348741.814972954,2016,8,20,13,44,35.87,2016.6374336410247,9
5184,36.43382,-96.9055,4.68,1.63429,-10787470.915067572,4360479.701859955,2016,8,20,23,30,0.97,2016.638546688278,59
5185,36.43382,-96.9055,4.68,2.01327,-10787470.915067572,4360479.701859955,2016,8,21,6,5,1.62,2016.6392977165565,59
5186,36.35486,-97.09082,10.354,1.87302,-10808100.64310138,4349560.064519873,2016,8,21,17,43,31.13,2016.6406257487895,10
5188,36.43439,-96.90501,4.238,1.6335,-10787416.368517084,4360558.569382019,2016,8,22,9,49,26.45,2016.6424622420589,59
5189,36.43439,-96.90501,4.238,1.65334,-10787416.368517084,4360558.569382019,2016,8,22,10,14,30.42,2016.6425098999923,59
5190,36.43439,-96.90501,4.238,1.68582,-10787416.368517084,4360558.569382019,2016,8,22,10,55,56.22,2016.6425886702411,59
5193,36.35486,-97.09082,10.354,1.90108,-10808100.64310138,4349560.064519873,2016,8,23,11,13,59.42,2016.645360845565,10
5194,36.44659,-96.88873,3.586,1.77588,-10785604.087206967,4362246.74997348,2016,8,23,20,36,26.62,2016.646430229802,60
5198,36.43946,-96.89478,3.927,1.68149,-10786277.570126267,4361260.100725574,2016,8,25,10,21,31.72,2016.6507368025452,50
5199,36.43946,-96.89478,3.927,1.82943,-10786277.570126267,4361260.100725574,2016,8,25,10,22,17.67,2016.6507382586128,50
5202,36.43354,-96.90611,4.321,1.71695,-10787538.819956956,4360440.960131427,2016,8,26,18,10,10.92,2016.6543656970111,59
5203,36.43354,-96.90611,4.321,1.80581,-10787538.819956956,4360440.960131427,2016,8,26,18,12,2.3,2016.6543692264304,59
5204,36.35486,-97.09082,10.354,1.9373,-10808100.64310138,4349560.064519873,2016,8,27,5,48,13.92,2016.655692889193,10
5207,36.43354,-96.90611,4.321,1.44016,-10787538.819956956,4360440.960131427,2016,8,28,13,8,22.53,2016.659267578333,59
5208,36.43439,-96.90501,4.238,1.8591,-10787416.368517084,4360558.569382019,2016,8,28,13,27,51.52,2016.6593046213907,59
5209,36.43354,-96.90611,4.321,1.61571,-10787538.819956956,4360440.960131427,2016,8,28,13,41,59.53,2016.659331493206,59
5210,36.43354,-96.90611,4.321,2.2028,-10787538.819956956,4360440.960131427,2016,8,28,13,50,34.05,2016.659347797361,59
5211,36.43354,-96.90611,4.321,1.64034,-10787538.819956956,4360440.960131427,2016,8,28,18,37,17.83,2016.6598929522524,59
5218,36.44659,-96.88873,3.586,1.98076,-10785604.087206967,4362246.74997348,2016,8,31,7,59,22.7,2016.6668936389333,60
5219,36.44659,-96.88873,3.586,1.57722,-10785604.087206967,4362246.74997348,2016,8,31,8,56,43.64,2016.6670026757422,60
5223,36.43804,-96.89603,3.477,1.89579,-10786416.719489759,4361063.611981288,2016,9,1,0,7,45.4,2016.6687348023931,50
5224,36.43804,-96.89603,3.477,2.52583,-10786416.719489759,4361063.611981288,2016,9,1,1,20,30.77,2016.668873132621,50
5225,36.43804,-96.89603,3.477,2.11958,-10786416.719489759,4361063.611981288,2016,9,1,1,34,12.95,2016.668899185933,50
5226,36.44659,-96.88873,3.586,1.33422,-10785604.087206967,4362246.74997348,2016,9,1,5,30,0.59,2016.6693474975916,60
5227,36.43804,-96.89603,3.477,1.94403,-10786416.719489759,4361063.611981288,2016,9,1,8,26,46.63,2016.6696835827186,50
5244,36.42031,-96.91531,5.226,2.89012,-10788562.959272254,4358610.572732471,2016,9,3,12,27,52.6,2016.6756176832205,52
5249,36.41887,-96.89477,5.784,2.91525,-10786276.45693136,4358411.365712951,2016,9,3,12,35,9.25,2016.675631519824,54
5251,36.41778,-96.91416,1.913,2.4,-10788434.94185784,4358260.5795223955,2016,9,3,12,37,36.0,2016.675636170051,52
5252,36.41875,-96.88095,8.144,2.7,-10784738.021568596,4358394.765294726,2016,9,3,12,39,48.0,2016.6756403528786,55
5258,36.44185,-96.89463,5.261,2.89991,-10786260.87220265,4361590.818772906,2016,9,3,12,56,9.82,2016.6756714648768,50
5264,36.4197,-96.91738,4.167,2.42808,-10788793.390618196,4358526.185974637,2016,9,3,13,10,54.12,2016.675699486653,52
5265,36.40932,-96.88664,4.096,1.50553,-10785371.429471212,4357090.329291937,2016,9,3,13,15,41.27,2016.6757085858874,54
5269,36.41713,-96.91535,5.389,1.99843,-10788567.412051886,4358170.662159161,2016,9,3,13,25,14.89,2016.6757267628084,52
5272,36.43982,-96.89396,6.255,2.24109,-10786186.28814382,4361309.915344723,2016,9,3,13,33,43.53,2016.6757428806372,50
5280,36.44416,-97.05222,3.965,2.62387,-10803803.710756762,4361910.476440849,2016,9,3,13,46,41.98,2016.6757675482293,29
5283,36.40932,-96.88664,4.096,1.3312,-10785371.429471212,4357090.329291937,2016,9,3,13,52,58.94,2016.6757794933708,54
5284,36.41778,-96.91416,1.913,1.35596,-10788434.94185784,4358260.5795223955,2016,9,3,13,58,49.65,2016.6757906067,52
5285,36.41778,-96.91416,1.913,1.46446,-10788434.94185784,4358260.5795223955,2016,9,3,13,59,30.77,2016.6757919097142,52
5287,36.41104,-96.86803,2.646,2.6,-10783299.773747548,4357328.242184638,2016,9,3,14,5,49.0,2016.6758038950998,56
5290,36.40932,-96.88664,4.096,1.47406,-10785371.429471212,4357090.329291937,2016,9,3,14,12,45.82,2016.6758171033284,54
5295,36.41478,-96.88863,4.256,1.60657,-10785592.95525789,4357845.58258584,2016,9,3,14,23,24.6,2016.6758373450452,54
5298,36.41435,-96.91226,2.068,1.43779,-10788223.434825335,4357786.101005012,2016,9,3,14,31,8.0,2016.6758520293051,53
5303,36.41435,-96.91226,2.068,2.41447,-10788223.434825335,4357786.101005012,2016,9,3,14,43,5.9,2016.6758747781835,53
5305,36.41277,-96.87357,5.117,3.26069,-10783916.483726542,4357567.543605629,2016,9,3,14,48,10.65,2016.6758844351282,56
5311,36.41435,-96.91226,2.068,2.3,-10788223.434825335,4357786.101005012,2016,9,3,15,6,30.0,2016.6759192714276,53
5317,36.41104,-96.86803,2.646,1.90544,-10783299.773747548,4357328.242184638,2016,9,3,15,23,42.72,2016.6759519963496,56
5319,36.44185,-96.89463,5.261,2.59688,-10786260.87220265,4361590.818772906,2016,9,3,15,27,54.93,2016.6759599884022,50
5324,36.43439,-96.90501,4.238,1.85473,-10787416.368517084,4360558.569382019,2016,9,3,15,46,21.2,2016.675995043983,59
5328,36.4128,-96.88873,1.47,1.88765,-10785604.087206967,4357571.693388264,2016,9,3,16,1,13.22,2016.6760233103912,54
5330,36.42384,-96.91783,4.96,1.71264,-10788843.484389052,4359098.922234033,2016,9,3,16,18,49.22,2016.6760567730119,52
5334,36.43614,-96.90292,4.202,1.90829,-10787183.710781325,4360800.710130046,2016,9,3,16,39,0.47,2016.6760951552083,59
5338,36.39153,-96.93653,4.186,1.51987,-10790925.158866888,4354629.899612109,2016,9,3,17,24,55.37,2016.6761824527214,15
5340,36.43481,-96.90523,4.229,1.40805,-10787440.858805059,4360616.682663627,2016,9,3,17,31,14.35,2016.676194461873,59
5343,36.39153,-96.93653,4.186,1.6688,-10790925.158866888,4354629.899612109,2016,9,3,17,41,54.55,2016.6762147485867,15
5344,36.39153,-96.93653,4.186,2.3,-10790925.158866888,4354629.899612109,2016,9,3,17,45,53.0,2016.6762223046112,15
5345,36.41095,-96.86875,3.876,2.1497,-10783379.92378092,4357315.793123604,2016,9,3,17,49,15.58,2016.676228723984,56
5346,36.39153,-96.93653,4.186,2.43823,-10790925.158866888,4354629.899612109,2016,9,3,17,50,2.7,2016.6762302171269,15
5348,36.40871,-96.87725,3.568,1.76622,-10784326.139452662,4357005.954473207,2016,9,3,17,58,0.27,2016.6762453504068,56
5349,36.41095,-96.86875,3.876,2.05803,-10783379.92378092,4357315.793123604,2016,9,3,17,59,29.03,2016.6762481630415,56
5351,36.41095,-96.86875,3.876,2.00218,-10783379.92378092,4357315.793123604,2016,9,3,18,31,20.28,2016.6763087268994,56
5352,36.31627,-96.96784,6.846,1.93917,-10794410.572123624,4344227.357013617,2016,9,3,18,50,55.98,2016.6763459825843,11
5354,36.43982,-96.89396,6.255,1.90767,-10786186.28814382,4361309.915344723,2016,9,3,19,10,37.43,2016.6763834204755,50
5357,36.41875,-96.88095,8.144,2.02176,-10784738.021568596,4358394.765294726,2016,9,3,19,29,16.62,2016.6764188854665,55
5358,36.41095,-96.86875,3.876,2.17392,-10783379.92378092,4357315.793123604,2016,9,3,19,32,38.23,2016.676425274102,56
5362,36.41815,-96.89602,6.244,2.3,-10786415.60629485,4358311.763588349,2016,9,3,19,54,32.0,2016.676466904961,54
5364,36.3162,-96.96617,8.477,1.8763,-10794224.668574,4344217.686194123,2016,9,3,20,16,2.23,2016.6765077898826,11
5365,36.41875,-96.88095,8.144,1.98582,-10784738.021568596,4358394.765294726,2016,9,3,20,26,33.44,2016.6765277917204,55
5366,36.41875,-96.88095,8.144,2.48819,-10784738.021568596,4358394.765294726,2016,9,3,20,28,45.62,2016.676531980252,55
5368,36.3162,-96.96617,8.477,2.8,-10794224.668574,4344217.686194123,2016,9,3,20,35,11.0,2016.6765441922073,11
5369,36.43982,-96.89396,6.255,1.94091,-10786186.28814382,4361309.915344723,2016,9,3,20,40,0.35,2016.6765533611556,50
5371,36.31181,-96.97253,5.254,3.0,-10794932.660535445,4343611.2050062325,2016,9,3,20,50,24.0,2016.6765731234314,11
5374,36.42138,-96.91794,5.062,1.92525,-10788855.72953304,4358758.597007207,2016,9,3,21,8,33.73,2016.6766076548913,52
5382,36.41713,-96.91535,5.389,2.23596,-10788567.412051886,4358170.662159161,2016,9,3,22,12,1.57,2016.6767283180598,52
5385,36.39153,-96.93653,4.186,1.68965,-10790925.158866888,4354629.899612109,2016,9,3,22,40,36.75,2016.6767826688342,15
5386,36.39153,-96.93653,4.186,1.64497,-10790925.158866888,4354629.899612109,2016,9,3,22,59,19.0,2016.6768182307908,15
5388,36.3162,-96.96617,8.477,1.89016,-10794224.668574,4344217.686194123,2016,9,3,23,15,4.43,2016.6768481896595,11
5391,36.31611,-96.96667,6.588,2.49885,-10794280.328319397,4344205.252296106,2016,9,3,23,41,36.2,2016.676898629807,11
5392,36.32021,-96.96414,6.578,1.98612,-10793998.69000769,4344771.699998067,2016,9,3,23,47,30.22,2016.676909848024,11
5393,36.41095,-96.86875,3.876,1.88656,-10783379.92378092,4357315.793123604,2016,9,3,23,52,29.9,2016.6769193443101,56
5397,36.40932,-96.88664,4.096,1.77462,-10785371.429471212,4357090.329291937,2016,9,4,0,43,8.27,2016.6770156244454,54
5399,36.41628,-96.89044,3.776,2.21529,-10785794.443536226,4358053.07905041,2016,9,4,1,5,35.8,2016.6770583250943,54
5401,36.31834,-96.96667,7.029,1.64728,-10794280.328319397,4344513.3408871,2016,9,4,1,16,55.62,2016.6770798672903,11
5404,36.43982,-96.89396,6.255,2.7,-10786186.28814382,4361309.915344723,2016,9,4,1,41,11.0,2016.6771259854995,50
5405,36.42138,-96.91794,5.062,1.74363,-10788855.72953304,4358758.597007207,2016,9,4,1,46,31.78,2016.6771361504043,52
5411,36.31804,-96.96442,4.428,2.9,-10794029.859465113,4344471.8934783405,2016,9,4,2,43,59.0,2016.6772453862145,11
5412,36.42698,-96.91821,8.602,1.96572,-10788885.785795555,4359533.336766027,2016,9,4,2,50,53.45,2016.6772585193423,52
5413,36.42271,-96.91998,5.878,1.87219,-10789082.821294257,4358942.592640625,2016,9,4,2,52,3.25,2016.677260731171,52
5414,36.31804,-96.96442,4.428,2.12246,-10794029.859465113,4344471.8934783405,2016,9,4,2,56,21.25,2016.6772689066977,11
5415,36.32021,-96.96414,6.578,2.7,-10793998.69000769,4344771.699998067,2016,9,4,3,1,48.0,2016.6772792607803,11
5416,36.41775,-96.88996,3.551,3.1,-10785741.010180645,4358256.429473681,2016,9,4,3,15,56.0,2016.6773061322788,54
5417,36.31834,-96.96667,7.029,2.21781,-10794280.328319397,4344513.3408871,2016,9,4,3,22,17.25,2016.6773182133622,11
5418,36.40942,-96.81851,4.466,2.5,-10777787.232563466,4357104.16129264,2016,9,4,3,26,41.0,2016.6773265710954,19
5422,36.31804,-96.96442,4.428,1.656,-10794029.859465113,4344471.8934783405,2016,9,4,3,39,26.6,2016.6773508314955,11
5424,36.41734,-96.89167,4.466,1.68734,-10785931.366509901,4358199.712301916,2016,9,4,3,59,33.52,2016.6773890764823,54
5426,36.31953,-96.96503,5.972,3.2,-10794097.764354495,4344677.750513262,2016,9,4,4,20,28.0,2016.6774288285549,11
5427,36.31834,-96.96667,7.029,1.91645,-10794280.328319397,4344513.3408871,2016,9,4,4,27,17.17,2016.6774417943698,11
5428,36.31691,-96.965,6.767,2.27053,-10794094.424769772,4344315.776337375,2016,9,4,4,27,54.12,2016.6774429652446,11
5429,36.3173,-96.96794,6.84,2.03683,-10794421.704072703,4344369.6572187655,2016,9,4,4,29,3.87,2016.6774451754886,11
5430,36.3126,-96.9733,5.961,2.7,-10795018.376543354,4343720.341470066,2016,9,4,4,33,30.0,2016.6774536086396,11
5431,36.31804,-96.96442,4.428,2.37121,-10794029.859465113,4344471.8934783405,2016,9,4,4,35,14.0,2016.6774569042007,11
5432,36.41829,-96.9166,4.128,2.00808,-10788706.561415378,4358331.1305958135,2016,9,4,4,48,33.4,2016.6774822356579,52
5435,36.31804,-96.96442,4.428,2.10777,-10794029.859465113,4344471.8934783405,2016,9,4,4,53,56.25,2016.6774924661572,11
5436,36.41875,-96.88095,8.144,2.05747,-10784738.021568596,4358394.765294726,2016,9,4,4,58,4.55,2016.6775003343093,55
5437,36.31691,-96.965,6.767,2.60826,-10794094.424769772,4344315.776337375,2016,9,4,5,2,9.85,2016.6775081073972,11
5439,36.31718,-96.96596,6.318,1.89882,-10794201.291480934,4344353.078457316,2016,9,4,5,6,27.62,2016.6775162756358,11
5442,36.31627,-96.96784,6.846,2.36097,-10794410.572123624,4344227.357013617,2016,9,4,5,14,45.6,2016.6775320556696,11
5444,36.31804,-96.96442,4.428,2.065,-10794029.859465113,4344471.8934783405,2016,9,4,5,25,28.57,2016.6775524301595,11
5446,36.41104,-96.86803,2.646,2.01029,-10783299.773747548,4357328.242184638,2016,9,4,5,33,3.95,2016.6775668602809,56
5451,36.4236,-96.91489,5.345,1.57196,-10788516.205086121,4359065.719298245,2016,9,4,5,50,48.5,2016.6776005938348,52
5453,36.41147,-96.86867,3.531,2.34259,-10783371.018221656,4357387.721230886,2016,9,4,6,2,34.4,2016.6776229624559,56
5455,36.32021,-96.96414,6.578,1.62784,-10793998.69000769,4344771.699998067,2016,9,4,6,14,25.9,2016.6776455085305,11
5456,36.3162,-96.96617,8.477,2.44143,-10794224.668574,4344217.686194123,2016,9,4,6,29,58.35,2016.677675056088,11
5457,36.31718,-96.96596,6.318,2.13007,-10794201.291480934,4344353.078457316,2016,9,4,6,33,20.15,2016.677681450744,11
5459,36.40932,-96.88664,4.096,1.73612,-10785371.429471212,4357090.329291937,2016,9,4,6,55,6.0,2016.6777228306335,54
5461,36.31691,-96.965,6.767,1.81334,-10794094.424769772,4344315.776337375,2016,9,4,7,8,1.55,2016.67774740633,11
5465,36.40942,-96.81851,4.466,1.92234,-10777787.232563466,4357104.16129264,2016,9,4,7,28,34.9,2016.6777864888331,19
5466,36.40942,-96.81851,4.466,2.31543,-10777787.232563466,4357104.16129264,2016,9,4,7,29,26.4,2016.6777881207697,19
5467,36.42384,-96.91783,4.96,1.58776,-10788843.484389052,4359098.922234033,2016,9,4,7,34,5.92,2016.677796978224,52
5468,36.3126,-96.9733,5.961,2.35492,-10795018.376543354,4343720.341470066,2016,9,4,7,37,23.27,2016.677803231868,11
5469,36.31804,-96.96442,4.428,2.43787,-10794029.859465113,4344471.8934783405,2016,9,4,7,41,37.87,2016.6778112996553,11
5470,36.41147,-96.86867,3.531,1.47345,-10783371.018221656,4357387.721230886,2016,9,4,7,46,36.2,2016.6778207531625,56
5471,36.41104,-96.86803,2.646,1.75318,-10783299.773747548,4357328.242184638,2016,9,4,7,57,9.3,2016.677840814891,56
5473,36.41095,-96.86875,3.876,1.88414,-10783379.92378092,4357315.793123604,2016,9,4,8,13,57.83,2016.677872773278,56
5474,36.39093,-96.93241,3.103,1.91797,-10790466.52256482,4354546.926977808,2016,9,4,8,20,28.42,2016.6778851503284,15
5476,36.31804,-96.96442,4.428,2.77813,-10794029.859465113,4344471.8934783405,2016,9,4,8,33,23.43,2016.6779097089131,11
5478,36.31691,-96.965,6.767,2.32661,-10794094.424769772,4344315.776337375,2016,9,4,8,34,45.25,2016.6779123016327,11
5480,36.31834,-96.96667,7.029,1.99065,-10794280.328319397,4344513.3408871,2016,9,4,8,39,17.59,2016.6779209315664,11
5481,36.31691,-96.965,6.767,2.22288,-10794094.424769772,4344315.776337375,2016,9,4,8,40,49.35,2016.6779238392653,11
5483,36.40871,-96.87725,3.568,1.63804,-10784326.139452662,4357005.954473207,2016,9,4,9,36,29.82,2016.678029692372,56
5484,36.417,-96.8655,3.977,2.7,-10783018.13543584,4358152.678776818,2016,9,4,9,52,59.42,2016.6780610509038,57
5485,36.31691,-96.965,6.767,2.01805,-10794094.424769772,4344315.776337375,2016,9,4,9,53,49.4,2016.6780626346745,11
5487,36.41815,-96.89602,6.244,1.92558,-10786415.60629485,4358311.763588349,2016,9,4,10,26,58.83,2016.6781256759068,54
5488,36.41095,-96.86875,3.876,1.86222,-10783379.92378092,4357315.793123604,2016,9,4,10,31,5.81,2016.6781335022308,56
5489,36.3173,-96.96794,6.84,1.96079,-10794421.704072703,4344369.6572187655,2016,9,4,10,31,58.14,2016.6781351604684,11
5491,36.41147,-96.86867,3.531,2.20002,-10783371.018221656,4357387.721230886,2016,9,4,10,40,22.45,2016.678151141088,56
5492,36.39093,-96.93241,3.103,1.41906,-10790466.52256482,4354546.926977808,2016,9,4,10,47,5.17,2016.6781639025148,15
5493,36.41095,-96.86875,3.876,1.83087,-10783379.92378092,4357315.793123604,2016,9,4,10,56,3.03,2016.6781809462698,56
5495,36.41537,-96.91637,3.351,1.44639,-10788680.957932495,4357927.197383794,2016,9,4,11,43,49.55,2016.678271780807,52
5496,36.41537,-96.91637,3.351,1.65498,-10788680.957932495,4357927.197383794,2016,9,4,11,47,28.15,2016.6782787078232,52
5497,36.41887,-96.89477,5.784,2.24876,-10786276.45693136,4358411.365712951,2016,9,4,11,52,37.0,2016.678288494689,54
5501,36.41887,-96.89477,5.784,2.9,-10786276.45693136,4358411.365712951,2016,9,4,12,16,46.0,2016.6783344107282,54
5503,36.4236,-96.91489,5.345,1.66888,-10788516.205086121,4359065.719298245,2016,9,4,12,26,18.0,2016.6783525363146,52
5505,36.41612,-96.89163,4.508,1.85996,-10785926.913730271,4358030.945903263,2016,9,4,12,49,34.43,2016.678396786511,54
5506,36.4128,-96.88873,1.47,3.0,-10785604.087206967,4357571.693388264,2016,9,4,12,56,4.0,2016.6784091312393,54
5508,36.4128,-96.88873,1.47,1.96049,-10785604.087206967,4357571.693388264,2016,9,4,13,1,28.78,2016.6784194228965,54
5509,36.3126,-96.9733,5.961,2.75734,-10795018.376543354,4343720.341470066,2016,9,4,13,6,10.9,2016.6784283627399,11
5510,36.3126,-96.9733,5.961,2.23406,-10795018.376543354,4343720.341470066,2016,9,4,13,8,51.0,2016.6784334360027,11
5519,36.41612,-96.89163,4.508,2.10872,-10785926.913730271,4358030.945903263,2016,9,4,15,48,20.2,2016.6787366656527,54
5522,36.40932,-96.88664,4.096,1.31291,-10785371.429471212,4357090.329291937,2016,9,4,16,32,31.02,2016.6788206650697,54
5524,36.41628,-96.89044,3.776,2.21771,-10785794.443536226,4358053.07905041,2016,9,4,16,55,26.87,2016.6788642631252,54
5525,36.40932,-96.88664,4.096,1.34363,-10785371.429471212,4357090.329291937,2016,9,4,17,19,10.12,2016.6789093631962,54
5526,36.41198,-96.86829,6.232,2.6,-10783328.716815153,4357458.266573022,2016,9,4,18,8,11.0,2016.67900255406,56
5527,36.42031,-96.91531,5.226,1.8843,-10788562.959272254,4358610.572732471,2016,9,4,18,17,51.87,2016.6790209607195,52
5528,36.31834,-96.96667,7.029,1.86691,-10794280.328319397,4344513.3408871,2016,9,4,18,43,35.27,2016.679069868114,11
5529,36.41147,-96.86867,3.531,1.5178,-10783371.018221656,4357387.721230886,2016,9,4,18,50,50.63,2016.6790836638402,56
5530,36.40932,-96.88664,4.096,1.34616,-10785371.429471212,4357090.329291937,2016,9,4,18,56,56.52,2016.6790952581946,54
5531,36.41537,-96.91637,3.351,1.50332,-10788680.957932495,4357927.197383794,2016,9,4,19,1,26.1,2016.6791038006693,52
5532,36.40871,-96.87725,3.568,1.35482,-10784326.139452662,4357005.954473207,2016,9,4,19,18,10.07,2016.6791356145588,56
5534,36.40932,-96.88664,4.096,1.4598,-10785371.429471212,4357090.329291937,2016,9,4,19,35,57.77,2016.6791694479302,54
5535,36.41169,-96.88684,4.059,1.7145,-10785393.69336937,4357418.152498142,2016,9,4,20,16,24.07,2016.6792463327376,54
5536,36.40871,-96.87725,3.568,1.3174,-10784326.139452662,4357005.954473207,2016,9,4,20,31,16.42,2016.6792746096028,56
5537,36.41537,-96.91637,3.351,1.78725,-10788680.957932495,4357927.197383794,2016,9,4,20,36,0.4,2016.679283608386,52
5538,36.40871,-96.87725,3.568,2.13084,-10784326.139452662,4357005.954473207,2016,9,4,21,8,13.79,2016.679344873818,56
5540,36.41797,-96.91599,4.224,1.5629,-10788638.656525994,4358286.86320148,2016,9,4,21,56,56.22,2016.6794374800365,52
5541,36.31804,-96.96442,4.428,1.65371,-10794029.859465113,4344471.8934783405,2016,9,4,22,41,48.57,2016.6795227954597,11
5542,36.40871,-96.87725,3.568,1.58161,-10784326.139452662,4357005.954473207,2016,9,4,23,2,51.67,2016.6795628206835,56
5546,36.40871,-96.87725,3.568,1.55087,-10784326.139452662,4357005.954473207,2016,9,5,0,20,1.67,2016.67970953653,56
5547,36.40864,-96.87858,3.017,2.38602,-10784474.194375416,4356996.272159332,2016,9,5,0,21,12.83,2016.6797117914543,56
5552,36.31718,-96.96596,6.318,1.62913,-10794201.291480934,4344353.078457316,2016,9,5,1,30,10.17,2016.6798428958475,11
5554,36.3173,-96.96794,6.84,2.08664,-10794421.704072703,4344369.6572187655,2016,9,5,2,13,14.37,2016.679924784204,11
5556,36.31718,-96.96596,6.318,1.78448,-10794201.291480934,4344353.078457316,2016,9,5,2,49,48.35,2016.6799943072351,11
5557,36.43229,-96.90783,4.435,2.03562,-10787730.289481122,4360268.007690784,2016,9,5,2,53,23.44,2016.680001123026,59
5558,36.41537,-96.91637,3.351,1.9828,-10788680.957932495,4357927.197383794,2016,9,5,2,56,35.58,2016.680007211575,52
5559,36.3126,-96.9733,5.961,1.93042,-10795018.376543354,4343720.341470066,2016,9,5,3,30,18.7,2016.6800713203793,11
5561,36.42384,-96.91783,4.96,1.59681,-10788843.484389052,4359098.922234033,2016,9,5,4,1,26.65,2016.6801305121428,52
5562,36.41435,-96.91226,2.068,1.38236,-10788223.434825335,4357786.101005012,2016,9,5,4,45,35.87,2016.680214460859,53
5563,36.42384,-96.91783,4.96,1.72863,-10788843.484389052,4359098.922234033,2016,9,5,5,15,6.53,2016.6802705696884,52
5565,36.41797,-96.91599,4.224,1.57995,-10788638.656525994,4358286.86320148,2016,9,5,6,17,10.63,2016.6803885792963,52
5567,36.40864,-96.87858,3.017,2.17077,-10784474.194375416,4356996.272159332,2016,9,5,7,1,13.8,2016.6804723362993,56
5568,36.41612,-96.89163,4.508,1.55439,-10785926.913730271,4358030.945903263,2016,9,5,7,18,11.45,2016.6805045836818,54
5569,36.41815,-96.89602,6.244,1.74315,-10786415.60629485,4358311.763588349,2016,9,5,8,28,59.9,2016.6806392089386,54
5570,36.40555,-96.88866,2.763,2.1157,-10785596.294842612,4356568.875853041,2016,9,5,8,55,48.55,2016.6806901839811,54
5571,36.31611,-96.96667,6.588,2.08507,-10794280.328319397,4344205.252296106,2016,9,5,10,6,23.52,2016.6808243820824,11
5573,36.4128,-96.88873,1.47,2.1237,-10785604.087206967,4357571.693388264,2016,9,5,10,24,54.5,2016.680859586914,54
5575,36.42031,-96.91531,5.226,2.9,-10788562.959272254,4358610.572732471,2016,9,5,11,0,55.0,2016.680928049028,52
5576,36.4222,-96.9091,5.401,1.8379,-10787871.665234426,4358872.03755152,2016,9,5,11,34,38.96,2016.6809921844501,51
5585,36.41815,-96.89602,6.244,2.25279,-10786415.60629485,4358311.763588349,2016,9,5,18,22,53.08,2016.6817683562756,54
5586,36.41815,-96.89602,6.244,1.80438,-10786415.60629485,4358311.763588349,2016,9,5,18,55,58.8,2016.6818312799453,54
5589,36.31718,-96.96596,6.318,1.47471,-10794201.291480934,4344353.078457316,2016,9,5,20,41,36.48,2016.6820321089056,11
5590,36.41537,-96.91637,3.351,2.72026,-10788680.957932495,4357927.197383794,2016,9,5,21,30,55.52,2016.682125875225,52
5592,36.41875,-96.88095,8.144,1.98625,-10784738.021568596,4358394.765294726,2016,9,5,22,31,8.17,2016.6822403531955,55
5595,36.42138,-96.91794,5.062,1.75539,-10788855.72953304,4358758.597007207,2016,9,6,0,55,39.95,2016.6825151453215,52
5596,36.41815,-96.89602,6.244,1.49313,-10786415.60629485,4358311.763588349,2016,9,6,0,56,48.72,2016.6825173245113,54
5598,36.31691,-96.965,6.767,2.07121,-10794094.424769772,4344315.776337375,2016,9,6,1,16,55.15,2016.682555553971,11
5599,36.35486,-97.09082,10.354,1.90975,-10808100.64310138,4349560.064519873,2016,9,6,1,27,42.42,2016.6825760647198,10
5601,36.32021,-96.96414,6.578,1.76235,-10793998.69000769,4344771.699998067,2016,9,6,2,24,44.32,2016.6826844981874,11
5602,36.31804,-96.96442,4.428,1.8385,-10794029.859465113,4344471.8934783405,2016,9,6,2,33,5.3,2016.6827003732856,11
5604,36.4236,-96.91489,5.345,2.01562,-10788516.205086121,4359065.719298245,2016,9,6,3,51,35.88,2016.6828496425583,52
5607,36.31718,-96.96596,6.318,1.57373,-10794201.291480934,4344353.078457316,2016,9,6,5,32,0.55,2016.6830405528303,11
5612,36.4222,-96.9091,5.401,2.20989,-10787871.665234426,4358872.03755152,2016,9,6,8,24,31.48,2016.6833685540091,51
5613,36.41147,-96.86867,3.531,1.74646,-10783371.018221656,4357387.721230886,2016,9,6,8,27,47.67,2016.6833747708952,56
5614,36.40932,-96.88664,4.096,1.6109,-10785371.429471212,4357090.329291937,2016,9,6,10,1,13.47,2016.6835524079777,54
5615,36.41147,-96.86867,3.531,1.62945,-10783371.018221656,4357387.721230886,2016,9,6,10,7,9.37,2016.6835636857681,56
5617,36.38294,-96.93657,6.715,2.61369,-10790929.611646518,4353442.0691016745,2016,9,6,11,51,36.6,2016.6837622823027,15
5618,36.41147,-96.86867,3.531,2.4,-10783371.018221656,4357387.721230886,2016,9,6,12,1,24.0,2016.6837808958855,56
5619,36.41612,-96.89163,4.508,1.68063,-10785926.913730271,4358030.945903263,2016,9,6,12,50,54.5,2016.6838750253505,54
5620,36.41797,-96.91599,4.224,1.7339,-10788638.656525994,4358286.86320148,2016,9,6,13,11,6.93,2016.6839134449388,52
5621,36.41797,-96.91599,4.224,1.65881,-10788638.656525994,4358286.86320148,2016,9,6,13,29,55.48,2016.6839492065303,52
5622,36.31718,-96.96596,6.318,1.63361,-10794201.291480934,4344353.078457316,2016,9,6,13,47,1.58,2016.6839817216771,11
5623,36.31718,-96.96596,6.318,1.96221,-10794201.291480934,4344353.078457316,2016,9,6,13,47,45.2,2016.6839831039115,11
5624,36.41478,-96.88863,4.256,1.30231,-10785592.95525789,4357845.58258584,2016,9,6,14,24,59.12,2016.6840538925646,54
5627,36.43946,-96.89478,3.927,1.74024,-10786277.570126267,4361260.100725574,2016,9,6,16,19,44.05,2016.684272062831,50
5628,36.4128,-96.88873,1.47,1.71267,-10785604.087206967,4357571.693388264,2016,9,6,16,38,44.72,2016.6843082084822,54
5629,36.38294,-96.93657,6.715,2.9,-10790929.611646518,4353442.0691016745,2016,9,6,17,13,48.0,2016.6843748574036,15
5630,36.38294,-96.93657,6.715,2.11847,-10790929.611646518,4353442.0691016745,2016,9,6,17,19,5.25,2016.6843849104494,15
5631,36.41713,-96.91535,5.389,1.76255,-10788567.412051886,4358170.662159161,2016,9,6,17,25,42.92,2016.6843975118513,52
5632,36.38294,-96.93657,6.715,2.26829,-10790929.611646518,4353442.0691016745,2016,9,6,17,27,58.6,2016.684401811291,15
5633,36.40932,-96.88664,4.096,1.41093,-10785371.429471212,4357090.329291937,2016,9,6,18,14,32.19,2016.6844903348162,54
5634,36.31611,-96.96667,6.588,1.84071,-10794280.328319397,4344205.252296106,2016,9,6,20,21,20.02,2016.6847314124016,11
5635,36.31611,-96.96667,6.588,1.86604,-10794280.328319397,4344205.252296106,2016,9,6,20,31,2.79,2016.6847498792683,11
5637,36.31691,-96.965,6.767,2.7,-10794094.424769772,4344315.776337375,2016,9,6,20,52,57.0,2016.6847915240703,11
5638,36.31627,-96.96784,6.846,2.17635,-10794410.572123624,4344227.357013617,2016,9,6,21,7,24.03,2016.684818998593,11
5639,36.40555,-96.88866,2.763,1.80275,-10785596.294842612,4356568.875853041,2016,9,6,23,17,48.97,2016.685066955979,54
5643,36.43946,-96.89478,3.927,1.79177,-10786277.570126267,4361260.100725574,2016,9,7,0,46,34.77,2016.685235720397,50
5645,36.31691,-96.965,6.767,2.01227,-10794094.424769772,4344315.776337375,2016,9,7,2,39,42.12,2016.6854507985397,11
5646,36.43082,-96.91106,4.376,2.03865,-10788089.851436384,4360064.619184117,2016,9,7,2,43,0.88,2016.6854570968642,58
5647,36.4222,-96.9091,5.401,1.74956,-10787871.665234426,4358872.03755152,2016,9,7,3,6,50.96,2016.6855024133647,51
5648,36.4222,-96.9091,5.401,2.7,-10787871.665234426,4358872.03755152,2016,9,7,3,11,55.0,2016.685512047811,51
5649,36.41797,-96.91599,4.224,2.07332,-10788638.656525994,4358286.86320148,2016,9,7,3,14,9.45,2016.6855163082744,52
5651,36.40555,-96.88866,2.763,1.75172,-10785596.294842612,4356568.875853041,2016,9,7,4,30,11.9,2016.6856608835906,54
5652,36.43082,-96.91106,4.376,2.15777,-10788089.851436384,4360064.619184117,2016,9,7,4,41,22.35,2016.685682128869,58
5653,36.31834,-96.96667,7.029,1.62278,-10794280.328319397,4344513.3408871,2016,9,7,4,44,6.42,2016.6856873279337,11
5656,36.43082,-96.91106,4.376,1.96521,-10788089.851436384,4360064.619184117,2016,9,7,7,43,49.58,2016.6860290256548,58
5657,36.39093,-96.93241,3.103,1.3642,-10790466.52256482,4354546.926977808,2016,9,7,7,53,43.99,2016.686047861371,15
5660,36.41815,-96.89602,6.244,1.72655,-10786415.60629485,4358311.763588349,2016,9,7,10,5,5.8,2016.6862976208583,54
5661,36.41612,-96.89163,4.508,1.48066,-10785926.913730271,4358030.945903263,2016,9,7,10,16,44.78,2016.686319770198,54
5662,36.41815,-96.89602,6.244,1.44404,-10786415.60629485,4358311.763588349,2016,9,7,10,26,0.85,2016.686337390993,54
5663,36.31804,-96.96442,4.428,1.72951,-10794029.859465113,4344471.8934783405,2016,9,7,11,14,18.12,2016.686429199939,11
5664,36.41478,-96.88863,4.256,2.6,-10785592.95525789,4357845.58258584,2016,9,7,11,17,39.0,2016.6864355654423,54
5665,36.41478,-96.88863,4.256,1.20624,-10785592.95525789,4357845.58258584,2016,9,7,11,26,29.05,2016.6864523617132,54
5666,36.42341,-96.91774,4.357,2.28605,-10788833.46563488,4359039.433713528,2016,9,7,11,40,6.0,2016.6864782492964,52
5667,36.41478,-96.88863,4.256,1.97448,-10785592.95525789,4357845.58258584,2016,9,7,12,18,55.75,2016.6865520746192,54
5668,36.43946,-96.89478,3.927,1.78554,-10786277.570126267,4361260.100725574,2016,9,7,12,23,57.88,2016.686561648541,50
5670,36.43229,-96.90783,4.435,1.99624,-10787730.289481122,4360268.007690784,2016,9,7,15,36,48.22,2016.686928290491,59
5671,36.43229,-96.90783,4.435,1.89997,-10787730.289481122,4360268.007690784,2016,9,7,15,40,0.47,2016.686934382526,59
5672,36.41348,-96.89058,5.0,1.7425,-10785810.028264936,4357665.755557873,2016,9,7,18,15,31.62,2016.6872300688265,54
5673,36.31691,-96.965,6.767,2.03787,-10794094.424769772,4344315.776337375,2016,9,7,18,48,16.93,2016.6872923457424,11
5677,36.4128,-96.88873,1.47,2.10895,-10785604.087206967,4357571.693388264,2016,9,7,22,30,32.17,2016.6877149139984,54
5682,36.41147,-96.86867,3.531,1.76045,-10783371.018221656,4357387.721230886,2016,9,8,0,10,47.85,2016.6879055393947,56
5690,36.31569,-96.97282,5.0,1.44346,-10794964.943187775,4344147.227628499,2016,9,8,4,11,23.5,2016.6883629775396,11
5691,36.31611,-96.96667,6.588,1.7464,-10794280.328319397,4344205.252296106,2016,9,8,4,34,40.92,2016.6884072591072,11
5710,36.42384,-96.91783,4.96,3.17936,-10788843.484389052,4359098.922234033,2016,9,8,17,17,25.55,2016.6898574527213,52
5715,36.38294,-96.93657,6.715,2.39718,-10790929.611646518,4353442.0691016745,2016,9,8,22,32,26.93,2016.6904564013107,15
5716,36.32676,-96.78627,5.0,2.1,-10774198.29218029,4345676.696571438,2016,9,9,1,37,24.15,2016.6908080509925,5
5724,36.41815,-96.89602,6.244,1.7189,-10786415.60629485,4358311.763588349,2016,9,9,4,9,30.42,2016.6910972450376,54
5727,36.40932,-96.88664,4.096,1.58212,-10785371.429471212,4357090.329291937,2016,9,9,6,5,38.85,2016.6913180612594,54
5733,36.41829,-96.9166,4.128,2.02269,-10788706.561415378,4358331.1305958135,2016,9,9,11,27,9.08,2016.6919293317617,52
5735,36.31611,-96.96667,6.588,2.7,-10794280.328319397,4344205.252296106,2016,9,9,16,22,26.0,2016.6924907470784,11
5737,36.31627,-96.96784,6.846,3.7,-10794410.572123624,4344227.357013617,2016,9,9,17,31,40.0,2016.692622379395,11
5738,36.39093,-96.93241,3.103,1.82069,-10790466.52256482,4354546.926977808,2016,9,9,18,2,29.74,2016.6926809941187,15
5739,36.31611,-96.96667,6.588,1.8368,-10794280.328319397,4344205.252296106,2016,9,9,18,4,45.07,2016.6926852824677,11
5742,36.38294,-96.93657,6.715,2.37306,-10790929.611646518,4353442.0691016745,2016,9,9,18,53,8.05,2016.6927772723527,15
5743,36.38294,-96.93657,6.715,2.01905,-10790929.611646518,4353442.0691016745,2016,9,9,19,10,46.95,2016.692810826869,15
5744,36.43946,-96.89478,3.927,2.00688,-10786277.570126267,4361260.100725574,2016,9,9,19,49,17.6,2016.692884046949,50
5746,36.40555,-96.88866,2.763,2.4301,-10785596.294842612,4356568.875853041,2016,9,9,21,57,2.13,2016.6931269212487,54
5747,36.40555,-96.88866,2.763,3.30396,-10785596.294842612,4356568.875853041,2016,9,9,22,36,48.58,2016.693202543286,54
5748,36.40555,-96.88866,2.763,2.00679,-10785596.294842612,4356568.875853041,2016,9,9,22,49,55.5,2016.693227479276,54
5752,36.40555,-96.88866,2.763,1.86882,-10785596.294842612,4356568.875853041,2016,9,10,2,10,38.63,2016.693609103037,54
5755,36.31718,-96.96596,6.318,2.17655,-10794201.291480934,4344353.078457316,2016,9,10,3,11,16.23,2016.6937243716252,11
5760,36.42031,-96.91531,5.226,2.7367,-10788562.959272254,4358610.572732471,2016,9,10,7,31,21.9,2016.6942188854666,52
5762,36.42138,-96.91794,5.062,2.11381,-10788855.72953304,4358758.597007207,2016,9,10,9,34,40.67,2016.69445333834,52
5765,36.40932,-96.88664,4.096,1.61472,-10785371.429471212,4357090.329291937,2016,9,10,10,33,7.05,2016.6945644488173,54
5766,36.31834,-96.96667,7.029,1.55559,-10794280.328319397,4344513.3408871,2016,9,10,10,38,23.57,2016.694574478731,11
5767,36.40932,-96.88664,4.096,1.50776,-10785371.429471212,4357090.329291937,2016,9,10,11,20,7.39,2016.694653819999,54
5768,36.43946,-96.89478,3.927,1.76762,-10786277.570126267,4361260.100725574,2016,9,10,12,57,27.1,2016.6948388692422,50
5769,36.43946,-96.89478,3.927,1.73806,-10786277.570126267,4361260.100725574,2016,9,10,13,2,49.55,2016.6948490870661,50
5770,36.39093,-96.93241,3.103,1.81725,-10790466.52256482,4354546.926977808,2016,9,10,13,42,13.99,2016.6949240116485,15
5774,36.3162,-96.96617,8.477,2.37942,-10794224.668574,4344217.686194123,2016,9,10,20,40,18.4,2016.6957188886354,11
5775,36.4413,-96.88432,4.095,1.61032,-10785113.16825257,4361514.7112069735,2016,9,10,21,4,55.87,2016.6957657068344,61
5776,36.4222,-96.9091,5.401,1.83052,-10787871.665234426,4358872.03755152,2016,9,10,22,28,16.11,2016.6959241548786,51
5777,36.41713,-96.91535,5.389,1.80315,-10788567.412051886,4358170.662159161,2016,9,11,0,35,8.59,2016.6961653798135,52
5778,36.43946,-96.89478,3.927,1.70305,-10786277.570126267,4361260.100725574,2016,9,11,0,38,58.33,2016.6961726598347,50
5779,36.35714,-97.09135,7.498,1.27145,-10808159.642431503,4349875.217767743,2016,9,11,1,18,21.66,2016.6962475492433,10
5781,36.43946,-96.89478,3.927,1.61185,-10786277.570126267,4361260.100725574,2016,9,11,3,9,8.13,2016.6964581631682,50
5784,36.41797,-96.91599,4.224,1.80032,-10788638.656525994,4358286.86320148,2016,9,11,5,58,40.82,2016.6967805162624,52
5787,36.42384,-96.91783,4.96,2.0847,-10788843.484389052,4359098.922234033,2016,9,11,6,50,2.88,2016.6968781808503,52
5788,36.4095,-96.86878,4.195,1.92579,-10783383.263365643,4357115.226906021,2016,9,11,6,52,6.58,2016.6968821006667,56
5790,36.41713,-96.91535,5.389,1.56755,-10788567.412051886,4358170.662159161,2016,9,11,8,40,19.69,2016.6970878549066,52
5792,36.41179,-96.88406,3.403,1.5,-10785084.225184964,4357431.98492084,2016,9,11,9,32,12.0,2016.6971864780592,54
5797,36.40932,-96.88664,4.096,1.75573,-10785371.429471212,4357090.329291937,2016,9,11,18,23,39.19,2016.698196922136,54
5798,36.4489,-96.88838,3.988,1.46425,-10785565.125385191,4362566.427171177,2016,9,11,18,47,34.68,2016.6982424100693,60
5801,36.42384,-96.91783,4.96,1.81538,-10788843.484389052,4359098.922234033,2016,9,12,1,31,16.42,2016.6990099506934,52
5802,36.41277,-96.87357,5.117,1.44913,-10783916.483726542,4357567.543605629,2016,9,12,2,40,56.57,2016.6991424116536,56
5805,36.38642,-96.94259,6.194,1.32542,-10791599.754981095,4353923.269839725,2016,9,12,3,10,41.22,2016.6991989637995,15
5806,36.38642,-96.94259,6.194,1.52129,-10791599.754981095,4353923.269839725,2016,9,12,3,11,23.72,2016.6992003105433,15
5808,36.40932,-96.88664,4.096,2.3,-10785371.429471212,4357090.329291937,2016,9,12,4,13,8.0,2016.6993176920932,54
5810,36.3162,-96.96617,8.477,2.24648,-10794224.668574,4344217.686194123,2016,9,12,5,30,21.12,2016.6994645068066,11
5816,36.41797,-96.91599,4.224,1.55358,-10788638.656525994,4358286.86320148,2016,9,12,7,28,35.3,2016.6996893078053,52
5826,36.42384,-96.91783,4.96,1.686,-10788843.484389052,4359098.922234033,2016,9,12,9,14,39.78,2016.6998909860065,52
5827,36.41169,-96.88684,4.059,1.42236,-10785393.69336937,4357418.152498142,2016,9,12,9,17,42.02,2016.6998967608436,54
5833,36.43082,-96.91106,4.376,2.23497,-10788089.851436384,4360064.619184117,2016,9,12,14,17,43.6,2016.7004671964914,58
5834,36.40932,-96.88664,4.096,1.41857,-10785371.429471212,4357090.329291937,2016,9,12,17,7,47.75,2016.7007905464927,54
5837,36.43082,-96.91106,4.376,3.0,-10788089.851436384,4360064.619184117,2016,9,12,21,39,14.0,2016.701306626613,58
5838,36.43268,-96.9085,4.506,1.5532,-10787804.873539953,4360321.968553333,2016,9,12,23,43,13.65,2016.7015423748953,59
5839,36.31718,-96.96596,6.318,2.8,-10794201.291480934,4344353.078457316,2016,9,12,23,45,1.0,2016.7015457766117,11
5842,36.41713,-96.91535,5.389,1.92366,-10788567.412051886,4358170.662159161,2016,9,13,3,53,3.32,2016.7020173688747,52
5845,36.31718,-96.96596,6.318,1.52523,-10794201.291480934,4344353.078457316,2016,9,13,6,16,49.12,2016.7022907039825,11
5848,36.40932,-96.88664,4.096,1.24015,-10785371.429471212,4357090.329291937,2016,9,13,7,54,41.85,2016.7024767995665,54
5854,36.41612,-96.89163,4.508,1.99674,-10785926.913730271,4358030.945903263,2016,9,13,17,17,22.3,2016.7035466036707,54
5856,36.41612,-96.89163,4.508,1.71972,-10785926.913730271,4358030.945903263,2016,9,13,19,26,28.07,2016.7037920523107,54
5857,36.4236,-96.91489,5.345,1.36516,-10788516.205086121,4359065.719298245,2016,9,13,22,42,30.28,2016.704164774254,52
5860,36.41842,-96.91427,5.0,1.77336,-10788447.18700183,4358349.114276864,2016,9,14,3,49,1.75,2016.7047475647705,52
5862,36.44657,-96.88889,3.621,1.84519,-10785621.898325495,4362243.9822470965,2016,9,14,4,16,7.66,2016.7047990867493,60
5867,36.4236,-96.91489,5.345,2.00064,-10788516.205086121,4359065.719298245,2016,9,14,8,29,2.48,2016.705279947778,52
5872,36.40932,-96.88664,4.096,1.60523,-10785371.429471212,4357090.329291937,2016,9,14,13,57,30.32,2016.7059044515427,54
5873,36.40932,-96.88664,4.096,1.35611,-10785371.429471212,4357090.329291937,2016,9,14,14,37,54.97,2016.7059812840646,54
5874,36.4489,-96.88838,3.988,2.01895,-10785565.125385191,4362566.427171177,2016,9,14,15,38,56.2,2016.7060973014425,60
5875,36.43468,-96.90468,4.005,1.45876,-10787379.63308512,4360598.695185716,2016,9,14,17,10,9.3,2016.7062707335158,59
5876,36.42384,-96.91783,4.96,1.86646,-10788843.484389052,4359098.922234033,2016,9,14,19,12,15.5,2016.7065028867848,52
5877,36.38294,-96.93657,6.715,2.34753,-10790929.611646518,4353442.0691016745,2016,9,14,19,31,2.7,2016.7065386055974,15
5878,36.40932,-96.88664,4.096,1.30664,-10785371.429471212,4357090.329291937,2016,9,14,22,57,16.85,2016.7069307187492,54
5879,36.4197,-96.91738,4.167,1.76101,-10788793.390618196,4358526.185974637,2016,9,14,23,33,41.52,2016.706999946764,52
5880,36.4197,-96.91738,4.167,1.59765,-10788793.390618196,4358526.185974637,2016,9,15,0,31,39.72,2016.707110164271,52
5881,36.40555,-96.88866,2.763,1.86027,-10785596.294842612,4356568.875853041,2016,9,15,0,39,50.43,2016.7071257139326,54
5883,36.31718,-96.96596,6.318,1.44569,-10794201.291480934,4344353.078457316,2016,9,15,3,22,43.62,2016.7074354076356,11
5884,36.43082,-96.91106,4.376,2.59839,-10788089.851436384,4360064.619184117,2016,9,15,4,11,59.42,2016.7075290712855,58
5886,36.41537,-96.91637,3.351,1.40348,-10788680.957932495,4357927.197383794,2016,9,15,4,17,48.63,2016.7075401370826,52
5887,36.35486,-97.09082,10.354,1.69158,-10808100.64310138,4349560.064519873,2016,9,15,4,59,44.5,2016.7076198601922,10
5888,36.38642,-96.94259,6.194,1.33692,-10791599.754981095,4353923.269839725,2016,9,15,5,1,49.22,2016.7076238123304,15
5891,36.41797,-96.91599,4.224,1.65918,-10788638.656525994,4358286.86320148,2016,9,15,7,33,35.63,2016.7079123770502,52
5895,36.43982,-96.89396,6.255,2.01442,-10786186.28814382,4361309.915344723,2016,9,15,10,52,45.15,2016.7082910344893,50
5898,36.43468,-96.90468,4.005,1.45399,-10787379.63308512,4360598.695185716,2016,9,15,12,52,35.46,2016.708518881664,59
5899,36.43468,-96.90468,4.005,1.35423,-10787379.63308512,4360598.695185716,2016,9,15,13,22,38.61,2016.7085760200396,59
5908,36.43664,-96.89675,3.915,1.56783,-10786496.86952313,4360869.894203729,2016,9,15,20,24,13.04,2016.7093775521587,50
5911,36.43229,-96.90783,4.435,2.2,-10787730.289481122,4360268.007690784,2016,9,15,23,4,54.0,2016.7096830557457,59
5914,36.41175,-96.86967,3.162,1.46264,-10783482.337712448,4357426.451949623,2016,9,16,1,48,11.64,2016.7099935242225,56
5915,36.4489,-96.88838,3.988,2.4,-10785565.125385191,4362566.427171177,2016,9,16,3,57,14.0,2016.710238864806,60
5917,36.4489,-96.88838,3.988,2.10351,-10785565.125385191,4362566.427171177,2016,9,16,5,53,4.63,2016.7104591169798,60
5918,36.43664,-96.89675,3.915,2.0,-10786496.86952313,4360869.894203729,2016,9,16,7,35,1.0,2016.7106529330495,50
5920,36.41169,-96.88684,4.059,2.1,-10785393.69336937,4357418.152498142,2016,9,16,9,15,39.0,2016.7108442657236,54
5921,36.43657,-96.90636,4.004,2.1,-10787566.649829656,4360860.208406581,2016,9,16,12,53,1.0,2016.711257541765,59
5922,36.4222,-96.9091,5.401,2.3443,-10787871.665234426,4358872.03755152,2016,9,16,14,28,37.46,2016.711439319213,51
5925,36.40932,-96.88664,4.096,1.64863,-10785371.429471212,4357090.329291937,2016,9,16,16,57,11.64,2016.7117217925318,54
5931,36.4489,-96.88838,3.988,1.48274,-10785565.125385191,4362566.427171177,2016,9,16,21,45,0.46,2016.7122690084163,60
5932,36.40555,-96.88866,2.763,2.7,-10785596.294842612,4356568.875853041,2016,9,16,22,28,50.0,2016.7123523335108,54
5934,36.44657,-96.88889,3.621,1.69247,-10785621.898325495,4362243.9822470965,2016,9,16,23,49,5.55,2016.7125049290821,60
5937,36.40555,-96.88866,2.763,1.80409,-10785596.294842612,4356568.875853041,2016,9,17,1,23,33.7,2016.712684541917,54
5938,36.43256,-96.89387,3.381,1.56182,-10786176.269389648,4360305.365182134,2016,9,17,2,54,22.89,2016.7128572163283,50
5940,36.40871,-96.87725,3.568,2.0,-10784326.139452662,4357005.954473207,2016,9,17,5,4,28.0,2016.7131045453393,56
5941,36.43256,-96.89387,3.381,1.49316,-10786176.269389648,4360305.365182134,2016,9,17,6,40,35.57,2016.7132873086039,50
5945,36.41829,-96.9166,4.128,2.00255,-10788706.561415378,4358331.1305958135,2016,9,17,12,1,23.33,2016.713897233313,52
5946,36.40555,-96.88866,2.763,2.31674,-10785596.294842612,4356568.875853041,2016,9,17,12,4,18.5,2016.7139027841154,54
5947,36.38841,-96.93376,2.806,1.6,-10790616.80387739,4354198.448906526,2016,9,17,13,13,3.0,2016.7140334816336,15
5949,36.42384,-96.91783,4.96,1.90453,-10788843.484389052,4359098.922234033,2016,9,17,13,38,4.75,2016.7140810692194,52
5950,36.42384,-96.91783,4.96,1.54037,-10788843.484389052,4359098.922234033,2016,9,17,13,39,48.17,2016.7140843464015,52
5951,36.40555,-96.88866,2.763,1.72461,-10785596.294842612,4356568.875853041,2016,9,17,14,12,9.6,2016.7141458666058,54
5952,36.42384,-96.91783,4.96,1.86095,-10788843.484389052,4359098.922234033,2016,9,17,15,4,41.03,2016.7142457293965,52
5954,36.43468,-96.90468,4.005,1.72206,-10787379.63308512,4360598.695185716,2016,9,17,17,16,41.63,2016.7144967180648,59
5955,36.40555,-96.88866,2.763,1.94406,-10785596.294842612,4356568.875853041,2016,9,17,20,57,34.58,2016.714916678708,54
5956,36.4489,-96.88838,3.988,1.59335,-10785565.125385191,4362566.427171177,2016,9,17,21,28,38.0,2016.7149757269246,60
5959,36.43468,-96.90468,4.005,1.82975,-10787379.63308512,4360598.695185716,2016,9,18,0,38,31.23,2016.7153367565975,59
5960,36.3173,-96.96794,6.84,1.92316,-10794421.704072703,4344369.6572187655,2016,9,18,0,55,19.17,2016.7153686962886,11
5963,36.40932,-96.88664,4.096,1.41007,-10785371.429471212,4357090.329291937,2016,9,18,2,5,5.12,2016.71550134104,54
5964,36.43946,-96.89478,3.927,1.76855,-10786277.570126267,4361260.100725574,2016,9,18,2,6,38.8,2016.71550430958,50
5966,36.41797,-96.91599,4.224,1.74963,-10788638.656525994,4358286.86320148,2016,9,18,4,19,6.18,2016.7157561468553,52
5968,36.43256,-96.89387,3.381,1.86799,-10786176.269389648,4360305.365182134,2016,9,18,7,23,16.47,2016.7161063094152,50
5970,36.41829,-96.9166,4.128,1.63755,-10788706.561415378,4358331.1305958135,2016,9,18,8,42,2.38,2016.7162560644663,52
5971,36.43468,-96.90468,4.005,1.39828,-10787379.63308512,4360598.695185716,2016,9,18,9,26,10.61,2016.716339981811,59
5973,36.40555,-96.88866,2.763,1.98552,-10785596.294842612,4356568.875853041,2016,9,18,15,28,16.52,2016.717028434355,54
5974,36.41179,-96.88406,3.403,1.7857,-10785084.225184964,4357431.98492084,2016,9,18,16,13,42.75,2016.7171148233706,54
5978,36.41179,-96.88406,3.403,1.85578,-10785084.225184964,4357431.98492084,2016,9,18,17,6,52.55,2016.717215902033,54
5979,36.43256,-96.89387,3.381,1.52514,-10786176.269389648,4360305.365182134,2016,9,18,17,21,31.95,2016.7172437685376,50
5981,36.4489,-96.88838,3.988,2.01148,-10785565.125385191,4362566.427171177,2016,9,18,19,32,39.96,2016.7174930907292,60
5987,36.41797,-96.91599,4.224,2.3,-10788638.656525994,4358286.86320148,2016,9,18,22,3,22.0,2016.7177796156868,52
5988,36.41797,-96.91599,4.224,2.23735,-10788638.656525994,4358286.86320148,2016,9,18,22,5,10.07,2016.7177830402186,52
5989,36.41797,-96.91599,4.224,2.21246,-10788638.656525994,4358286.86320148,2016,9,18,22,11,49.85,2016.7177957084823,52
5992,36.42138,-96.91794,5.062,2.5,-10788855.72953304,4358758.597007207,2016,9,19,4,50,33.0,2016.7185537873602,52
5993,36.42384,-96.91783,4.96,1.98456,-10788843.484389052,4359098.922234033,2016,9,19,5,35,42.12,2016.7186396341926,52
5994,36.42384,-96.91783,4.96,1.75907,-10788843.484389052,4359098.922234033,2016,9,19,6,52,15.58,2016.7187851921565,52
5995,36.42138,-96.91794,5.062,1.69214,-10788855.72953304,4358758.597007207,2016,9,19,7,13,58.45,2016.7188264776155,52
6000,36.3126,-96.9733,5.961,1.99251,-10795018.376543354,4343720.341470066,2016,9,19,11,11,9.7,2016.7192774387152,11
6001,36.40932,-96.88664,4.096,1.36883,-10785371.429471212,4357090.329291937,2016,9,19,11,16,43.77,2016.7192880247546,54
6003,36.43468,-96.90468,4.005,2.6,-10787379.63308512,4360598.695185716,2016,9,19,12,58,43.0,2016.7194819314523,59
6004,36.4236,-96.91489,5.345,2.5,-10788516.205086121,4359065.719298245,2016,9,19,13,18,0.0,2016.71951859457,52
6005,36.43256,-96.89387,3.381,1.64638,-10786176.269389648,4360305.365182134,2016,9,19,13,33,44.77,2016.7195485325246,50
6007,36.43468,-96.90468,4.005,1.74953,-10787379.63308512,4360598.695185716,2016,9,19,14,38,9.96,2016.7196710130047,59
6008,36.43614,-96.90292,4.202,1.7123,-10787183.710781325,4360800.710130046,2016,9,19,17,1,59.33,2016.719944461239,59
6009,36.41169,-96.88684,4.059,1.57552,-10785393.69336937,4357418.152498142,2016,9,19,18,49,42.94,2016.7201492806805,54
6010,36.43256,-96.89387,3.381,1.73203,-10786176.269389648,4360305.365182134,2016,9,19,19,32,4.62,2016.7202298216594,50
6012,36.31834,-96.96667,7.029,2.7,-10794280.328319397,4344513.3408871,2016,9,19,22,30,46.0,2016.7205695616904,11
6013,36.43614,-96.90292,4.202,2.3,-10787183.710781325,4360800.710130046,2016,9,20,0,4,45.0,2016.7207482508175,59
6015,36.43256,-96.89387,3.381,2.0,-10786176.269389648,4360305.365182134,2016,9,20,0,40,50.0,2016.7208168555276,50
6017,36.31691,-96.965,6.767,2.05714,-10794094.424769772,4344315.776337375,2016,9,20,2,27,12.18,2016.721019094608,11
6018,36.31691,-96.965,6.767,1.97882,-10794094.424769772,4344315.776337375,2016,9,20,2,28,36.57,2016.7210217687657,11
6020,36.43256,-96.89387,3.381,1.43461,-10786176.269389648,4360305.365182134,2016,9,20,3,51,15.02,2016.7211788925647,50
6023,36.42384,-96.91783,4.96,1.7319,-10788843.484389052,4359098.922234033,2016,9,20,5,46,57.7,2016.7213988928181,52
6024,36.40871,-96.87725,3.568,1.74051,-10784326.139452662,4357005.954473207,2016,9,20,6,36,35.27,2016.7214932463178,56
6030,36.40555,-96.88866,2.763,2.02785,-10785596.294842612,4356568.875853041,2016,9,20,13,0,25.93,2016.7222230438942,54
6033,36.43256,-96.89387,3.381,1.59963,-10786176.269389648,4360305.365182134,2016,9,20,14,28,6.97,2016.722389756192,50
6036,36.43256,-96.89387,3.381,1.61392,-10786176.269389648,4360305.365182134,2016,9,20,16,59,55.42,2016.7226783855554,50
6037,36.43946,-96.89478,3.927,1.86365,-10786277.570126267,4361260.100725574,2016,9,20,17,58,16.33,2016.7227893226989,50
6041,36.38857,-96.94339,4.818,1.47642,-10791688.810573729,4354220.574162534,2016,9,20,22,15,54.33,2016.7232791571603,15
6046,36.44657,-96.88889,3.621,1.6321,-10785621.898325495,4362243.9822470965,2016,9,21,8,31,52.2,2016.7244502813903,60
6052,36.38857,-96.94339,4.818,1.27289,-10791688.810573729,4354220.574162534,2016,9,21,11,21,21.55,2016.724772528646,15
6053,36.42138,-96.91794,5.062,2.21778,-10788855.72953304,4358758.597007207,2016,9,21,13,9,39.6,2016.724978439425,52
6054,36.41797,-96.91599,4.224,1.70388,-10788638.656525994,4358286.86320148,2016,9,21,16,12,21.05,2016.7253257868151,52
6055,36.4222,-96.9091,5.401,1.89231,-10787871.665234426,4358872.03755152,2016,9,21,17,17,43.58,2016.7254500842903,51
6057,36.41095,-96.86875,3.876,2.00116,-10783379.92378092,4357315.793123604,2016,9,21,18,19,15.73,2016.7255670814636,56
6058,36.41815,-96.89602,6.244,1.86993,-10786415.60629485,4358311.763588349,2016,9,21,21,52,14.75,2016.7259720241716,54
6062,36.41734,-96.89167,4.466,2.27555,-10785931.366509901,4358199.712301916,2016,9,22,0,57,25.82,2016.7263241127334,54
6064,36.43468,-96.90468,4.005,2.18961,-10787379.63308512,4360598.695185716,2016,9,22,4,4,57.11,2016.7266806445991,59
6067,36.41829,-96.9166,4.128,2.4,-10788706.561415378,4358331.1305958135,2016,9,22,6,28,14.0,2016.7269530636042,52
6068,36.41829,-96.9166,4.128,2.32725,-10788706.561415378,4358331.1305958135,2016,9,22,6,29,46.28,2016.7269559877811,52
6069,36.41829,-96.9166,4.128,1.58297,-10788706.561415378,4358331.1305958135,2016,9,22,6,38,18.38,2016.726972215251,52
6070,36.41842,-96.91427,5.0,3.4,-10788447.18700183,4358349.114276864,2016,9,22,6,42,18.0,2016.7269798083505,52
6071,36.42031,-96.91531,5.226,2.10142,-10788562.959272254,4358610.572732471,2016,9,22,7,28,36.17,2016.7270678432453,52
6076,36.40555,-96.88866,2.763,1.63151,-10785596.294842612,4356568.875853041,2016,9,22,9,5,49.05,2016.727252676059,54
6079,36.38857,-96.94339,4.818,1.44648,-10791688.810573729,4354220.574162534,2016,9,22,10,2,48.78,2016.7273610407635,15
6080,36.47464,-97.04592,6.657,2.1,-10803102.397964763,4366129.188776916,2016,9,22,13,31,46.0,2016.727758321292,22
6081,36.41815,-96.89602,6.244,1.64829,-10786415.60629485,4358311.763588349,2016,9,22,14,44,35.0,2016.7278967665475,54
6084,36.43464,-96.87712,5.0,1.89085,-10784311.667918859,4360593.160583189,2016,9,22,15,56,40.93,2016.7280338469973,44
6085,36.41612,-96.89163,4.508,2.31705,-10785926.913730271,4358030.945903263,2016,9,22,16,4,16.55,2016.7280482847239,54
6087,36.4236,-96.91489,5.345,1.52768,-10788516.205086121,4359065.719298245,2016,9,22,19,24,20.36,2016.7284286625093,52
6088,36.43082,-96.91106,4.376,2.24839,-10788089.851436384,4360064.619184117,2016,9,22,21,40,3.25,2016.7286866951226,58
6089,36.38642,-96.94259,6.194,1.94433,-10791599.754981095,4353923.269839725,2016,9,22,22,11,7.85,2016.728745780731,15
6090,36.4413,-96.88432,4.095,1.77993,-10785113.16825257,4361514.7112069735,2016,9,22,23,14,17.78,2016.7288658763657,61
6092,36.55264,-97.04973,7.112,1.58057,-10803526.525224686,4376932.669083382,2016,9,23,2,26,25.16,2016.7292311569954,6
6096,36.41095,-96.86875,3.876,2.29649,-10783379.92378092,4357315.793123604,2016,9,23,8,17,31.08,2016.7298986957182,56
6097,36.41095,-96.86875,3.876,1.99827,-10783379.92378092,4357315.793123604,2016,9,23,8,22,38.31,2016.7299084312494,56
6100,36.4197,-96.91738,4.167,1.89034,-10788793.390618196,4358526.185974637,2016,9,23,8,56,17.64,2016.7299724199559,52
6101,36.4197,-96.91738,4.167,1.64668,-10788793.390618196,4358526.185974637,2016,9,23,9,8,8.2,2016.7299949362437,52
6102,36.38857,-96.94339,4.818,1.33603,-10791688.810573729,4354220.574162534,2016,9,23,9,23,28.93,2016.7300241124167,15
6107,36.41095,-96.86875,3.876,2.2294,-10783379.92378092,4357315.793123604,2016,9,23,19,0,31.36,2016.7311212310187,56
6109,36.38642,-96.94259,6.194,1.36663,-10791599.754981095,4353923.269839725,2016,9,23,22,34,57.08,2016.731528921084,15
6111,36.43082,-96.91106,4.376,2.02863,-10788089.851436384,4360064.619184117,2016,9,24,1,1,45.05,2016.7318080288107,58
6113,36.43657,-96.90636,4.004,1.71409,-10787566.649829656,4360860.208406581,2016,9,24,4,30,18.14,2016.7322045447056,59
6114,36.43082,-96.91106,4.376,2.05349,-10788089.851436384,4360064.619184117,2016,9,24,4,58,33.35,2016.732258262669,58
6118,36.38642,-96.94259,6.194,1.30469,-10791599.754981095,4353923.269839725,2016,9,24,8,26,56.12,2016.7326544515427,15
6127,36.4222,-96.9091,5.401,1.7037,-10787871.665234426,4358872.03755152,2016,9,25,6,22,8.78,2016.7351550428423,51
6128,36.4222,-96.9091,5.401,1.93734,-10787871.665234426,4358872.03755152,2016,9,25,6,35,40.75,2016.735180772619,51
6131,36.42384,-96.91783,4.96,1.53628,-10788843.484389052,4359098.922234033,2016,9,25,8,40,45.05,2016.7354185695363,52
6133,36.43256,-96.89387,3.381,1.81562,-10786176.269389648,4360305.365182134,2016,9,25,10,5,31.84,2016.7355797601845,50
6134,36.42384,-96.91783,4.96,1.56718,-10788843.484389052,4359098.922234033,2016,9,25,10,22,32.5,2016.7356121029482,52
6137,36.43804,-96.89603,3.477,1.9617,-10786416.719489759,4361063.611981288,2016,9,25,15,31,30.05,2016.7361995224605,50
6140,36.41,-96.86953,3.399,1.96655,-10783466.752983738,4357184.387247827,2016,9,25,18,38,37.92,2016.736555312191,56
6144,36.42384,-96.91783,4.96,1.76247,-10788843.484389052,4359098.922234033,2016,9,26,1,5,14.22,2016.7372903585824,52
6145,36.42384,-96.91783,4.96,1.73011,-10788843.484389052,4359098.922234033,2016,9,26,1,21,43.75,2016.7373217148959,52
6146,36.4236,-96.91489,5.345,1.64913,-10788516.205086121,4359065.719298245,2016,9,26,1,24,53.43,2016.7373277254924,52
6148,36.4222,-96.9091,5.401,1.86741,-10787871.665234426,4358872.03755152,2016,9,26,2,25,57.28,2016.737443825893,51
6149,36.44659,-96.88873,3.586,1.64345,-10785604.087206967,4362246.74997348,2016,9,26,2,41,22.89,2016.737473156704,60
6151,36.4197,-96.91738,4.167,1.58832,-10788793.390618196,4358526.185974637,2016,9,26,3,34,56.45,2016.7375749882754,52
6152,36.43804,-96.89603,3.477,2.46473,-10786416.719489759,4361063.611981288,2016,9,26,4,3,41.27,2016.737629644523,50
6153,36.43804,-96.89603,3.477,2.1413,-10786416.719489759,4361063.611981288,2016,9,26,4,6,9.7,2016.737634347986,50
6154,36.42384,-96.91783,4.96,1.75103,-10788843.484389052,4359098.922234033,2016,9,26,4,12,49.45,2016.737647015299,52
6155,36.43804,-96.89603,3.477,2.20329,-10786416.719489759,4361063.611981288,2016,9,26,4,23,2.22,2016.7376664328085,50
6156,36.43804,-96.89603,3.477,2.00267,-10786416.719489759,4361063.611981288,2016,9,26,4,28,30.55,2016.7376768369584,50
6158,36.34894,-97.08995,6.723,1.03069,-10808003.795144392,4348741.814972954,2016,9,26,9,31,59.75,2016.738253851687,9
6160,36.43657,-96.90636,4.004,1.74696,-10787566.649829656,4360860.208406581,2016,9,26,10,43,47.02,2016.738390340837,59
6161,36.4413,-96.88432,4.095,2.7,-10785113.16825257,4361514.7112069735,2016,9,26,10,49,31.0,2016.7384012409054,61
6164,36.38857,-96.94339,4.818,1.84897,-10791688.810573729,4354220.574162534,2016,9,26,12,21,54.05,2016.7385768895606,15
6169,36.43614,-96.90292,4.202,1.72994,-10787183.710781325,4360800.710130046,2016,9,27,5,50,48.8,2016.7405711714453,59
6172,36.4222,-96.9091,5.401,2.84216,-10787871.665234426,4358872.03755152,2016,9,27,7,16,50.43,2016.74073473363,51
6178,36.44657,-96.88889,3.621,1.97077,-10785621.898325495,4362243.9822470965,2016,9,27,16,19,17.55,2016.7417660896265,60
6181,36.40864,-96.87858,3.017,2.0,-10784474.194375416,4356996.272159332,2016,9,27,21,48,8.0,2016.7423913098587,56
6186,36.42384,-96.91783,4.96,1.96289,-10788843.484389052,4359098.922234033,2016,9,28,3,35,48.9,2016.74305235189,52
6187,36.42384,-96.91783,4.96,2.06045,-10788843.484389052,4359098.922234033,2016,9,28,3,39,37.42,2016.7430595932517,52
6188,36.38857,-96.94339,4.818,1.30242,-10791688.810573729,4354220.574162534,2016,9,28,8,37,59.55,2016.743626877519,15
6189,36.38857,-96.94339,4.818,1.58427,-10791688.810573729,4354220.574162534,2016,9,28,14,19,59.98,2016.7442771307071,15
6191,36.38642,-96.94259,6.194,1.41722,-10791599.754981095,4353923.269839725,2016,9,28,16,55,34.5,2016.7445729237966,15
6195,36.43657,-96.90636,4.004,1.75578,-10787566.649829656,4360860.208406581,2016,9,28,21,38,59.97,2016.7451117946232,59
6199,36.43657,-96.90636,4.004,2.06909,-10787566.649829656,4360860.208406581,2016,9,28,23,45,41.27,2016.745352665285,59
6202,36.43657,-96.90636,4.004,1.7929,-10787566.649829656,4360860.208406581,2016,9,29,1,15,4.57,2016.7455226180064,59
6207,36.38642,-96.94259,6.194,1.4046,-10791599.754981095,4353923.269839725,2016,9,29,3,29,46.45,2016.7457787173296,15
6210,36.37975,-96.94489,5.041,2.72752,-10791855.789809918,4353000.987342262,2016,9,29,6,11,31.8,2016.7460862613127,15
6211,36.37606,-96.94015,5.926,3.1,-10791328.13542356,4352490.793078135,2016,9,29,6,24,55.0,2016.7461117131847,15
6212,36.43614,-96.90292,4.202,2.03938,-10787183.710781325,4360800.710130046,2016,9,29,8,10,28.58,2016.746312412224,59
6214,36.43624,-96.9028,3.839,2.0256,-10787170.35244243,4360814.546909125,2016,9,29,9,25,57.38,2016.746455921236,59
6215,36.43624,-96.9028,3.839,1.7874,-10787170.35244243,4360814.546909125,2016,9,29,11,54,46.2,2016.7467388584682,59
6218,36.43082,-96.91106,4.376,2.35036,-10788089.851436384,4360064.619184117,2016,9,29,14,5,25.65,2016.7469872756483,58
6219,36.43229,-96.90783,4.435,1.73909,-10787730.289481122,4360268.007690784,2016,9,29,14,35,28.8,2016.7470444140238,59
6223,36.41797,-96.91599,4.224,2.08651,-10788638.656525994,4358286.86320148,2016,9,29,19,32,5.85,2016.7476083685071,52
6229,36.38642,-96.94259,6.194,1.82993,-10791599.754981095,4353923.269839725,2016,9,30,3,27,34.08,2016.7485123735646,15
6230,36.38642,-96.94259,6.194,1.29713,-10791599.754981095,4353923.269839725,2016,9,30,3,51,55.38,2016.7485586793673,15
6231,36.31834,-96.96667,7.029,1.9384,-10794280.328319397,4344513.3408871,2016,9,30,6,3,44.59,2016.7488093071083,11
6232,36.43209,-96.90909,4.444,2.05306,-10787870.55203952,4360240.335558746,2016,9,30,6,10,30.08,2016.748822156311,58
6234,36.41104,-96.86803,2.646,1.76779,-10783299.773747548,4357328.242184638,2016,9,30,8,24,27.38,2016.749076842979,56
6243,36.42593,-96.91933,8.359,1.54905,-10789010.463625243,4359388.0688049225,2016,10,1,9,36,51.6,2016.7519523537912,52
6246,36.43229,-96.90783,4.435,1.66736,-10787730.289481122,4360268.007690784,2016,10,1,14,58,59.97,2016.752564832877,59
6256,36.42384,-96.91783,4.96,1.81887,-10788843.484389052,4359098.922234033,2016,10,2,4,52,0.4,2016.754148617132,52
6257,36.4236,-96.91489,5.345,1.3715,-10788516.205086121,4359065.719298245,2016,10,2,7,40,32.78,2016.7544690591174,52
6260,36.38857,-96.94339,4.818,1.26549,-10791688.810573729,4354220.574162534,2016,10,2,16,1,49.76,2016.7554221411008,15
6264,36.42138,-96.91794,5.062,1.58749,-10788855.72953304,4358758.597007207,2016,10,3,4,52,34.75,2016.7568875564048,52
6269,36.40932,-96.88664,4.096,1.31491,-10785371.429471212,4357090.329291937,2016,10,4,3,40,6.07,2016.759487605838,54
6273,36.41797,-96.91599,4.224,1.57532,-10788638.656525994,4358286.86320148,2016,10,4,7,1,38.05,2016.7598707775624,52
6274,36.4222,-96.9091,5.401,1.80693,-10787871.665234426,4358872.03755152,2016,10,4,7,6,29.8,2016.759880022562,51
6275,36.41797,-96.91599,4.224,1.55393,-10788638.656525994,4358286.86320148,2016,10,4,7,7,50.52,2016.7598825804243,52
6276,36.42384,-96.91783,4.96,1.91417,-10788843.484389052,4359098.922234033,2016,10,4,7,17,0.45,2016.7599000066546,52
6277,36.42384,-96.91783,4.96,1.65433,-10788843.484389052,4359098.922234033,2016,10,4,7,27,16.22,2016.7599195192283,52
6280,36.3173,-96.96794,6.84,2.6,-10794421.704072703,4344369.6572187655,2016,10,4,10,21,32.0,2016.7602508429031,11
6281,36.43082,-96.91106,4.376,2.58875,-10788089.851436384,4360064.619184117,2016,10,4,11,34,40.78,2016.7603899149492,58
6283,36.42341,-96.91774,4.357,2.17388,-10788833.46563488,4359039.433713528,2016,10,4,12,13,33.67,2016.7604638397725,52
6284,36.4413,-96.88432,4.095,1.57402,-10785113.16825257,4361514.7112069735,2016,10,4,15,23,37.08,2016.7608251920299,61
6287,36.44657,-96.88889,3.621,1.91276,-10785621.898325495,4362243.9822470965,2016,10,4,23,42,24.23,2016.761773526187,60
6288,36.43256,-96.89387,3.381,1.76249,-10786176.269389648,4360305.365182134,2016,10,5,1,25,35.64,2016.7619697201308,50
6289,36.43256,-96.89387,3.381,1.48974,-10786176.269389648,4360305.365182134,2016,10,5,2,13,36.92,2016.7620610223844,50
6291,36.43804,-96.89603,3.477,1.88534,-10786416.719489759,4361063.611981288,2016,10,5,4,18,56.6,2016.7622993066645,50
6293,36.42138,-96.91794,5.062,1.5485,-10788855.72953304,4358758.597007207,2016,10,5,5,20,52.92,2016.762417069739,52
6294,36.4197,-96.91738,4.167,1.90664,-10788793.390618196,4358526.185974637,2016,10,5,5,33,38.07,2016.7624413158796,52
6295,36.4197,-96.91738,4.167,1.96664,-10788793.390618196,4358526.185974637,2016,10,5,6,3,30.59,2016.7624981174108,52
6298,36.43804,-96.89603,3.477,1.90412,-10786416.719489759,4361063.611981288,2016,10,5,8,45,4.95,2016.7628053131416,50
6300,36.42038,-96.90794,4.564,1.79685,-10787742.534625107,4358620.256501177,2016,10,5,12,41,52.0,2016.7632555073897,51
6302,36.31877,-96.97686,4.579,1.36414,-10795414.67393058,4344572.7491178475,2016,10,5,22,41,17.17,2016.7643951748548,11
6304,36.4197,-96.91738,4.167,3.4,-10788793.390618196,4358526.185974637,2016,10,6,0,19,4.0,2016.764581083479,52
6306,36.41537,-96.91637,3.351,2.3,-10788680.957932495,4357927.197383794,2016,10,6,0,42,11.0,2016.7646250348569,52
6307,36.41537,-96.91637,3.351,1.59232,-10788680.957932495,4357927.197383794,2016,10,6,4,25,33.38,2016.7650497306513,52
6308,36.38642,-96.94259,6.194,2.4,-10791599.754981095,4353923.269839725,2016,10,6,4,59,43.0,2016.7651146791898,15
6309,36.43613,-96.8975,3.08,2.73985,-10786580.359141225,4360799.326453118,2016,10,6,12,0,56.03,2016.7659155331837,50
6310,36.38642,-96.94259,6.194,1.73854,-10791599.754981095,4353923.269839725,2016,10,6,13,21,46.95,2016.7660692495626,15
6311,36.43613,-96.8975,3.08,2.18932,-10786580.359141225,4360799.326453118,2016,10,6,16,14,30.38,2016.7663976468425,50
6312,36.38642,-96.94259,6.194,2.02544,-10791599.754981095,4353923.269839725,2016,10,6,19,35,35.97,2016.766779982318,15
6313,36.38857,-96.94339,4.818,1.85678,-10791688.810573729,4354220.574162534,2016,10,6,22,42,32.28,2016.7671354057343,15
6314,36.38857,-96.94339,4.818,1.74949,-10791688.810573729,4354220.574162534,2016,10,6,23,12,7.46,2016.767191657794,15
6315,36.44595,-96.8876,3.849,1.66817,-10785478.296182374,4362158.183083126,2016,10,7,4,30,31.67,2016.767797033678,60
6316,36.43613,-96.8975,3.08,2.48689,-10786580.359141225,4360799.326453118,2016,10,7,5,13,23.43,2016.767878527835,50
6319,36.43613,-96.8975,3.08,2.30497,-10786580.359141225,4360799.326453118,2016,10,7,11,23,47.68,2016.7685827718203,50
6320,36.38857,-96.94339,4.818,1.4973,-10791688.810573729,4354220.574162534,2016,10,7,15,53,39.28,2016.769095852663,15
6322,36.43613,-96.8975,3.08,2.11695,-10786580.359141225,4360799.326453118,2016,10,8,0,0,26.3,2016.7700213672776,50
6326,36.43613,-96.8975,3.08,2.23379,-10786580.359141225,4360799.326453118,2016,10,8,10,32,39.88,2016.7712234098917,50
6327,36.43613,-96.8975,3.08,2.09805,-10786580.359141225,4360799.326453118,2016,10,8,10,36,13.53,2016.7712301800518,50
6328,36.38857,-96.94339,4.818,2.8,-10791688.810573729,4354220.574162534,2016,10,8,12,8,8.0,2016.7714049230613,15
6332,36.38642,-96.94259,6.194,1.29059,-10791599.754981095,4353923.269839725,2016,10,8,16,37,28.38,2016.771917014602,15
6335,36.41887,-96.89477,5.784,2.2236,-10786276.45693136,4358411.365712951,2016,10,8,21,28,54.11,2016.7724711039496,54
6336,36.41887,-96.89477,5.784,1.9731,-10786276.45693136,4358411.365712951,2016,10,8,21,39,57.31,2016.7724921194895,54
6339,36.41095,-96.86875,3.876,1.83889,-10783379.92378092,4357315.793123604,2016,10,9,1,20,35.58,2016.7729116149517,56
6341,36.43529,-96.89779,2.204,1.7362,-10786612.641793557,4360683.098227675,2016,10,9,2,1,57.0,2016.7729902464066,50
6342,36.43529,-96.89779,2.204,1.76237,-10786612.641793557,4360683.098227675,2016,10,9,2,17,39.63,2016.7730201165489,50
6343,36.43529,-96.89779,2.204,1.83259,-10786612.641793557,4360683.098227675,2016,10,9,3,2,46.63,2016.7731058962024,50
6345,36.40932,-96.88664,4.096,1.23834,-10785371.429471212,4357090.329291937,2016,10,9,4,14,41.05,2016.7732426119223,54
6346,36.43613,-96.8975,3.08,2.0824,-10786580.359141225,4360799.326453118,2016,10,9,4,17,45.55,2016.7732484583746,50
6347,36.41775,-96.88996,3.551,1.66528,-10785741.010180645,4358256.429473681,2016,10,9,4,51,13.71,2016.773312093125,54
6348,36.44595,-96.8876,3.849,1.68055,-10785478.296182374,4362158.183083126,2016,10,9,6,7,46.52,2016.7734576304915,60
6349,36.43529,-96.89779,2.204,1.88054,-10786612.641793557,4360683.098227675,2016,10,9,7,6,1.68,2016.7735683854285,50
6351,36.41095,-96.86875,3.876,1.80514,-10783379.92378092,4357315.793123604,2016,10,9,7,19,55.4,2016.773594804421,56
6354,36.42206,-96.91819,4.253,1.45881,-10788883.559405738,4358852.66956891,2016,10,9,9,40,1.42,2016.773861175121,52
6355,36.41734,-96.89167,4.466,3.6,-10785931.366509901,4358199.712301916,2016,10,9,12,23,5.0,2016.7741711980632,54
6357,36.41478,-96.88863,4.256,1.88782,-10785592.95525789,4357845.58258584,2016,10,9,12,41,3.9,2016.7742053863412,54
6363,36.41815,-96.89602,6.244,2.21177,-10786415.60629485,4358311.763588349,2016,10,9,15,2,17.1,2016.7744738858469,54
6366,36.42031,-96.91531,5.226,2.30479,-10788562.959272254,4358610.572732471,2016,10,9,21,54,57.45,2016.775258493992,52
6367,36.42031,-96.91531,5.226,2.27333,-10788562.959272254,4358610.572732471,2016,10,9,22,10,12.25,2016.7752874822547,52
6368,36.43529,-96.89779,2.204,1.86664,-10786612.641793557,4360683.098227675,2016,10,9,22,30,49.22,2016.7753266794687,50
6369,36.40932,-96.88664,4.096,1.20209,-10785371.429471212,4357090.329291937,2016,10,9,23,2,23.05,2016.77538669132,54
6373,36.43529,-96.89779,2.204,1.78999,-10786612.641793557,4360683.098227675,2016,10,10,5,25,34.05,2016.7761152321468,50
6374,36.41485,-96.89354,3.619,1.19686,-10786139.533957684,4357855.265665049,2016,10,10,6,33,2.0,2016.776243503942,54
6376,36.42206,-96.91819,4.253,1.8,-10788883.559405738,4358852.66956891,2016,10,10,10,15,57.0,2016.7766673321164,52
6377,36.41604,-96.89034,3.699,1.9,-10785783.311587146,4358019.879346787,2016,10,10,12,57,24.0,2016.7769742946232,54
6381,36.45038,-96.8686,2.733,1.6,-10783363.2258573,4362771.247002332,2016,10,10,14,52,11.0,2016.777192530484,40
6383,36.38642,-96.94259,6.194,1.42471,-10791599.754981095,4353923.269839725,2016,10,10,15,57,45.12,2016.777317195224,15
6385,36.41544,-96.8895,3.343,1.9,-10785689.80321488,4357936.880536555,2016,10,10,17,51,43.0,2016.777533874566,54
6386,36.42454,-96.9188,4.505,2.0,-10788951.464295123,4359195.764716277,2016,10,10,17,53,22.0,2016.7775370116865,52
6387,36.43624,-96.9028,3.839,3.2,-10787170.35244243,4360814.546909125,2016,10,10,20,27,55.0,2016.777830855325,59
6388,36.43468,-96.90468,4.005,1.54741,-10787379.63308512,4360598.695185716,2016,10,10,21,0,29.16,2016.7778927789186,59
6389,36.43656,-96.89485,2.681,2.2,-10786285.362490624,4360858.824721986,2016,10,10,21,11,2.0,2016.777912832408,50
6391,36.43529,-96.89779,2.204,1.9,-10786612.641793557,4360683.098227675,2016,10,10,23,11,41.0,2016.7781422224757,50
6396,36.40932,-96.88664,4.096,1.448,-10785371.429471212,4357090.329291937,2016,10,11,4,14,33.0,2016.7787180584075,54
6400,36.40899,-96.87816,4.252,1.75249,-10784427.440189283,4357044.683815941,2016,10,11,10,17,3.55,2016.7794072917459,56
6401,36.40899,-96.87816,4.252,1.5,-10784427.440189283,4357044.683815941,2016,10,11,10,44,16.0,2016.7794590209649,56
6402,36.40899,-96.87816,4.252,1.45525,-10784427.440189283,4357044.683815941,2016,10,11,10,54,6.52,2016.7794777334145,56
6403,36.43614,-96.90292,4.202,1.62672,-10787183.710781325,4360800.710130046,2016,10,11,11,0,19.88,2016.7794895644788,59
6406,36.43464,-96.87712,5.0,1.41802,-10784311.667918859,4360593.160583189,2016,10,11,17,31,1.93,2016.7802323982178,44
6407,36.41095,-96.86875,3.876,1.96863,-10783379.92378092,4357315.793123604,2016,10,11,18,22,12.16,2016.7803296879358,56
6408,36.40899,-96.87816,4.252,1.42231,-10784427.440189283,4357044.683815941,2016,10,12,1,54,55.95,2016.7811904564985,56
6409,36.40899,-96.87816,4.252,1.57161,-10784427.440189283,4357044.683815941,2016,10,12,1,59,38.47,2016.781199409017,56
6410,36.40899,-96.87816,4.252,1.51992,-10784427.440189283,4357044.683815941,2016,10,12,2,2,5.52,2016.7812040687504,56
6412,36.40899,-96.87816,4.252,1.7085,-10784427.440189283,4357044.683815941,2016,10,12,2,13,4.42,2016.7812249480316,56
6414,36.42384,-96.91783,4.96,1.55195,-10788843.484389052,4359098.922234033,2016,10,12,8,14,2.33,2016.7819112457855,52
6416,36.42384,-96.91783,4.96,1.55016,-10788843.484389052,4359098.922234033,2016,10,12,12,4,10.95,2016.7823488145486,52
6417,36.42384,-96.91783,4.96,1.91987,-10788843.484389052,4359098.922234033,2016,10,12,12,8,10.28,2016.7823563984587,52
6418,36.42384,-96.91783,4.96,2.34952,-10788843.484389052,4359098.922234033,2016,10,12,13,11,4.15,2016.7824759851826,52
6420,36.42384,-96.92033,4.613,1.8,-10789121.783116037,4359098.922234033,2016,10,12,14,59,19.0,2016.7826817945597,52
6422,36.41785,-96.89352,4.222,2.1,-10786137.307567867,4358270.26297563,2016,10,12,15,16,21.0,2016.7827141797854,54
6425,36.41048,-96.86852,3.74,2.0,-10783354.320298037,4357250.781594739,2016,10,12,18,19,11.0,2016.7830617981087,56
6426,36.41095,-96.86875,3.876,2.27156,-10783379.92378092,4357315.793123604,2016,10,12,18,27,5.4,2016.7830768309377,56
6427,36.44785,-96.88631,3.022,1.51886,-10785334.694039248,4362421.118174026,2016,10,12,19,10,32.0,2016.7831594291074,60
6428,36.44675,-96.88723,3.258,1.7,-10785437.10797078,4362268.891810226,2016,10,12,19,30,34.0,2016.783197518189,60
6430,36.43529,-96.89779,2.204,1.92957,-10786612.641793557,4360683.098227675,2016,10,12,21,36,39.02,2016.783437239207,50
6431,36.40899,-96.87816,4.252,1.84388,-10784427.440189283,4357044.683815941,2016,10,12,22,57,48.32,2016.783591538013,56
6433,36.41095,-96.86875,3.876,1.89544,-10783379.92378092,4357315.793123604,2016,10,13,1,24,6.83,2016.7838697122088,56
6434,36.41095,-96.86875,3.876,1.98824,-10783379.92378092,4357315.793123604,2016,10,13,1,46,28.56,2016.7839122290668,56
6435,36.42206,-96.91819,4.253,2.14067,-10788883.559405738,4358852.66956891,2016,10,13,2,14,40.05,2016.7839658291505,52
6436,36.41023,-96.87011,3.705,2.22027,-10783531.318288397,4357216.201154533,2016,10,13,3,10,3.2,2016.7840711334195,56
6437,36.41023,-96.87011,3.705,1.88631,-10783531.318288397,4357216.201154533,2016,10,13,3,15,23.4,2016.7840812799452,56
6438,36.41023,-96.87011,3.705,2.34526,-10783531.318288397,4357216.201154533,2016,10,13,3,58,35.05,2016.784163404378,56
6439,36.41023,-96.87011,3.705,2.06963,-10783531.318288397,4357216.201154533,2016,10,13,5,1,34.03,2016.7842831530281,56
6447,36.43628,-96.90493,3.089,1.94023,-10787407.462957818,4360820.081625748,2016,10,13,9,1,48.93,2016.7847399336451,59
6449,36.43628,-96.90493,3.089,2.09767,-10787407.462957818,4360820.081625748,2016,10,13,9,51,7.7,2016.7848336914087,59
6451,36.42138,-96.91794,5.062,1.61764,-10788855.72953304,4358758.597007207,2016,10,13,10,59,33.78,2016.7849638052323,52
6453,36.41095,-96.86875,3.876,1.94551,-10783379.92378092,4357315.793123604,2016,10,13,13,11,49.68,2016.7852152787284,56
6454,36.41095,-96.86875,3.876,2.25839,-10783379.92378092,4357315.793123604,2016,10,13,14,18,34.31,2016.7853421777954,56
6460,36.41023,-96.87011,3.705,2.82697,-10783531.318288397,4357216.201154533,2016,10,13,23,14,4.67,2016.7863603274648,56
6463,36.41023,-96.87011,3.705,1.80199,-10783531.318288397,4357216.201154533,2016,10,13,23,40,9.73,2016.7864099212234,56
6464,36.39055,-96.94257,5.533,1.8,-10791597.528591279,4354494.377973975,2016,10,14,1,14,3.0,2016.7865884287778,15
6467,36.41023,-96.87011,3.705,1.77138,-10783531.318288397,4357216.201154533,2016,10,14,1,33,43.12,2016.786625824524,56
6468,36.40998,-96.87051,3.583,1.78499,-10783575.846084716,4357181.620825608,2016,10,14,2,49,31.0,2016.7867699381447,56
6472,36.41023,-96.87011,3.705,1.6,-10783531.318288397,4357216.201154533,2016,10,14,4,38,47.0,2016.7869776852485,56
6477,36.42329,-96.92156,4.211,1.37183,-10789258.706089713,4359022.832324742,2016,10,14,7,51,10.0,2016.7873434608462,52
6478,36.43127,-96.91284,3.643,2.1,-10788288.000129996,4360126.880562808,2016,10,14,9,19,57.0,2016.78751226329,58
6479,36.43688,-96.89558,3.0,1.5,-10786366.625718903,4360903.102717414,2016,10,14,10,11,9.0,2016.7876096090959,50
6480,36.36668,-96.96906,5.601,1.7,-10794546.381902391,4351193.9854433425,2016,10,14,10,18,36.0,2016.787623773671,15
6481,36.41213,-96.86994,3.343,1.7,-10783512.393974962,4357479.0152912075,2016,10,14,11,20,54.0,2016.7877422237432,56
6483,36.40932,-96.88664,4.096,1.42194,-10785371.429471212,4357090.329291937,2016,10,14,13,3,3.19,2016.7879364460541,54
6487,36.41005,-96.87006,3.202,1.6,-10783525.752313858,4357191.30330649,2016,10,14,15,25,54.0,2016.7882080386341,56
6489,36.43354,-96.90611,4.321,1.81177,-10787538.819956956,4360440.960131427,2016,10,14,16,16,55.9,2016.7883050643902,59
6490,36.38857,-96.94339,4.818,1.77946,-10791688.810573729,4354220.574162534,2016,10,14,16,42,4.73,2016.7883528763277,15
6495,36.40957,-96.88599,3.158,2.1,-10785299.071802197,4357124.909327079,2016,10,14,18,33,19.0,2016.7885643711816,54
6496,36.41,-96.86953,3.399,2.0,-10783466.752983738,4357184.387247827,2016,10,14,18,48,27.0,2016.7885931439653,56
6497,36.42216,-96.9182,4.144,2.0,-10788884.672600646,4358866.50383864,2016,10,14,18,50,7.0,2016.7885963127742,52
6498,36.41095,-96.86875,3.876,2.7,-10783379.92378092,4357315.793123604,2016,10,14,19,41,6.0,2016.7886932466347,56
6500,36.41006,-96.87004,3.223,1.36908,-10783523.525924044,4357192.686518757,2016,10,14,23,45,7.0,2016.7891571919283,56
6502,36.4095,-96.86878,4.195,2.4,-10783383.263365643,4357115.226906021,2016,10,15,1,43,4.0,2016.7893814485258,56
6513,36.41175,-96.86967,3.162,1.7,-10783482.337712448,4357426.451949623,2016,10,15,7,29,9.0,2016.7900394516694,56
6515,36.43628,-96.90493,3.089,2.08081,-10787407.462957818,4360820.081625748,2016,10,15,7,46,30.03,2016.7900724399194,59
6518,36.40931,-96.87319,3.576,1.9,-10783874.182320042,4357088.946092846,2016,10,15,10,27,18.0,2016.79037816564,56
6519,36.42118,-96.90955,3.344,1.74298,-10787921.759005284,4358730.928763483,2016,10,15,10,47,8.0,2016.7904158744645,51
6520,36.44595,-96.8876,3.849,2.2,-10785478.296182374,4362158.183083126,2016,10,15,14,3,19.0,2016.7907888749462,60
6521,36.42267,-96.92112,4.184,1.9,-10789209.725513764,4358937.058891399,2016,10,15,20,28,42.0,2016.7915215986006,52
6522,36.41815,-96.89602,6.244,1.61812,-10786415.60629485,4358311.763588349,2016,10,15,21,5,59.08,2016.7915924873882,54
6523,36.35921,-96.93045,2.558,2.16978,-10790248.336362865,4350161.3517382005,2016,10,15,21,9,53.21,2016.79159990652,16
6524,36.42384,-96.91783,4.96,1.66568,-10788843.484389052,4359098.922234033,2016,10,15,21,16,2.03,2016.7916115937207,52
6527,36.43505,-96.89624,2.382,1.8,-10786440.096582826,4360649.890394309,2016,10,15,22,50,50.0,2016.7917918346136,50
6528,36.44595,-96.8876,3.849,1.59766,-10785478.296182374,4362158.183083126,2016,10,15,23,30,55.09,2016.7918680473167,60
6529,36.43649,-96.89569,2.511,1.8,-10786378.87086289,4360849.138934824,2016,10,15,23,56,48.0,2016.791917256065,50
6530,36.43582,-96.89624,2.923,1.8551,-10786440.096582826,4360756.432556797,2016,10,16,0,42,53.02,2016.7920048742617,50
6534,36.41524,-96.88694,3.673,1.34857,-10785404.825318448,4357909.214408959,2016,10,16,2,35,13.0,2016.7922184513397,54
6535,36.43582,-96.89624,2.923,1.8,-10786440.096582826,4360756.432556797,2016,10,16,3,49,24.0,2016.7923594950187,50
6536,36.421,-96.91661,4.724,1.6,-10788707.674610285,4358706.027405058,2016,10,16,5,2,7.0,2016.7924977501457,52
6540,36.43582,-96.89624,2.923,1.893,-10786440.096582826,4360756.432556797,2016,10,16,6,46,40.7,2016.7926965517022,50
6541,36.43656,-96.89485,2.681,2.56844,-10786285.362490624,4360858.824721986,2016,10,16,6,52,24.0,2016.792707430223,50
6542,36.43628,-96.90493,3.089,1.97599,-10787407.462957818,4360820.081625748,2016,10,16,6,56,55.81,2016.792716043362,59
6545,36.35921,-96.93045,2.558,2.698,-10790248.336362865,4350161.3517382005,2016,10,16,7,59,42.08,2016.7928353892564,16
6547,36.35921,-96.93045,2.558,1.89154,-10790248.336362865,4350161.3517382005,2016,10,16,9,0,33.0,2016.79295107993,16
6553,36.35921,-96.93045,2.558,2.01106,-10790248.336362865,4350161.3517382005,2016,10,16,10,8,12.23,2016.7930797091667,16
6557,36.40899,-96.87816,4.252,1.72153,-10784427.440189283,4357044.683815941,2016,10,16,16,53,14.59,2016.7938498044846,56
6561,36.41612,-96.89163,4.508,1.7043,-10785926.913730271,4358030.945903263,2016,10,16,21,49,44.6,2016.7944135358837,54
6562,36.41628,-96.89044,3.776,2.30618,-10785794.443536226,4358053.07905041,2016,10,16,22,22,13.02,2016.7944752775877,54
6568,36.44672,-96.88675,3.545,1.7,-10785383.674615199,4362264.740212358,2016,10,17,3,38,52.0,2016.7950773189343,60
6569,36.44733,-96.88681,3.438,2.0,-10785390.353784645,4362349.15635123,2016,10,17,3,48,37.0,2016.7950958564657,60
6570,36.41628,-96.89044,3.776,2.32491,-10785794.443536226,4358053.07905041,2016,10,17,3,56,53.93,2016.795111603227,54
6571,36.41628,-96.89044,3.776,2.2,-10785794.443536226,4358053.07905041,2016,10,17,3,58,18.0,2016.7951142672446,54
6572,36.40899,-96.87816,4.252,1.61578,-10784427.440189283,4357044.683815941,2016,10,17,4,0,36.17,2016.7951186455878,56
6573,36.41602,-96.8919,3.425,1.7,-10785956.969992785,4358017.112709451,2016,10,17,4,43,53.0,2016.7952009341648,54
6578,36.44595,-96.8876,3.849,1.65566,-10785478.296182374,4362158.183083126,2016,10,17,7,36,46.82,2016.795529660684,60
6579,36.44733,-96.88681,3.438,1.86152,-10785390.353784645,4362349.15635123,2016,10,17,7,56,40.25,2016.7955674781986,60
6580,36.41628,-96.89044,3.776,2.2643,-10785794.443536226,4358053.07905041,2016,10,17,8,4,40.35,2016.7955826916495,54
6582,36.41612,-96.89163,4.508,1.59806,-10785926.913730271,4358030.945903263,2016,10,17,10,8,17.95,2016.7958177412097,54
6583,36.43468,-96.90468,4.005,1.97316,-10787379.63308512,4360598.695185716,2016,10,17,12,45,6.33,2016.7961158747814,59
6585,36.43624,-96.9028,3.839,2.80176,-10787170.35244243,4360814.546909125,2016,10,17,20,27,20.27,2016.7969947103074,59
6587,36.35921,-96.93045,2.558,2.32207,-10790248.336362865,4350161.3517382005,2016,10,17,21,22,10.98,2016.7970989866149,16
6589,36.35921,-96.93045,2.558,2.57366,-10790248.336362865,4350161.3517382005,2016,10,18,2,23,2.46,2016.7976710034984,16
6590,36.35921,-96.93045,2.558,2.12018,-10790248.336362865,4350161.3517382005,2016,10,18,6,40,17.21,2016.7981601012118,16
6594,36.41478,-96.88863,4.256,1.31776,-10785592.95525789,4357845.58258584,2016,10,18,8,59,43.88,2016.7984252249855,54
6595,36.43508,-96.895,1.97,1.3069,-10786302.060414243,4360654.041367865,2016,10,18,9,34,23.0,2016.7984911083227,50
6596,36.40899,-96.87816,4.252,1.37346,-10784427.440189283,4357044.683815941,2016,10,18,9,39,8.29,2016.7985001486172,56
6597,36.35921,-96.93045,2.558,2.84259,-10790248.336362865,4350161.3517382005,2016,10,18,11,26,57.1,2016.7987051328364,16
6598,36.39309,-96.93841,2.515,1.8,-10791134.43950958,4354845.631458423,2016,10,18,12,59,14.0,2016.7988805866098,15
6600,36.41842,-96.91427,5.0,1.83909,-10788447.18700183,4358349.114276864,2016,10,18,14,43,49.3,2016.7990794388672,52
6601,36.41132,-96.87096,3.319,1.7,-10783625.939855572,4357366.972688988,2016,10,18,15,4,0.0,2016.7991178036352,56
6602,36.42341,-96.91774,4.357,2.3488,-10788833.46563488,4359039.433713528,2016,10,18,15,14,21.2,2016.7991374882754,52
6606,36.41169,-96.88684,4.059,2.08942,-10785393.69336937,4357418.152498142,2016,10,18,19,0,1.57,2016.799566556709,54
6615,36.42457,-96.91738,4.362,1.45027,-10788793.390618196,4359199.9151278855,2016,10,19,0,21,4.0,2016.8001769462824,52
6616,36.41797,-96.91599,4.224,1.56617,-10788638.656525994,4358286.86320148,2016,10,19,1,41,13.8,2016.800329359647,52
6619,36.41829,-96.9166,4.128,1.67608,-10788706.561415378,4358331.1305958135,2016,10,19,6,54,23.72,2016.800924776282,52
6620,36.41829,-96.9166,4.128,1.31195,-10788706.561415378,4358331.1305958135,2016,10,19,6,59,22.65,2016.8009342488022,52
6621,36.41277,-96.87357,5.117,1.29547,-10783916.483726542,4357567.543605629,2016,10,19,7,28,33.18,2016.8009897197505,56
6623,36.41628,-96.89044,3.776,2.15815,-10785794.443536226,4358053.07905041,2016,10,19,8,40,5.95,2016.8011257494234,54
6624,36.43529,-96.89779,2.204,2.23438,-10786612.641793557,4360683.098227675,2016,10,19,9,2,30.22,2016.8011683467691,50
6625,36.41628,-96.89044,3.776,2.85247,-10785794.443536226,4358053.07905041,2016,10,19,9,40,29.93,2016.8012405864197,54
6626,36.4095,-96.86878,4.195,1.99331,-10783383.263365643,4357115.226906021,2016,10,19,9,47,38.37,2016.801254162864,56
6627,36.41277,-96.87357,5.117,3.0,-10783916.483726542,4357567.543605629,2016,10,19,12,4,51.0,2016.8015150391666,56
6628,36.41277,-96.87357,5.117,1.38748,-10783916.483726542,4357567.543605629,2016,10,19,12,11,24.9,2016.8015275211042,56
6629,36.41277,-96.87357,5.117,1.7396,-10783916.483726542,4357567.543605629,2016,10,19,12,17,7.55,2016.8015383790275,56
6630,36.42384,-96.91783,4.96,2.13836,-10788843.484389052,4359098.922234033,2016,10,19,14,3,28.85,2016.8017405902224,52
6632,36.41612,-96.89163,4.508,1.8984,-10785926.913730271,4358030.945903263,2016,10,19,20,36,24.07,2016.802487643864,54
6633,36.41023,-96.87011,3.705,2.38706,-10783531.318288397,4357216.201154533,2016,10,19,22,46,24.75,2016.8027348324968,56
6634,36.42138,-96.91794,5.062,1.89674,-10788855.72953304,4358758.597007207,2016,10,20,2,23,22.92,2016.8031473534108,52
6635,36.42593,-96.91933,8.359,1.60835,-10789010.463625243,4359388.0688049225,2016,10,20,2,59,50.18,2016.8032166634978,52
6639,36.43382,-96.9055,4.68,1.73441,-10787470.915067572,4360479.701859955,2016,10,21,4,10,32.12,2016.806088933252,59
6640,36.44595,-96.8876,3.849,1.55423,-10785478.296182374,4362158.183083126,2016,10,21,5,21,9.57,2016.8062232099398,60
6641,36.4236,-96.91489,5.345,1.5382,-10788516.205086121,4359065.719298245,2016,10,21,10,4,55.23,2016.8067627205492,52
6643,36.42384,-96.91783,4.96,1.81569,-10788843.484389052,4359098.922234033,2016,10,21,15,56,14.3,2016.8074306759702,52
6645,36.43529,-96.89779,2.204,1.99445,-10786612.641793557,4360683.098227675,2016,10,21,18,21,46.43,2016.8077073804725,50
6646,36.41612,-96.89163,4.508,1.63605,-10785926.913730271,4358030.945903263,2016,10,22,3,31,17.57,2016.808752172852,54
6647,36.35921,-96.93045,2.558,2.42691,-10790248.336362865,4350161.3517382005,2016,10,22,7,15,55.68,2016.8091792683854,16
6648,36.42384,-96.91783,4.96,1.90723,-10788843.484389052,4359098.922234033,2016,10,22,7,50,41.42,2016.8092453614977,52
6656,36.38642,-96.94259,6.194,1.37027,-10791599.754981095,4353923.269839725,2016,10,22,18,54,10.85,2016.8105068462114,15
6657,36.38642,-96.94259,6.194,1.34683,-10791599.754981095,4353923.269839725,2016,10,22,22,16,54.92,2016.8108923023296,15
6658,36.38642,-96.94259,6.194,1.46776,-10791599.754981095,4353923.269839725,2016,10,22,23,9,9.42,2016.810991628641,15
6659,36.42341,-96.91774,4.357,2.13782,-10788833.46563488,4359039.433713528,2016,10,23,0,16,32.6,2016.8111197492838,52
6662,36.37975,-96.94489,5.041,2.03844,-10791855.789809918,4353000.987342262,2016,10,23,16,21,50.28,2016.8129550498136,15
6663,36.37975,-96.94489,5.041,2.8,-10791855.789809918,4353000.987342262,2016,10,23,16,44,10.0,2016.8129975029788,15
6664,36.42138,-96.91794,5.062,1.54786,-10788855.72953304,4358758.597007207,2016,10,23,22,19,35.67,2016.813635246977,52
6665,36.44659,-96.88873,3.586,2.20705,-10785604.087206967,4362246.74997348,2016,10,23,23,19,7.84,2016.8137484422136,60
6669,36.41179,-96.88406,3.403,1.72889,-10785084.225184964,4357431.98492084,2016,10,24,9,44,27.69,2016.8149373745152,54
6670,36.36668,-96.96906,5.601,1.79412,-10794546.381902391,4351193.9854433425,2016,10,24,10,15,8.23,2016.8149956977084,15
6671,36.41612,-96.89163,4.508,2.0,-10785926.913730271,4358030.945903263,2016,10,24,10,20,15.0,2016.815005418663,54
6672,36.41612,-96.89163,4.508,1.82799,-10785926.913730271,4358030.945903263,2016,10,24,10,30,52.1,2016.8150256071438,54
6673,36.4107,-96.88688,3.333,2.05671,-10785398.146149002,4357281.212474178,2016,10,24,10,58,41.1,2016.8150784945624,54
6675,36.41179,-96.88406,3.403,1.48302,-10785084.225184964,4357431.98492084,2016,10,24,12,36,18.25,2016.8152640964458,54
6676,36.41179,-96.88406,3.403,1.50149,-10785084.225184964,4357431.98492084,2016,10,24,13,5,45.9,2016.8153201098944,54
6678,36.41713,-96.91535,5.389,1.82529,-10788567.412051886,4358170.662159161,2016,10,24,16,14,34.92,2016.8156791048748,52
6679,36.4107,-96.88688,3.333,2.2,-10785398.146149002,4357281.212474178,2016,10,24,19,19,56.0,2016.8160315106345,54
6683,36.41612,-96.89163,4.508,1.837,-10785926.913730271,4358030.945903263,2016,10,25,9,33,51.45,2016.8176550640733,54
6684,36.36781,-96.972,5.457,1.6,-10794873.661205323,4351350.202386987,2016,10,25,13,6,51.0,2016.818060023576,15
6691,36.41829,-96.9166,4.128,1.3541,-10788706.561415378,4358331.1305958135,2016,10,26,8,26,58.72,2016.8202657591198,52
6692,36.41095,-96.86875,3.876,1.85713,-10783379.92378092,4357315.793123604,2016,10,26,9,7,49.28,2016.8203434126804,56
6694,36.44622,-96.88651,3.471,2.31841,-10785356.957937408,4362195.547150897,2016,10,26,16,50,55.87,2016.8212239165844,60
6696,36.4258,-96.90948,5.126,2.1,-10787913.96664093,4359370.083384509,2016,10,27,3,36,29.0,2016.822451295409,51
6702,36.4413,-96.88432,4.095,1.75148,-10785113.16825257,4361514.7112069735,2016,10,28,14,38,56.6,2016.8264486716353,61
6704,36.43946,-96.89478,3.927,2.2,-10786277.570126267,4361260.100725574,2016,10,28,18,29,7.0,2016.8268862968032,50
6705,36.43946,-96.89478,3.927,2.63219,-10786277.570126267,4361260.100725574,2016,10,28,18,30,7.33,2016.8268882085456,50
6706,36.43804,-96.89603,3.477,2.13041,-10786416.719489759,4361063.611981288,2016,10,28,18,52,20.18,2016.8269304440134,50
6708,36.43982,-96.89396,6.255,2.19024,-10786186.28814382,4361309.915344723,2016,10,28,20,56,10.1,2016.8271658839708,50
6710,36.43439,-96.90501,4.238,1.67121,-10787416.368517084,4360558.569382019,2016,10,29,1,34,17.29,2016.827694669113,59
6713,36.41797,-96.91599,4.224,2.46368,-10788638.656525994,4358286.86320148,2016,10,29,6,13,4.65,2016.8282247271657,52
6719,36.41842,-96.91427,5.0,2.25246,-10788447.18700183,4358349.114276864,2016,10,29,7,6,18.55,2016.8283259357493,52
6729,36.4222,-96.9091,5.401,2.05648,-10787871.665234426,4358872.03755152,2016,10,29,16,59,7.3,2016.8294530414228,51
6730,36.43613,-96.8975,3.08,2.5,-10786580.359141225,4360799.326453118,2016,10,29,18,5,35.0,2016.8295794040105,50
6731,36.43229,-96.90783,4.435,1.75766,-10787730.289481122,4360268.007690784,2016,10,29,19,22,56.64,2016.8297264887065,59
6733,36.43439,-96.90501,4.238,1.84196,-10787416.368517084,4360558.569382019,2016,10,30,1,22,42.2,2016.8304104938272,59
6736,36.30995,-97.04607,6.296,2.42195,-10803119.095888382,4343354.255167028,2016,10,30,6,3,2.17,2016.8309434865137,0
6738,36.30995,-97.04607,6.296,2.57904,-10803119.095888382,4343354.255167028,2016,10,30,7,48,37.97,2016.8311442559004,0
6739,36.41887,-96.89477,5.784,1.84758,-10786276.45693136,4358411.365712951,2016,10,30,9,8,24.63,2016.8312959360028,54
6742,36.31264,-97.04195,6.788,3.5,-10802660.459586315,4343725.867396382,2016,10,30,10,21,2.0,2016.831434012726,0
6743,36.31194,-97.04271,7.3,1.37103,-10802745.062399317,4343629.164095149,2016,10,30,10,28,14.35,2016.8314477130707,0
6744,36.31194,-97.04271,7.3,1.36585,-10802745.062399317,4343629.164095149,2016,10,30,10,30,43.48,2016.8314524387151,0
6745,36.31435,-97.04277,7.01,1.47701,-10802751.741568765,4343962.103397845,2016,10,30,10,35,8.58,2016.8314608392272,0
6746,36.31194,-97.04271,7.3,1.36962,-10802745.062399317,4343629.164095149,2016,10,30,10,40,22.77,2016.8314707953077,0
6747,36.31194,-97.04271,7.3,1.39127,-10802745.062399317,4343629.164095149,2016,10,30,10,41,33.27,2016.8314730293177,0
6749,36.30995,-97.04607,6.296,1.99887,-10803119.095888382,4343354.255167028,2016,10,30,10,44,27.58,2016.8314785528685,0
6750,36.30995,-97.04607,6.296,2.06998,-10803119.095888382,4343354.255167028,2016,10,30,10,45,39.72,2016.831480838847,0
6751,36.31264,-97.04195,6.788,1.27934,-10802660.459586315,4343725.867396382,2016,10,30,10,53,53.3,2016.8314964794533,0
6755,36.30995,-97.04607,6.296,2.16755,-10803119.095888382,4343354.255167028,2016,10,30,11,24,22.43,2016.8315544410855,0
6759,36.30995,-97.04607,6.296,2.26373,-10803119.095888382,4343354.255167028,2016,10,30,12,27,56.63,2016.83167530579,0
6762,36.31194,-97.04271,7.3,2.4,-10802745.062399317,4343629.164095149,2016,10,30,13,40,20.0,2016.83181293888,0
6763,36.31194,-97.04271,7.3,1.59756,-10802745.062399317,4343629.164095149,2016,10,30,13,46,11.75,2016.831824085165,0
6764,36.31194,-97.04271,7.3,1.55242,-10802745.062399317,4343629.164095149,2016,10,30,13,50,11.15,2016.8318316712932,0
6765,36.31435,-97.04277,7.01,1.6456,-10802751.741568765,4343962.103397845,2016,10,30,13,54,59.52,2016.831840809187,0
6767,36.31435,-97.04277,7.01,2.09043,-10802751.741568765,4343962.103397845,2016,10,30,14,57,43.63,2016.8319600866353,0
6769,36.42134,-96.90876,4.853,1.9,-10787833.816607557,4358753.063352761,2016,10,30,17,1,16.0,2016.8321949704666,51
6770,36.31435,-97.04277,7.01,2.3,-10802751.741568765,4343962.103397845,2016,10,30,19,53,2.0,2016.8325215478997,0
6772,36.30995,-97.04607,6.296,2.38376,-10803119.095888382,4343354.255167028,2016,10,30,20,22,50.22,2016.8325782131722,0
6776,36.31435,-97.04277,7.01,1.42704,-10802751.741568765,4343962.103397845,2016,10,30,22,18,14.93,2016.8327976439907,0
6777,36.31435,-97.04277,7.01,1.64444,-10802751.741568765,4343962.103397845,2016,10,30,22,18,52.17,2016.832798824055,0
6778,36.31435,-97.04277,7.01,1.53081,-10802751.741568765,4343962.103397845,2016,10,30,22,20,45.0,2016.832802399422,0
6783,36.30995,-97.04607,6.296,2.06099,-10803119.095888382,4343354.255167028,2016,10,31,2,31,52.72,2016.8332798666565,0
6784,36.31435,-97.04277,7.01,1.66983,-10802751.741568765,4343962.103397845,2016,10,31,2,33,3.93,2016.8332821231652,0
6785,36.43268,-96.9085,4.506,3.0,-10787804.873539953,4360321.968553333,2016,10,31,2,53,27.0,2016.833320879915,59
6786,36.43354,-96.90611,4.321,2.3,-10787538.819956956,4360440.960131427,2016,10,31,2,58,31.0,2016.8333305130934,59
6787,36.43354,-96.90611,4.321,1.84241,-10787538.819956956,4360440.960131427,2016,10,31,3,1,13.53,2016.8333356633584,59
6788,36.43082,-96.91106,4.376,2.04658,-10788089.851436384,4360064.619184117,2016,10,31,3,7,40.55,2016.8333479272821,58
6789,36.43439,-96.90501,4.238,1.60265,-10787416.368517084,4360558.569382019,2016,10,31,3,12,41.95,2016.8333574780718,59
6790,36.43481,-96.90523,4.229,2.2,-10787440.858805059,4360616.682663627,2016,10,31,3,57,10.0,2016.8334420234746,59
6791,36.43628,-96.90493,3.089,2.2,-10787407.462957818,4360820.081625748,2016,10,31,4,3,22.0,2016.8334538114432,59
6794,36.31435,-97.04277,7.01,1.41522,-10802751.741568765,4343962.103397845,2016,10,31,5,7,57.2,2016.833576609121,0
6795,36.43354,-96.90611,4.321,1.56965,-10787538.819956956,4360440.960131427,2016,10,31,5,38,8.45,2016.83363400417,59
6799,36.43354,-96.90611,4.321,1.3979,-10787538.819956956,4360440.960131427,2016,10,31,11,27,32.03,2016.834298299934,59
6801,36.444,-96.89368,3.919,1.41741,-10786155.118686395,4361888.335343242,2016,10,31,13,48,7.0,2016.8345655880041,50
6803,36.43481,-96.90523,4.229,1.65261,-10787440.858805059,4360616.682663627,2016,10,31,18,39,44.82,2016.835120060461,59
6804,36.54854,-97.08181,5.158,2.1,-10807097.654489335,4376364.522555357,2016,10,31,21,42,23.0,2016.835467304231,6
6805,36.41422,-96.8739,2.595,1.44534,-10783953.219158504,4357768.118266331,2016,10,31,22,27,11.0,2016.835552481811,56
6806,36.54854,-97.08181,5.158,1.33044,-10807097.654489335,4376364.522555357,2016,11,1,0,29,59.61,2016.8357859789717,6
6808,36.54854,-97.08181,5.158,1.31704,-10807097.654489335,4376364.522555357,2016,11,1,1,19,56.93,2016.8358809583112,6
6810,36.54854,-97.08181,5.158,1.35138,-10807097.654489335,4376364.522555357,2016,11,1,4,33,33.41,2016.8362490623495,6
6811,36.54854,-97.08181,5.158,1.36326,-10807097.654489335,4376364.522555357,2016,11,1,5,10,34.3,2016.8363194381068,6
6813,36.54854,-97.08181,5.158,1.42348,-10807097.654489335,4376364.522555357,2016,11,1,10,0,14.8,2016.836870192917,6
6814,36.54854,-97.08181,5.158,1.59434,-10807097.654489335,4376364.522555357,2016,11,1,12,27,36.7,2016.8371503758208,6
6815,36.54854,-97.08181,5.158,1.97788,-10807097.654489335,4376364.522555357,2016,11,1,18,2,17.53,2016.8377866989251,6
6818,36.31435,-97.04277,7.01,1.50711,-10802751.741568765,4343962.103397845,2016,11,1,21,20,0.83,2016.8381626242174,0
6819,36.54854,-97.08181,5.158,1.44636,-10807097.654489335,4376364.522555357,2016,11,1,23,45,53.78,2016.8384399884656,6
6820,36.42643,-97.01271,5.0,1.7,-10799405.477675518,4359457.243779476,2016,11,2,3,6,2.0,2016.8388205059955,21
6822,36.31569,-96.97282,5.0,1.15891,-10794964.943187775,4344147.227628499,2016,11,2,5,49,32.98,2016.839131397191,11
6824,36.54854,-97.08181,5.158,1.35222,-10807097.654489335,4376364.522555357,2016,11,2,11,1,5.98,2016.8397237426166,6
6825,36.31194,-97.04271,7.3,2.83146,-10802745.062399317,4343629.164095149,2016,11,2,12,36,39.65,2016.839905431655,0
6826,36.44185,-96.89463,5.261,2.5,-10786260.87220265,4361590.818772906,2016,11,2,14,51,17.0,2016.8401613874312,50
6827,36.44185,-96.89463,5.261,2.51781,-10786260.87220265,4361590.818772906,2016,11,2,14,54,0.55,2016.840166570018,50
6829,36.44782,-96.88763,3.62,1.6651,-10785481.635767097,4362416.966517293,2016,11,2,21,24,1.0,2016.8409080855324,60
6830,36.40932,-96.88664,4.096,1.3045,-10785371.429471212,4357090.329291937,2016,11,3,3,29,36.97,2016.8416031944762,54
6832,36.31435,-97.04277,7.01,1.47617,-10802751.741568765,4343962.103397845,2016,11,3,3,42,53.38,2016.841628431186,0
6835,36.31194,-97.04271,7.3,1.54189,-10802745.062399317,4343629.164095149,2016,11,3,5,30,37.27,2016.8418332595002,0
6836,36.42643,-97.01271,5.0,1.61653,-10799405.477675518,4359457.243779476,2016,11,3,5,33,53.65,2016.8418394824068,21
6838,36.31194,-97.04271,7.3,1.5341,-10802745.062399317,4343629.164095149,2016,11,3,5,58,55.72,2016.841887080133,0
6842,36.38122,-96.93248,2.487,1.63326,-10790474.314929174,4353204.242206219,2016,11,3,21,11,26.45,2016.843622026073,15
6843,36.38122,-96.93248,2.487,1.5,-10790474.314929174,4353204.242206219,2016,11,3,22,49,15.0,2016.8438079892007,15
6847,36.40932,-96.88664,4.096,1.20231,-10785371.429471212,4357090.329291937,2016,11,4,5,41,49.55,2016.844592413555,54
6848,36.41169,-96.88684,4.059,1.42619,-10785393.69336937,4357418.152498142,2016,11,4,6,31,37.07,2016.844687082351,54
6849,36.41076,-96.88525,3.286,1.38579,-10785216.695379008,4357289.51181989,2016,11,4,16,0,5.0,2016.845767897432,54
6850,36.44185,-96.89463,5.261,1.98279,-10786260.87220265,4361590.818772906,2016,11,4,21,4,1.98,2016.8463457924556,50
6851,36.54854,-97.08181,5.158,1.23128,-10807097.654489335,4376364.522555357,2016,11,4,23,0,8.78,2016.8465665570259,6
6853,36.32712,-96.7747,3.726,2.6,-10772910.32567181,4345726.439046419,2016,11,5,15,40,30.0,2016.848468514716,5
6856,36.42138,-96.91794,5.062,1.66161,-10788855.72953304,4358758.597007207,2016,11,6,6,16,54.57,2016.8501348191878,52
6861,36.32712,-96.7747,3.726,2.23845,-10772910.32567181,4345726.439046419,2016,11,6,17,59,19.97,2016.851470326324,5
6863,36.32591,-96.77515,2.899,1.6,-10772960.419442669,4345559.249972934,2016,11,6,18,59,45.0,2016.8515851965929,5
6874,36.31435,-97.04277,7.01,1.96193,-10802751.741568765,4343962.103397845,2016,11,7,11,59,24.45,2016.853523856377,0
6875,36.4447,-96.88954,2.523,1.24223,-10785694.255994512,4361985.202982365,2016,11,7,14,39,19.0,2016.8538278893197,60
6876,36.31264,-97.04195,6.788,1.59854,-10802660.459586315,4343725.867396382,2016,11,8,0,40,14.27,2016.8549704118818,0
6879,36.44185,-96.89463,5.261,1.90482,-10786260.87220265,4361590.818772906,2016,11,8,7,47,26.18,2016.8557826380968,50
6880,36.44185,-96.89463,5.261,2.04447,-10786260.87220265,4361590.818772906,2016,11,8,9,24,0.35,2016.8559662442644,50
6881,36.41891,-96.88844,3.917,1.29994,-10785571.80455464,4358416.899191394,2016,11,8,9,57,23.0,2016.8560297044135,54
6887,36.41713,-96.91535,5.389,2.2,-10788567.412051886,4358170.662159161,2016,11,9,0,52,23.0,2016.8577313547291,52
6891,36.40555,-96.88866,2.763,1.81069,-10785596.294842612,4356568.875853041,2016,11,9,4,34,45.55,2016.8581541546253,54
6892,36.40932,-96.88664,4.096,1.61095,-10785371.429471212,4357090.329291937,2016,11,9,5,16,19.32,2016.858233177428,54
6896,36.4236,-96.91489,5.345,2.05313,-10788516.205086121,4359065.719298245,2016,11,10,12,24,9.36,2016.8617844626967,52
6897,36.31264,-97.04195,6.788,1.86447,-10802660.459586315,4343725.867396382,2016,11,10,15,22,40.63,2016.8621238823612,0
6898,36.31435,-97.04277,7.01,1.46075,-10802751.741568765,4343962.103397845,2016,11,10,15,36,48.35,2016.862150744987,0
6899,36.42384,-96.91783,4.96,1.84472,-10788843.484389052,4359098.922234033,2016,11,10,17,15,20.25,2016.8623380817933,52
6900,36.40924,-96.90959,5.102,1.49339,-10787926.211784916,4357079.263704194,2016,11,10,17,21,26.0,2016.8623496717114,53
6907,36.31194,-97.04271,7.3,1.35891,-10802745.062399317,4343629.164095149,2016,11,11,3,54,42.43,2016.863553705922,0
6908,36.31435,-97.04277,7.01,1.48862,-10802751.741568765,4343962.103397845,2016,11,11,4,10,43.75,2016.8635841683144,0
6909,36.40899,-96.87816,4.252,1.38359,-10784427.440189283,4357044.683815941,2016,11,11,5,47,23.5,2016.8637679513017,56
6911,36.40899,-96.87816,4.252,1.50902,-10784427.440189283,4357044.683815941,2016,11,11,6,43,27.75,2016.8638745579512,56
6912,36.44185,-96.89463,5.261,2.38844,-10786260.87220265,4361590.818772906,2016,11,11,9,45,14.22,2016.8642201631303,50
6915,36.40899,-96.87816,4.252,1.76503,-10784427.440189283,4357044.683815941,2016,11,11,11,40,35.09,2016.8644394722667,56
6917,36.43481,-96.90523,4.229,1.39762,-10787440.858805059,4360616.682663627,2016,11,11,22,37,2.42,2016.8656875814384,59
6918,36.41807,-96.87991,2.719,1.7,-10784622.24929817,4358300.696742617,2016,11,12,0,27,13.0,2016.865897058078,55
6920,36.31435,-97.04277,7.01,2.01165,-10802751.741568765,4343962.103397845,2016,11,12,1,30,31.22,2016.8660174164067,0
6928,36.42101,-96.92085,4.072,1.62183,-10789179.669251248,4358707.410812344,2016,11,12,15,58,31.05,2016.8676677266333,52
6929,36.44595,-96.8876,3.849,2.04665,-10785478.296182374,4362158.183083126,2016,11,12,18,39,42.42,2016.867974193855,60
6930,36.44595,-96.8876,3.849,1.74517,-10785478.296182374,4362158.183083126,2016,11,12,19,25,58.64,2016.8680621669582,60
6934,36.44647,-96.88798,3.297,2.29643,-10785520.597588874,4362230.143625884,2016,11,13,2,16,21.97,2016.8688424332015,60
6943,36.41495,-97.02242,4.489,1.6,-10800486.389931122,4357869.098650483,2016,11,14,19,30,48.0,2016.8735470377976,21
6944,36.43804,-96.89603,3.477,2.27573,-10786416.719489759,4361063.611981288,2016,11,14,21,12,7.38,2016.8737396817248,50
6946,36.43972,-96.89685,3.17,1.9,-10786508.00147221,4361296.077927334,2016,11,15,0,32,3.0,2016.8741197999848,50
6947,36.43804,-96.89603,3.477,1.93394,-10786416.719489759,4361063.611981288,2016,11,15,1,25,40.5,2016.8742217564072,50
6948,36.43804,-96.89603,3.477,2.2,-10786416.719489759,4361063.611981288,2016,11,15,1,27,0.0,2016.8742242756102,50
6949,36.43804,-96.89603,3.477,1.94033,-10786416.719489759,4361063.611981288,2016,11,15,1,31,12.45,2016.874232275268,50
6952,36.41612,-96.89163,4.508,1.51543,-10785926.913730271,4358030.945903263,2016,11,15,9,26,13.45,2016.875135417459,54
6954,36.43804,-96.89603,3.477,2.2445,-10786416.719489759,4361063.611981288,2016,11,15,18,42,23.32,2016.8761928448298,50
6955,36.43946,-96.89478,3.927,1.64071,-10786277.570126267,4361260.100725574,2016,11,15,23,41,8.5,2016.8767608595076,50
6961,36.44622,-96.88651,3.471,2.42198,-10785356.957937408,4362195.547150897,2016,11,17,14,38,33.72,2016.8812049623546,60
6962,36.41713,-96.91535,5.389,1.94356,-10788567.412051886,4358170.662159161,2016,11,17,15,1,41.97,2016.8812489533425,52
6964,36.41797,-96.91599,4.224,1.88079,-10788638.656525994,4358286.86320148,2016,11,17,16,16,30.48,2016.8813911856414,52
6965,36.41797,-96.91599,4.224,1.91833,-10788638.656525994,4358286.86320148,2016,11,17,21,16,41.77,2016.8819619289807,52
6966,36.4222,-96.9091,5.401,1.95245,-10787871.665234426,4358872.03755152,2016,11,17,21,22,0.66,2016.881972033995,51
6968,36.41147,-96.86867,3.531,1.65781,-10783371.018221656,4357387.721230886,2016,11,18,9,13,31.92,2016.8833248383908,56
6970,36.42008,-96.91643,4.701,2.1,-10788687.637101943,4358578.754696751,2016,11,18,14,54,51.0,2016.8839737812762,52
6971,36.31435,-97.04277,7.01,2.22171,-10802751.741568765,4343962.103397845,2016,11,19,21,55,37.08,2016.8875116320633,0
6972,36.31435,-97.04277,7.01,2.22925,-10802751.741568765,4343962.103397845,2016,11,19,21,57,39.85,2016.8875155224098,0
6973,36.30995,-97.04607,6.296,1.9835,-10803119.095888382,4343354.255167028,2016,11,19,22,6,1.47,2016.8875314177885,0
6974,36.31435,-97.04277,7.01,1.39669,-10802751.741568765,4343962.103397845,2016,11,19,22,37,28.8,2016.8875912236672,0
6979,36.41713,-96.91535,5.389,1.98959,-10788567.412051886,4358170.662159161,2016,11,20,4,56,56.05,2016.8883126742844,52
6984,36.31435,-97.04277,7.01,1.47952,-10802751.741568765,4343962.103397845,2016,11,21,4,34,50.0,2016.8910085050827,0
6985,36.31435,-97.04277,7.01,2.14438,-10802751.741568765,4343962.103397845,2016,11,21,4,58,0.77,2016.8910525759247,0
6987,36.43946,-96.89478,3.927,1.52626,-10786277.570126267,4361260.100725574,2016,11,21,8,34,0.93,2016.891463258613,50
6990,36.44659,-96.88873,3.586,1.7,-10785604.087206967,4362246.74997348,2016,11,22,8,40,18.0,2016.8942130580272,60
6992,36.43946,-96.89478,3.927,1.76319,-10786277.570126267,4361260.100725574,2016,11,22,9,18,15.3,2016.8942852213097,50
6993,36.43946,-96.89478,3.927,1.79958,-10786277.570126267,4361260.100725574,2016,11,22,9,37,52.85,2016.8943225356174,50
6994,36.41213,-96.86994,3.343,1.8181,-10783512.393974962,4357479.0152912075,2016,11,22,14,27,56.14,2016.894874012599,56
7007,36.44659,-96.88873,3.586,2.78174,-10785604.087206967,4362246.74997348,2016,11,25,18,54,46.45,2016.9035949010697,60
7008,36.41829,-96.9166,4.128,1.24613,-10788706.561415378,4358331.1305958135,2016,11,25,22,47,5.95,2016.9040366171698,52
7010,36.31435,-97.04277,7.01,1.47342,-10802751.741568765,4343962.103397845,2016,11,25,23,36,2.08,2016.904129657515,0
7012,36.44659,-96.88873,3.586,1.46121,-10785604.087206967,4362246.74997348,2016,11,26,1,50,4.62,2016.904384510229,60
7022,36.44674,-96.888,4.181,1.9835,-10785522.82397869,4362267.507944091,2016,11,28,2,28,50.17,2016.9099339040358,60
7025,36.41722,-96.88931,3.577,1.44941,-10785668.652511628,4358183.112210724,2016,11,28,17,58,48.0,2016.9117020305728,54
7033,36.41612,-96.89163,4.508,1.53747,-10785926.913730271,4358030.945903263,2016,11,30,11,44,2.52,2016.9164652102822,54
7035,36.43229,-96.90783,4.435,1.67811,-10787730.289481122,4360268.007690784,2016,12,1,6,3,7.42,2016.9185548780642,59
7037,36.41628,-96.89044,3.776,2.22987,-10785794.443536226,4358053.07905041,2016,12,1,9,48,31.35,2016.9189834255458,54
7042,36.42138,-96.91794,5.062,2.53613,-10788855.72953304,4358758.597007207,2016,12,1,16,38,50.4,2016.919763556164,52
7045,36.42031,-96.91531,5.226,1.88616,-10788562.959272254,4358610.572732471,2016,12,2,13,43,26.7,2016.9221679310215,52
7047,36.42276,-96.90898,4.089,1.6,-10787858.306895534,4358949.509831165,2016,12,3,3,15,54.0,2016.9237126397445,51
7048,36.42101,-96.92085,4.072,1.653,-10789179.669251248,4358707.410812344,2016,12,3,5,52,15.62,2016.924009925343,52
7049,36.42101,-96.92085,4.072,1.21327,-10789179.669251248,4358707.410812344,2016,12,3,15,46,10.0,2016.9251391107055,52
7051,36.42101,-96.92085,4.072,1.43385,-10789179.669251248,4358707.410812344,2016,12,3,16,7,3.39,2016.925178828238,52
7052,36.42101,-96.92085,4.072,1.2814,-10789179.669251248,4358707.410812344,2016,12,3,16,24,32.12,2016.9252120604863,52
7053,36.42101,-96.92085,4.072,1.26717,-10789179.669251248,4358707.410812344,2016,12,3,16,31,45.07,2016.925225779844,52
7054,36.42101,-96.92085,4.072,1.25087,-10789179.669251248,4358707.410812344,2016,12,3,19,14,56.09,2016.9255360385455,52
7055,36.42101,-96.92085,4.072,1.32382,-10789179.669251248,4358707.410812344,2016,12,3,19,19,37.32,2016.9255449501863,52
7056,36.42101,-96.92085,4.072,1.22467,-10789179.669251248,4358707.410812344,2016,12,3,20,18,33.42,2016.9256570024336,52
7057,36.42101,-96.92085,4.072,1.28848,-10789179.669251248,4358707.410812344,2016,12,4,0,39,9.5,2016.9261524799097,52
7059,36.42101,-96.92085,4.072,1.18543,-10789179.669251248,4358707.410812344,2016,12,4,5,48,13.59,2016.926740106662,52
7064,36.42101,-96.92085,4.072,1.19378,-10789179.669251248,4358707.410812344,2016,12,4,13,29,50.94,2016.9276177827212,52
7068,36.42101,-96.92085,4.072,1.53161,-10789179.669251248,4358707.410812344,2016,12,5,7,55,7.69,2016.9297192337187,52
7069,36.42101,-96.92085,4.072,1.19709,-10789179.669251248,4358707.410812344,2016,12,5,8,2,2.92,2016.9297323915634,52
7074,36.44647,-96.88798,3.297,2.23848,-10785520.597588874,4362230.143625884,2016,12,6,9,17,28.09,2016.9326136363347,60
7075,36.41478,-96.88863,4.256,1.48279,-10785592.95525789,4357845.58258584,2016,12,6,12,29,12.3,2016.9329781827516,54
7081,36.44659,-96.88873,3.586,2.34684,-10785604.087206967,4362246.74997348,2016,12,7,21,58,23.64,2016.9367982241995,60
7083,36.44622,-96.88651,3.471,2.2,-10785356.957937408,4362195.547150897,2016,12,8,5,47,18.0,2016.9376897482698,60
7086,36.43382,-96.9055,4.68,1.86765,-10787470.915067572,4360479.701859955,2016,12,8,15,8,53.84,2016.9387575050066,59
7087,36.44674,-96.888,4.181,2.2,-10785522.82397869,4362267.507944091,2016,12,8,17,7,2.0,2016.9389821152433,60
7088,36.41713,-96.91535,5.389,1.56535,-10788567.412051886,4358170.662159161,2016,12,8,22,13,2.39,2016.9395639208938,52
7098,36.44657,-96.88889,3.621,1.55344,-10785621.898325495,4362243.9822470965,2016,12,10,7,47,43.28,2016.9433944051511,60
7099,36.42384,-96.91783,4.96,1.69562,-10788843.484389052,4359098.922234033,2016,12,10,15,32,43.4,2016.9442785066037,52
7102,36.42242,-96.92132,3.994,1.53962,-10789231.98941192,4358902.473023321,2016,12,12,1,51,58.0,2016.9481937156183,52
7103,36.42384,-96.91783,4.96,1.49285,-10788843.484389052,4359098.922234033,2016,12,12,7,20,5.17,2016.94881756439,52
7106,36.41713,-96.91535,5.389,1.7411,-10788567.412051886,4358170.662159161,2016,12,13,6,45,20.57,2016.9514893581895,52
7108,36.31264,-97.04195,6.788,1.41898,-10802660.459586315,4343725.867396382,2016,12,13,8,15,39.75,2016.951661081641,0
7109,36.44549,-96.88698,4.48,2.1,-10785409.27809808,4362094.526081959,2016,12,13,18,56,59.0,2016.9528804154943,60
7112,36.38122,-96.93248,2.487,1.40506,-10790474.314929174,4353204.242206219,2016,12,14,12,12,19.15,2016.9548488842624,15
7113,36.44647,-96.88798,3.297,2.29746,-10785520.597588874,4362230.143625884,2016,12,15,6,46,22.84,2016.9569670329809,60
7117,36.4198,-96.90841,4.415,1.57861,-10787794.85478578,4358540.01982394,2016,12,16,17,22,30.0,2016.960914328086,51
7118,36.44725,-96.89008,3.414,1.6,-10785754.368519539,4362338.085344382,2016,12,16,18,53,52.0,2016.9610880421833,60
7119,36.30995,-97.04607,6.296,2.01447,-10803119.095888382,4343354.255167028,2016,12,17,4,48,13.0,2016.9622180710828,0
7121,36.41713,-96.91535,5.389,2.75438,-10788567.412051886,4358170.662159161,2016,12,17,22,5,27.75,2016.9641901713057,52
7122,36.43439,-96.90501,4.238,1.83157,-10787416.368517084,4360558.569382019,2016,12,18,7,28,16.92,2016.9652602517301,59
7123,36.43439,-96.90501,4.238,1.69327,-10787416.368517084,4360558.569382019,2016,12,18,7,37,4.29,2016.965276963077,59
7124,36.43439,-96.90501,4.238,1.52578,-10787416.368517084,4360558.569382019,2016,12,18,8,28,3.29,2016.9653738969378,59
7125,36.43382,-96.9055,4.68,1.67344,-10787470.915067572,4360479.701859955,2016,12,18,8,41,20.32,2016.9653991532944,59
7126,36.43382,-96.9055,4.68,1.93164,-10787470.915067572,4360479.701859955,2016,12,18,8,46,56.24,2016.9654097979567,59
7127,36.43439,-96.90501,4.238,1.54464,-10787416.368517084,4360558.569382019,2016,12,18,8,58,22.34,2016.9654315391538,59
7128,36.43382,-96.9055,4.68,1.64382,-10787470.915067572,4360479.701859955,2016,12,18,11,34,40.04,2016.9657287005348,59
7130,36.35714,-97.09135,7.498,1.26615,-10808159.642431503,4349875.217767743,2016,12,18,16,48,6.33,2016.966324635904,10
7132,36.35714,-97.09135,7.498,1.4158,-10808159.642431503,4349875.217767743,2016,12,18,20,5,14.48,2016.9666994473598,10
7134,36.35714,-97.09135,7.498,2.5,-10808159.642431503,4349875.217767743,2016,12,19,5,0,40.0,2016.9677174436586,10
7135,36.41713,-96.91535,5.389,1.4736,-10788567.412051886,4358170.662159161,2016,12,19,5,8,38.12,2016.9677325943671,52
7137,36.43382,-96.9055,4.68,1.6591,-10787470.915067572,4360479.701859955,2016,12,19,6,30,51.72,2016.9678889307172,59
7138,36.41713,-96.91535,5.389,1.58726,-10788567.412051886,4358170.662159161,2016,12,19,11,7,26.07,2016.9684147739372,52
7139,36.38642,-96.94259,6.194,1.20304,-10791599.754981095,4353923.269839725,2016,12,20,0,23,33.38,2016.9699284286512,15
7140,36.38642,-96.94259,6.194,1.17715,-10791599.754981095,4353923.269839725,2016,12,20,5,59,50.28,2016.97056779603,15
7141,36.38642,-96.94259,6.194,1.57336,-10791599.754981095,4353923.269839725,2016,12,20,7,43,3.6,2016.9707640504982,15
7144,36.43439,-96.90501,4.238,2.4,-10787416.368517084,4360558.569382019,2016,12,20,17,17,33.0,2016.9718563198721,59
7145,36.43439,-96.90501,4.238,3.04446,-10787416.368517084,4360558.569382019,2016,12,20,17,18,32.09,2016.9718581923214,59
7146,36.43439,-96.90501,4.238,1.83843,-10787416.368517084,4360558.569382019,2016,12,20,17,24,23.22,2016.9718693189595,59
7147,36.43209,-96.90909,4.444,2.36196,-10787870.55203952,4360240.335558746,2016,12,20,17,29,11.78,2016.9718784628742,58
7148,36.43439,-96.90501,4.238,1.66356,-10787416.368517084,4360558.569382019,2016,12,20,21,9,37.82,2016.9722975707912,59
7149,36.44481,-96.88765,3.401,2.0,-10785483.862156913,4362000.425119398,2016,12,21,0,35,22.0,2016.972688734251,60
7150,36.44657,-96.88889,3.621,2.4,-10785621.898325495,4362243.9822470965,2016,12,21,3,41,28.0,2016.9730425634395,60
7151,36.44546,-96.88858,3.561,2.98263,-10785587.389283352,4362090.374551514,2016,12,21,3,42,37.38,2016.973044761959,60
7152,36.44657,-96.88889,3.621,1.62013,-10785621.898325495,4362243.9822470965,2016,12,21,3,45,32.61,2016.9730503146627,60
7153,36.44657,-96.88889,3.621,1.49336,-10785621.898325495,4362243.9822470965,2016,12,21,4,21,36.33,2016.973118878812,60
7158,36.44185,-96.89463,5.261,2.34154,-10786260.87220265,4361590.818772906,2016,12,21,22,12,56.05,2016.975155780224,50
7159,36.43382,-96.9055,4.68,1.9408,-10787470.915067572,4360479.701859955,2016,12,21,22,19,18.82,2016.9751679094734,59
7160,36.44659,-96.88873,3.586,1.87558,-10785604.087206967,4362246.74997348,2016,12,22,3,44,1.55,2016.9757852799326,60
7162,36.44659,-96.88873,3.586,1.58658,-10785604.087206967,4362246.74997348,2016,12,22,6,54,17.57,2016.976147031777,60
7163,36.44657,-96.88889,3.621,1.66638,-10785621.898325495,4362243.9822470965,2016,12,22,18,48,17.73,2016.9775045545289,60
7165,36.30995,-97.04607,6.296,2.03334,-10803119.095888382,4343354.255167028,2016,12,23,7,59,27.45,2016.9790087791848,0
7166,36.30995,-97.04607,6.296,2.0,-10803119.095888382,4343354.255167028,2016,12,23,8,4,20.0,2016.9790180495347,0
7167,36.42384,-96.91783,4.96,2.07877,-10788843.484389052,4359098.922234033,2016,12,23,12,25,47.03,2016.979515141519,52
7187,36.47098,-97.0442,5.0,2.02845,-10802910.9284406,4365622.523495137,2016,12,24,13,16,28.59,2016.9823493735264,22
7189,36.42384,-96.91783,4.96,2.4,-10788843.484389052,4359098.922234033,2016,12,24,17,54,21.0,2016.9828776903187,52
7190,36.44657,-96.88889,3.621,2.18755,-10785621.898325495,4362243.9822470965,2016,12,24,19,8,2.96,2016.9830178137754,60
7191,36.44657,-96.88889,3.621,2.85469,-10785621.898325495,4362243.9822470965,2016,12,24,19,9,2.13,2016.9830196887597,60
7194,36.44647,-96.88798,3.297,2.3,-10785520.597588874,4362230.143625884,2016,12,25,1,16,35.0,2016.9837185020408,60
7195,36.44546,-96.88858,3.561,1.8,-10785587.389283352,4362090.374551514,2016,12,25,1,17,44.0,2016.9837206885188,60
7196,36.4222,-96.9091,5.401,2.19365,-10787871.665234426,4358872.03755152,2016,12,25,7,36,34.03,2016.9844409597054,51
7197,36.4222,-96.9091,5.401,1.97984,-10787871.665234426,4358872.03755152,2016,12,25,8,1,47.41,2016.9844889158237,51
7198,36.42384,-96.91783,4.96,1.97995,-10788843.484389052,4359098.922234033,2016,12,25,8,3,14.67,2016.9844916809263,52
7204,36.41797,-96.91599,4.224,1.54474,-10788638.656525994,4358286.86320148,2016,12,26,9,0,40.05,2016.9873387092175,52
7205,36.41797,-96.91599,4.224,1.44457,-10788638.656525994,4358286.86320148,2016,12,26,9,53,6.4,2016.9874384110326,52
7206,36.42155,-96.91522,4.75,2.4,-10788552.940518083,4358782.115070403,2016,12,26,15,29,31.0,2016.9880780224098,52
7207,36.4222,-96.9091,5.401,2.80324,-10787871.665234426,4358872.03755152,2016,12,26,15,30,45.53,2016.988080384123,51
7208,36.41797,-96.91599,4.224,1.46684,-10788638.656525994,4358286.86320148,2016,12,26,15,38,18.9,2016.9880947505515,52
7209,36.41797,-96.91599,4.224,2.0889,-10788638.656525994,4358286.86320148,2016,12,26,15,39,15.5,2016.988096544097,52
7210,36.44647,-96.88798,3.297,2.50575,-10785520.597588874,4362230.143625884,2016,12,26,19,0,8.5,2016.9884784806195,60
7211,36.44647,-96.88798,3.297,2.32375,-10785520.597588874,4362230.143625884,2016,12,27,9,31,54.97,2016.990135972634,60
7214,36.43382,-96.9055,4.68,1.88631,-10787470.915067572,4360479.701859955,2016,12,27,22,9,52.47,2016.9915770676478,59
7215,36.43382,-96.9055,4.68,1.95408,-10787470.915067572,4360479.701859955,2016,12,27,22,18,44.07,2016.991593913035,59
7216,36.42341,-96.91774,4.357,2.4,-10788833.46563488,4359039.433713528,2016,12,27,22,59,1.0,2016.9916705009252,52
7220,36.42384,-96.91783,4.96,1.92091,-10788843.484389052,4359098.922234033,2016,12,28,2,49,59.05,2016.9921096360306,52
7222,36.43382,-96.9055,4.68,1.67618,-10787470.915067572,4360479.701859955,2016,12,28,9,42,58.34,2016.992894844348,59
7223,36.43382,-96.9055,4.68,1.67395,-10787470.915067572,4360479.701859955,2016,12,28,10,59,52.87,2016.9930410699799,59
7225,36.43382,-96.9055,4.68,2.26579,-10787470.915067572,4360479.701859955,2016,12,28,15,47,38.02,2016.9935881695692,59
7226,36.43382,-96.9055,4.68,1.99711,-10787470.915067572,4360479.701859955,2016,12,28,16,13,19.29,2016.9936370094683,59
7227,36.43382,-96.9055,4.68,2.2699,-10787470.915067572,4360479.701859955,2016,12,29,1,50,5.27,2016.9947336068014,59
7228,36.43382,-96.9055,4.68,1.75176,-10787470.915067572,4360479.701859955,2016,12,29,2,41,57.65,2016.9948322321723,59
7230,36.43382,-96.9055,4.68,1.74007,-10787470.915067572,4360479.701859955,2016,12,29,9,6,51.07,2016.9955640184933,59
7231,36.43382,-96.9055,4.68,2.8,-10787470.915067572,4360479.701859955,2016,12,29,9,49,14.0,2016.9956445990824,59
7232,36.43382,-96.9055,4.68,2.45227,-10787470.915067572,4360479.701859955,2016,12,29,9,51,53.07,2016.9956496397065,59
7233,36.43439,-96.90501,4.238,2.22043,-10787416.368517084,4360558.569382019,2016,12,29,13,40,15.15,2016.9960838324207,59
7234,36.43382,-96.9055,4.68,2.69146,-10787470.915067572,4360479.701859955,2016,12,29,13,42,5.04,2016.9960873146247,59
7235,36.43382,-96.9055,4.68,1.84184,-10787470.915067572,4360479.701859955,2016,12,29,13,54,53.92,2016.9961116789616,59
7243,36.43381,-96.90656,3.802,0.79926,-10787588.913727812,4360478.318224388,2016,12,30,10,56,11.89,2016.9985097691206,59
7244,36.43381,-96.90656,3.802,1.26624,-10787588.913727812,4360478.318224388,2016,12,30,13,27,28.89,2016.9987974018936,59
7245,36.43381,-96.90656,3.802,1.17288,-10787588.913727812,4360478.318224388,2016,12,30,16,43,2.02,2016.9991692023475,59
7246,36.43982,-96.89396,6.255,2.06448,-10786186.28814382,4361309.915344723,2016,12,30,17,44,49.53,2016.99928668625,50
7249,36.43382,-96.9055,4.68,2.17865,-10787470.915067572,4360479.701859955,2016,12,30,19,45,13.42,2016.9995155975105,59
7250,36.43382,-96.9055,4.68,1.8809,-10787470.915067572,4360479.701859955,2016,12,30,22,0,25.84,2016.999772664588,59
7251,36.43381,-96.90656,3.802,1.6,-10787588.913727812,4360478.318224388,2016,12,30,22,16,41.0,2016.9998035655437,59
7252,36.4251,-96.8481,0.0,0.83,-10781081.176296039,4359273.239330692,2016,1,1,2,7,11.0,2016.0029796625852,36
7254,36.4212,-96.8336,0.0,1.37,-10779467.043679535,4358733.695584647,2016,1,1,4,16,46.0,2016.003226037468,30
7255,36.4618,-96.8404,0.0,0.9,-10780224.01621693,4364351.8125398075,2016,1,1,5,22,58.0,2016.0033519025528,25
7256,36.4308,-96.8922,0.0,1.07,-10785990.365840022,4360061.852020108,2016,1,1,7,49,0.0,2016.0036295535783,50
7257,36.4175,-96.808,0.0,0.71,-10776617.26471523,4358221.845796738,2016,1,1,10,52,16.0,2016.0039779957917,19
7259,36.4286,-96.8742,0.0,1.26,-10783986.615005743,4359757.468331449,2016,1,1,17,19,41.0,2016.004714585393,45
7261,36.4293,-96.9131,0.0,1.26,-10788316.9431976,4359854.316751253,2016,1,1,18,53,2.0,2016.004892070373,58
7264,36.4223,-96.8349,0.0,0.56,-10779611.759017568,4358885.871846195,2016,1,1,21,21,38.0,2016.005174601364,30
7265,36.4618,-96.8404,0.0,1.0,-10780224.01621693,4364351.8125398075,2016,1,1,23,18,17.0,2016.0053963862904,25
7266,36.4354,-96.8747,0.0,0.63,-10784042.27475114,4360698.318518952,2016,1,1,23,27,0.0,2016.0054129591604,44
7267,36.413,-96.8738,0.0,0.85,-10783942.087209426,4357599.358646789,2016,1,1,23,53,18.0,2016.005462962963,56
7268,36.4336,-96.907,0.0,0.31,-10787637.894303761,4360449.261918631,2016,1,2,2,33,23.0,2016.0057673270464,59
7270,36.4293,-96.9131,0.0,1.0,-10788316.9431976,4359854.316751253,2016,1,2,3,36,13.0,2016.0058867911375,58
7271,36.4371,-96.8361,0.0,1.05,-10779745.342406519,4360933.543945174,2016,1,2,5,49,36.0,2016.0061403909042,28
7272,36.3835,-96.9274,0.0,0.77,-10789908.811915945,4353519.502249293,2016,1,2,6,3,27.0,2016.0061667237053,15
7273,36.4308,-96.8922,0.0,0.45,-10785990.365840022,4360061.852020108,2016,1,2,7,18,40.0,2016.0063097320456,50
7276,36.4336,-96.907,0.0,0.35,-10787637.894303761,4360449.261918631,2016,1,2,11,1,55.0,2016.0067341939819,59
7277,36.3835,-96.9274,0.0,0.85,-10789908.811915945,4353519.502249293,2016,1,2,11,22,25.0,2016.0067731703298,15
7278,36.4314,-96.8599,0.0,0.63,-10782394.746287398,4360144.867250516,2016,1,2,13,57,30.0,2016.0070680279869,48
7279,36.413,-96.8738,0.0,1.09,-10783942.087209426,4357599.358646789,2016,1,2,16,29,46.0,2016.0073575303572,56
7280,36.4293,-96.9131,0.0,1.37,-10788316.9431976,4359854.316751253,2016,1,2,16,57,33.0,2016.0074103543996,58
7281,36.3974,-96.9966,7.552,1.73,-10797612.120678838,4355441.682334235,2016,1,2,17,27,17.0,2016.0074668859481,17
7282,36.4161,-96.8782,0.0,0.95,-10784431.892968917,4358028.179263074,2016,1,2,17,35,39.0,2016.0074827933684,55
7284,36.4288,-96.8789,0.0,0.74,-10784509.81661247,4359785.139219427,2016,1,2,18,53,45.0,2016.0076312837477,45
7285,36.4247,-96.8413,0.0,2.65,-10780324.203758644,4359217.900263378,2016,1,2,20,27,43.0,2016.007809941187,37
7286,36.4413,-96.8731,0.0,0.7,-10783864.16356587,4361514.7112069735,2016,1,2,21,32,36.0,2016.0079333029128,42
7287,36.4529,-96.8512,0.0,0.9,-10781426.266717497,4363120.00327431,2016,1,2,22,54,12.0,2016.0080884477907,47
7288,36.3974,-96.9966,7.552,1.33,-10797612.120678838,4355441.682334235,2016,1,3,0,36,4.0,2016.0082821253834,17
7289,36.4336,-96.907,0.0,0.33,-10787637.894303761,4360449.261918631,2016,1,3,0,51,14.0,2016.0083109615434,59
7291,36.4175,-96.808,0.0,0.51,-10776617.26471523,4358221.845796738,2016,1,3,10,55,19.0,2016.0094594962861,19
7292,36.3915,-96.8345,0.0,1.73,-10779567.23122125,4354625.750965185,2016,1,3,11,14,7.0,2016.0094952404493,20
7293,36.4214,-96.9087,0.0,0.58,-10787827.137438111,4358761.363835499,2016,1,3,14,6,42.0,2016.0098233705985,51
7295,36.412,-96.9116,0.0,2.38,-10788149.963961411,4357461.033066466,2016,1,3,20,56,29.0,2016.0106024856136,53
7296,36.4247,-96.9088,0.0,1.42,-10787838.26938719,4359217.900263378,2016,1,3,22,7,26.0,2016.0107373818034,51
7297,36.4288,-96.8789,0.0,0.59,-10784509.81661247,4359785.139219427,2016,1,3,23,17,51.0,2016.0108712639744,45
7299,36.4212,-96.8336,0.0,0.59,-10779467.043679535,4358733.695584647,2016,1,4,0,10,57.0,2016.0109722222223,30
7302,36.412,-96.9116,0.0,1.1,-10788149.963961411,4357461.033066466,2016,1,4,2,37,22.0,2016.0112506020737,53
7303,36.4308,-96.8922,0.0,0.51,-10785990.365840022,4360061.852020108,2016,1,4,3,0,54.0,2016.0112953456537,50
7304,36.412,-96.9116,0.0,0.91,-10788149.963961411,4357461.033066466,2016,1,4,3,40,47.0,2016.0113711752479,53
7307,36.4293,-96.9131,0.0,0.77,-10788316.9431976,4359854.316751253,2016,1,4,9,24,5.0,2016.0120238864806,58
7308,36.4371,-96.8534,0.0,0.98,-10781671.169597242,4360933.543945174,2016,1,4,9,40,9.0,2016.0120544337972,48
7309,36.4342,-96.897,0.0,0.48,-10786524.69939583,4360532.280143644,2016,1,4,10,38,1.0,2016.012164454838,50
7310,36.3906,-96.8916,0.0,0.75,-10785923.574145544,4354501.29230191,2016,1,4,10,58,8.0,2016.0122027023601,18
7311,36.4214,-96.9087,0.0,0.65,-10787827.137438111,4358761.363835499,2016,1,4,12,16,54.0,2016.0123524602632,51
7312,36.4138,-96.8142,0.0,2.08,-10777307.445558146,4357710.020393209,2016,1,4,16,6,39.0,2016.0127892805538,19
7313,36.4247,-96.8272,0.0,1.01,-10778754.59893846,4359217.900263378,2016,1,4,18,29,18.0,2016.0130604988972,26
7314,36.4379,-96.9044,0.0,0.57,-10787348.4636277,4361044.240046276,2016,1,4,18,40,40.0,2016.0130821101732,59
7315,36.4371,-96.8361,0.0,1.06,-10779745.342406519,4360933.543945174,2016,1,4,22,49,3.0,2016.0135543577458,28
7317,36.3777,-96.9196,0.0,0.9,-10789040.519887758,4352717.543096107,2016,1,5,0,38,54.0,2016.0137632139326,15
7318,36.4138,-96.8142,0.0,0.52,-10777307.445558146,4357710.020393209,2016,1,5,1,0,55.0,2016.0138050738967,19
7319,36.4212,-96.8336,0.0,0.68,-10779467.043679535,4358733.695584647,2016,1,5,1,19,34.0,2016.0138405328669,30
7320,36.3777,-96.9196,0.0,0.73,-10789040.519887758,4352717.543096107,2016,1,5,1,51,37.0,2016.0139014690596,15
7321,36.4301,-96.8308,0.0,1.23,-10779155.349105315,4359965.001728936,2016,1,5,4,21,12.0,2016.014185869648,26
7322,36.4342,-96.897,0.0,0.48,-10786524.69939583,4360532.280143644,2016,1,5,8,17,3.0,2016.0146342877786,50
7324,36.4226,-96.9072,0.0,0.59,-10787660.15820192,4358927.374837114,2016,1,5,10,19,57.0,2016.014867955738,51
7325,36.3974,-96.9966,7.552,1.47,-10797612.120678838,4355441.682334235,2016,1,5,14,38,17.0,2016.0153591210992,17
7326,36.3995,-96.9101,0.0,1.12,-10787982.984725222,4355732.113530378,2016,1,5,15,54,49.0,2016.0155046327984,49
7327,36.3944,-96.8983,0.025,1.08,-10786669.41473386,4355026.794237775,2016,1,5,16,26,3.0,2016.015564016275,18
7328,36.4161,-96.8782,0.0,1.07,-10784431.892968917,4358028.179263074,2016,1,5,20,53,40.0,2016.016072831901,55
7329,36.4138,-96.8142,0.0,0.66,-10777307.445558146,4357710.020393209,2016,1,5,22,8,9.0,2016.0162144459655,19
7330,36.4379,-96.9044,0.0,0.57,-10787348.4636277,4361044.240046276,2016,1,5,22,57,44.0,2016.0163087180267,59
7331,36.412,-96.9116,0.0,1.04,-10788149.963961411,4357461.033066466,2016,1,5,23,23,10.0,2016.0163570740488,53
7332,36.4354,-96.8747,0.0,1.01,-10784042.27475114,4360698.318518952,2016,1,6,0,29,48.0,2016.0164837630239,44
7334,36.4617,-96.847,0.0,0.97,-10780958.724856166,4364337.971200943,2016,1,6,5,11,48.0,2016.0170199254696,24
7335,36.4306,-96.8724,0.0,0.86,-10783786.239922315,4360034.180419227,2016,1,6,7,39,34.0,2016.0173008720562,45
7336,36.3544,-96.9172,12.094,1.59,-10788773.353109853,4349496.48208893,2016,1,6,7,49,1.0,2016.017318839202,16
7337,36.4301,-96.8308,0.0,1.63,-10779155.349105315,4359965.001728936,2016,1,6,8,47,9.0,2016.0174293672524,26
7339,36.4214,-96.8484,0.0,1.69,-10781114.572143275,4358761.363835499,2016,1,6,13,34,56.0,2016.0179765254645,36
7340,36.3777,-96.9196,0.0,1.08,-10789040.519887758,4352717.543096107,2016,1,6,14,53,29.0,2016.0181258714224,15
7341,36.4248,-96.9105,0.0,1.72,-10788027.512521537,4359231.735003479,2016,1,6,15,48,14.0,2016.0182299667908,51
7342,36.4161,-96.8782,0.0,1.07,-10784431.892968917,4358028.179263074,2016,1,6,16,44,26.0,2016.018336819023,55
7343,36.3944,-96.8983,0.025,1.14,-10786669.41473386,4355026.794237775,2016,1,6,18,8,0.0,2016.0184957030954,18
7344,36.4214,-96.8484,0.0,0.58,-10781114.572143275,4358761.363835499,2016,1,6,18,36,27.0,2016.018549794661,36
7345,36.4413,-96.8731,0.0,0.88,-10783864.16356587,4361514.7112069735,2016,1,6,19,22,30.0,2016.0186373488477,42
7346,36.4306,-96.8724,0.0,1.1,-10783786.239922315,4360034.180419227,2016,1,6,19,39,54.0,2016.0186704312116,45
7347,36.413,-96.8738,0.0,1.22,-10783942.087209426,4357599.358646789,2016,1,6,21,30,22.0,2016.0188804598574,56
7348,36.4618,-96.8404,0.0,1.09,-10780224.01621693,4364351.8125398075,2016,1,7,0,30,7.0,2016.0192222158846,25
7349,36.4529,-96.8588,0.0,1.51,-10782272.294847528,4363120.00327431,2016,1,7,4,10,8.0,2016.0196405303318,41
7350,36.4529,-96.8588,0.0,1.72,-10782272.294847528,4363120.00327431,2016,1,7,5,37,45.0,2016.0198071146094,41
7352,36.3938,-96.836,0.0,2.02,-10779734.21045744,4354943.818540041,2016,1,7,7,24,55.0,2016.0200108690142,20
7353,36.4529,-96.8512,0.0,0.95,-10781426.266717497,4363120.00327431,2016,1,7,10,42,49.0,2016.0203871333688,47
7355,36.417,-96.8628,0.0,1.08,-10782717.572810698,4358152.678776818,2016,1,7,15,21,32.0,2016.0209170532614,57
7356,36.4214,-96.9087,0.0,1.16,-10787827.137438111,4358761.363835499,2016,1,7,15,38,0.0,2016.020948361092,51
7357,36.4247,-96.8413,0.0,0.84,-10780324.203758644,4359217.900263378,2016,1,7,20,21,9.0,2016.021486710016,37
7358,36.3699,-96.9643,0.0,1.73,-10794016.501126215,4351639.140589087,2016,1,7,21,37,24.0,2016.0216316830176,15
7360,36.4371,-96.8361,0.0,0.61,-10779745.342406519,4360933.543945174,2016,1,7,22,52,5.0,2016.0217736773393,28
7361,36.4379,-96.9044,0.0,0.63,-10787348.4636277,4361044.240046276,2016,1,7,23,51,21.0,2016.0218863601795,59
7362,36.4289,-96.8252,0.0,2.09,-10778531.959956871,4359798.974690148,2016,1,8,0,36,21.0,2016.0219719180166,26
7363,36.4185,-96.8924,0.0,2.03,-10786012.62973818,4358360.181172472,2016,1,8,0,47,3.0,2016.021992261769,54
7364,36.4301,-96.8308,0.0,1.59,-10779155.349105315,4359965.001728936,2016,1,8,3,0,54.0,2016.0222467488022,26
7366,36.4247,-96.8272,0.0,0.77,-10778754.59893846,4359217.900263378,2016,1,8,7,0,27.0,2016.0227022016884,26
7367,36.4371,-96.8534,0.0,1.85,-10781671.169597242,4360933.543945174,2016,1,8,7,22,38.0,2016.0227443785332,48
7368,36.4293,-96.9131,0.0,0.7,-10788316.9431976,4359854.316751253,2016,1,8,7,37,28.0,2016.0227725809314,58
7369,36.4293,-96.9131,0.0,1.06,-10788316.9431976,4359854.316751253,2016,1,8,10,31,41.0,2016.0231038165132,58
7370,36.4251,-96.8481,0.0,0.89,-10781081.176296039,4359273.239330692,2016,1,8,10,59,9.0,2016.023156038482,36
7371,36.4175,-96.808,0.0,1.44,-10776617.26471523,4358221.845796738,2016,1,8,12,52,52.0,2016.0233722463051,19
7372,36.3974,-96.9966,7.552,1.6,-10797612.120678838,4355441.682334235,2016,1,8,13,56,42.0,2016.0234936116815,17
7373,36.4251,-96.8481,0.0,0.98,-10781081.176296039,4359273.239330692,2016,1,8,21,40,44.0,2016.0243758714223,36
7374,36.4314,-96.8599,0.0,0.72,-10782394.746287398,4360144.867250516,2016,1,8,22,25,2.0,2016.02446009836,48
7375,36.3777,-96.9196,0.0,0.81,-10789040.519887758,4352717.543096107,2016,1,8,23,16,36.0,2016.0245581413035,15
7376,36.4306,-96.8724,0.0,0.9,-10783786.239922315,4360034.180419227,2016,1,8,23,35,53.0,2016.0245948044212,45
7378,36.4469,-96.8749,0.0,0.76,-10784064.538649298,4362289.649823648,2016,1,9,1,34,12.0,2016.0248197581566,42
7379,36.4247,-96.8272,0.0,0.85,-10778754.59893846,4359217.900263378,2016,1,9,1,55,55.0,2016.024861047735,26
7380,36.3974,-96.9966,7.552,2.28,-10797612.120678838,4355441.682334235,2016,1,9,2,8,22.0,2016.0248847187365,17
7381,36.4247,-96.8272,0.0,0.65,-10778754.59893846,4359217.900263378,2016,1,9,2,20,33.0,2016.0249078827287,26
7382,36.3915,-96.8345,0.0,2.15,-10779567.23122125,4354625.750965185,2016,1,9,13,0,44.0,2016.0261250538697,20
7384,36.4247,-96.8272,0.0,0.83,-10778754.59893846,4359217.900263378,2016,1,9,15,0,19.0,2016.0263524158997,26
7385,36.417,-96.8628,0.0,0.92,-10782717.572810698,4358152.678776818,2016,1,9,17,46,42.0,2016.0266687580804,57
7386,36.4245,-96.8426,0.0,0.92,-10780468.919096677,4359190.23083663,2016,1,9,20,19,35.0,2016.02695943291,37
7388,36.4185,-96.8924,0.0,0.89,-10786012.62973818,4358360.181172472,2016,1,9,22,15,42.0,2016.0271802038178,54
7389,36.4223,-96.8349,0.0,0.66,-10779611.759017568,4358885.871846195,2016,1,10,2,18,38.0,2016.0276420893858,30
7390,36.4413,-96.8731,0.0,0.51,-10783864.16356587,4361514.7112069735,2016,1,10,2,52,41.0,2016.0277068281491,42
7391,36.412,-96.9116,0.0,0.79,-10788149.963961411,4357461.033066466,2016,1,10,8,38,53.0,2016.0283650531092,53
7392,36.4212,-96.8336,0.0,0.65,-10779467.043679535,4358733.695584647,2016,1,10,14,20,57.0,2016.0290154194236,30
7393,36.3938,-96.836,0.0,0.79,-10779734.21045744,4354943.818540041,2016,1,10,16,7,36.0,2016.0292181914974,20
7394,36.4413,-96.8731,0.0,0.55,-10783864.16356587,4361514.7112069735,2016,1,10,16,17,7.0,2016.0292362853957,42
7395,36.3544,-96.9172,12.094,0.66,-10788773.353109853,4349496.48208893,2016,1,10,17,56,45.0,2016.0294257167845,16
7396,36.4175,-96.808,0.0,0.54,-10776617.26471523,4358221.845796738,2016,1,10,18,27,3.0,2016.0294833257283,19
7397,36.4223,-96.8349,0.0,0.98,-10779611.759017568,4358885.871846195,2016,1,10,19,26,3.0,2016.029595501559,30
7398,36.4413,-96.8731,0.0,0.46,-10783864.16356587,4361514.7112069735,2016,1,10,22,3,58.0,2016.0298957461912,42
7399,36.3944,-96.8983,0.025,0.76,-10786669.41473386,4355026.794237775,2016,1,11,0,7,46.0,2016.0301311253074,18
7400,36.4413,-96.8731,0.0,0.6,-10783864.16356587,4361514.7112069735,2016,1,11,2,28,20.0,2016.03039838264,42
7401,36.4529,-96.8588,0.0,1.16,-10782272.294847528,4363120.00327431,2016,1,11,3,41,42.0,2016.0305378736025,41
7403,36.4161,-96.8782,0.0,0.79,-10784431.892968917,4358028.179263074,2016,1,11,5,37,6.0,2016.0307572819227,55
7404,36.4175,-96.808,0.0,0.48,-10776617.26471523,4358221.845796738,2016,1,11,7,32,51.0,2016.0309773556924,19
7405,36.4185,-96.8924,0.0,1.27,-10786012.62973818,4358360.181172472,2016,1,11,16,41,18.0,2016.0320201155982,54
7406,36.4371,-96.8534,0.0,1.93,-10781671.169597242,4360933.543945174,2016,1,11,18,7,53.0,2016.0321847352143,48
7407,36.4308,-96.8922,0.0,0.72,-10785990.365840022,4360061.852020108,2016,1,11,20,47,55.0,2016.0324890042336,50
7409,36.4322,-96.8393,0.0,0.98,-10780101.564777058,4360255.555222543,2016,1,11,21,46,13.0,2016.0325998491646,27
7410,36.4308,-96.8922,0.0,0.7,-10785990.365840022,4360061.852020108,2016,1,11,22,21,3.0,2016.0326660772682,50
7411,36.4233,-96.8615,0.0,0.78,-10782572.85747267,4359024.215772828,2016,1,11,23,21,16.0,2016.0327805663294,57
7414,36.3544,-96.9172,12.094,0.51,-10788773.353109853,4349496.48208893,2016,1,12,6,22,48.0,2016.0335820214466,16
7415,36.413,-96.8738,0.0,1.05,-10783942.087209426,4357599.358646789,2016,1,12,6,33,57.0,2016.0336032207772,56
7416,36.4203,-96.8639,0.0,1.64,-10782840.024250573,4358609.189337653,2016,1,12,8,38,44.0,2016.0338404694908,57
7417,36.4203,-96.8639,0.0,1.08,-10782840.024250573,4358609.189337653,2016,1,12,12,10,16.0,2016.0342426547013,57
7418,36.4251,-96.8481,0.0,0.97,-10781081.176296039,4359273.239330692,2016,1,12,19,46,3.0,2016.0351092288388,36
7419,36.417,-96.8628,0.0,1.19,-10782717.572810698,4358152.678776818,2016,1,12,23,6,47.0,2016.0354908801683,57
7420,36.3544,-96.9172,12.094,0.76,-10788773.353109853,4349496.48208893,2016,1,13,0,7,7.0,2016.0356055910463,16
7421,36.4214,-96.9087,0.0,0.89,-10787827.137438111,4358761.363835499,2016,1,13,0,43,23.0,2016.0356745443253,51
7425,36.4529,-96.8512,0.0,0.71,-10781426.266717497,4363120.00327431,2016,1,13,11,53,0.0,2016.0369476766293,47
7426,36.4247,-96.8413,0.0,0.67,-10780324.203758644,4359217.900263378,2016,1,13,12,25,9.0,2016.0370088029508,37
7427,36.4212,-96.8336,0.0,2.12,-10779467.043679535,4358733.695584647,2016,1,13,15,44,28.0,2016.0373877607929,30
7428,36.4379,-96.9044,0.0,0.85,-10787348.4636277,4361044.240046276,2016,1,13,21,48,13.0,2016.0380793533095,59
7429,36.4617,-96.847,0.0,0.89,-10780958.724856166,4364337.971200943,2016,1,14,0,37,18.0,2016.0384008289604,24
7430,36.4248,-96.9105,0.0,1.62,-10788027.512521537,4359231.735003479,2016,1,14,1,23,41.0,2016.0384890169087,51
7431,36.3544,-96.9172,12.094,0.73,-10788773.353109853,4349496.48208893,2016,1,14,3,15,42.0,2016.038701992547,16
7432,36.4371,-96.8361,0.0,0.71,-10779745.342406519,4360933.543945174,2016,1,14,5,12,41.0,2016.0389244112353,28
7433,36.417,-96.8628,0.0,0.65,-10782717.572810698,4358152.678776818,2016,1,14,6,36,33.0,2016.039083865693,57
7434,36.3938,-96.836,0.0,0.66,-10779734.21045744,4354943.818540041,2016,1,14,9,23,38.0,2016.0394015387735,20
7436,36.4371,-96.8361,0.0,1.74,-10779745.342406519,4360933.543945174,2016,1,14,16,47,13.0,2016.0402449172307,28
7437,36.4354,-96.8636,0.0,2.25,-10782806.628403334,4360698.318518952,2016,1,14,17,3,11.0,2016.040275274419,48
7439,36.4138,-96.8142,0.0,0.68,-10777307.445558146,4357710.020393209,2016,1,15,0,39,18.0,2016.041142482318,19
7440,36.3699,-96.9643,0.0,1.14,-10794016.501126215,4351639.140589087,2016,1,15,2,49,23.0,2016.0413898078434,15
7441,36.4161,-96.8782,0.0,1.06,-10784431.892968917,4358028.179263074,2016,1,15,4,43,4.0,2016.0416059522904,55
7442,36.3915,-96.8345,0.0,1.09,-10779567.23122125,4354625.750965185,2016,1,15,9,7,1.0,2016.042107796537,20
7443,36.3995,-96.9101,0.0,1.03,-10787982.984725222,4355732.113530378,2016,1,15,9,51,23.0,2016.0421921502268,49
7445,36.4529,-96.8512,0.0,1.02,-10781426.266717497,4363120.00327431,2016,1,15,12,36,19.0,2016.042505735544,47
7446,36.3544,-96.9172,12.094,1.37,-10788773.353109853,4349496.48208893,2016,1,15,15,24,3.0,2016.0428246444596,16
7447,36.4247,-96.9088,0.0,1.22,-10787838.26938719,4359217.900263378,2016,1,15,16,57,0.0,2016.0430013689254,51
7448,36.3544,-96.9172,12.094,2.48,-10788773.353109853,4349496.48208893,2016,1,15,19,53,1.0,2016.0433360268207,16
7449,36.4322,-96.8393,0.0,1.0,-10780101.564777058,4360255.555222543,2016,1,15,22,32,43.0,2016.0436396620782,27
7450,36.4322,-96.8393,0.0,0.79,-10780101.564777058,4360255.555222543,2016,1,16,2,11,14.0,2016.0440551245977,27
7451,36.417,-96.8628,0.0,1.2,-10782717.572810698,4358152.678776818,2016,1,16,4,9,46.0,2016.0442804902782,57
7452,36.4245,-96.8426,0.0,1.5,-10780468.919096677,4359190.23083663,2016,1,16,10,34,47.0,2016.0450125167947,37
7453,36.3944,-96.8983,0.025,1.74,-10786669.41473386,4355026.794237775,2016,1,16,16,16,35.0,2016.0456623760995,18
7455,36.4413,-96.8731,0.0,0.66,-10783864.16356587,4361514.7112069735,2016,1,16,16,51,22.0,2016.0457285091388,42
7456,36.4413,-96.8731,0.0,0.54,-10783864.16356587,4361514.7112069735,2016,1,16,21,44,50.0,2016.046286472989,42
7457,36.4248,-96.9105,0.0,1.5,-10788027.512521537,4359231.735003479,2016,1,16,23,43,18.0,2016.0465117119172,51
7458,36.3915,-96.8345,0.0,2.64,-10779567.23122125,4354625.750965185,2016,1,17,1,0,37.0,2016.0466587129565,20
7459,36.4341,-96.8549,0.0,0.62,-10781838.148833433,4360518.443728243,2016,1,17,3,52,52.0,2016.0469862093441,48
7460,36.412,-96.9116,0.0,1.63,-10788149.963961411,4357461.033066466,2016,1,17,7,35,52.0,2016.0474101959592,53
7461,36.4185,-96.8924,0.0,0.78,-10786012.62973818,4358360.181172472,2016,1,17,9,3,27.0,2016.0475767168607,54
7462,36.4306,-96.8724,0.0,2.19,-10783786.239922315,4360034.180419227,2016,1,17,11,51,49.0,2016.0478968299237,45
7463,36.3835,-96.9274,0.0,0.9,-10789908.811915945,4353519.502249293,2016,1,17,14,0,46.0,2016.048142000659,15
7464,36.413,-96.8738,0.0,1.37,-10783942.087209426,4357599.358646789,2016,1,17,15,49,27.0,2016.0483486386797,56
7465,36.4618,-96.8404,0.0,1.38,-10780224.01621693,4364351.8125398075,2016,1,17,17,21,52.0,2016.0485243491266,25
7466,36.4301,-96.8308,0.0,0.93,-10779155.349105315,4359965.001728936,2016,1,17,17,34,21.0,2016.0485480835046,26
7467,36.3974,-96.9966,7.552,1.33,-10797612.120678838,4355441.682334235,2016,1,17,18,43,7.0,2016.0486788285548,17
7468,36.3915,-96.8345,0.0,1.26,-10779567.23122125,4354625.750965185,2016,1,17,19,8,38.0,2016.0487273430172,20
7469,36.4308,-96.8922,0.0,0.63,-10785990.365840022,4360061.852020108,2016,1,17,22,47,9.0,2016.0491428055366,50
7470,36.4233,-96.8615,0.0,1.33,-10782572.85747267,4359024.215772828,2016,1,17,23,14,5.0,2016.0491940134864,57
7474,36.4228,-96.8463,0.0,1.26,-10780880.80121261,4358955.043586806,2016,1,18,20,8,31.0,2016.0515790491038,36
7475,36.4293,-96.9131,0.0,0.51,-10788316.9431976,4359854.316751253,2016,1,19,1,30,23.0,2016.0521910094558,58
7476,36.413,-96.8738,0.0,0.92,-10783942.087209426,4357599.358646789,2016,1,19,2,1,17.0,2016.0522497591705,56
7477,36.4214,-96.9087,0.0,0.64,-10787827.137438111,4358761.363835499,2016,1,19,3,37,21.0,2016.0524324093087,51
7478,36.4293,-96.9131,0.0,0.52,-10788316.9431976,4359854.316751253,2016,1,19,5,20,24.0,2016.0526283367556,58
7479,36.4214,-96.9087,0.0,0.82,-10787827.137438111,4358761.363835499,2016,1,19,5,37,44.0,2016.052661292367,51
7480,36.4161,-96.8667,0.0,1.01,-10783151.718824793,4358028.179263074,2016,1,19,8,38,49.0,2016.053005583441,57
7484,36.4251,-96.8481,0.0,1.26,-10781081.176296039,4359273.239330692,2016,1,19,22,18,9.0,2016.054563369838,36
7487,36.3944,-96.8983,0.025,0.72,-10786669.41473386,4355026.794237775,2016,1,20,2,8,36.0,2016.0550015210283,18
7489,36.4618,-96.8404,0.0,0.87,-10780224.01621693,4364351.8125398075,2016,1,20,3,16,46.0,2016.0551311253073,25
7490,36.4529,-96.8512,0.0,1.59,-10781426.266717497,4363120.00327431,2016,1,20,5,9,22.0,2016.0553452100287,47
7492,36.4306,-96.8724,0.0,0.67,-10783786.239922315,4360034.180419227,2016,1,20,5,54,53.0,2016.0554317501965,45
7494,36.4161,-96.8667,0.0,0.83,-10783151.718824793,4358028.179263074,2016,1,20,9,9,56.0,2016.055802595888,57
7496,36.4247,-96.8272,0.0,1.01,-10778754.59893846,4359217.900263378,2016,1,20,11,22,42.0,2016.0560550231958,26
7498,36.4618,-96.8404,0.0,0.98,-10780224.01621693,4364351.8125398075,2016,1,20,23,34,7.0,2016.0574456549293,25
7499,36.4226,-96.9072,0.0,0.89,-10787660.15820192,4358927.374837114,2016,1,21,0,52,59.0,2016.0575956029609,51
7500,36.4293,-96.9131,0.0,0.41,-10788316.9431976,4359854.316751253,2016,1,21,1,20,24.0,2016.0576477298655,58
7501,36.3944,-96.8983,0.025,0.76,-10786669.41473386,4355026.794237775,2016,1,21,3,4,44.0,2016.0578460972952,18
7502,36.4306,-96.8724,0.0,0.87,-10783786.239922315,4360034.180419227,2016,1,21,3,17,38.0,2016.057870623875,45
7503,36.3938,-96.836,0.0,0.94,-10779734.21045744,4354943.818540041,2016,1,21,3,38,48.0,2016.0579108677466,20
7504,36.4247,-96.9088,0.0,0.75,-10787838.26938719,4359217.900263378,2016,1,21,6,25,33.0,2016.0582279070652,51
7505,36.4543,-96.8664,0.0,1.04,-10783118.322977556,4363313.761654775,2016,1,21,7,31,26.0,2016.0583531700763,40
7506,36.4212,-96.8336,0.0,0.68,-10779467.043679535,4358733.695584647,2016,1,21,10,54,54.0,2016.0587400182524,30
7507,36.4543,-96.8664,0.0,0.92,-10783118.322977556,4363313.761654775,2016,1,21,11,43,5.0,2016.058831628514,40
7508,36.4223,-96.8349,0.0,0.63,-10779611.759017568,4358885.871846195,2016,1,21,12,31,3.0,2016.058922826831,30
7509,36.4336,-96.907,0.0,0.72,-10787637.894303761,4360449.261918631,2016,1,21,16,51,6.0,2016.059417256065,59
7511,36.412,-96.9116,0.0,1.17,-10788149.963961411,4357461.033066466,2016,1,21,22,49,45.0,2016.0600991520269,53
7512,36.4228,-96.8463,0.0,1.09,-10780880.80121261,4358955.043586806,2016,1,21,23,19,37.0,2016.06015593708,36
7513,36.3974,-96.9966,7.552,1.31,-10797612.120678838,4355441.682334235,2016,1,22,0,17,22.0,2016.0602657363045,17
7515,36.417,-96.8628,0.0,0.72,-10782717.572810698,4358152.678776818,2016,1,22,2,8,50.0,2016.0604776662358,57
7516,36.3944,-96.8983,0.025,1.07,-10786669.41473386,4355026.794237775,2016,1,22,3,10,22.0,2016.0605946586559,18
7517,36.4212,-96.8336,0.0,1.91,-10779467.043679535,4358733.695584647,2016,1,22,5,18,22.0,2016.0608380231704,30
7518,36.3974,-96.9966,7.552,1.43,-10797612.120678838,4355441.682334235,2016,1,22,7,0,4.0,2016.0610313838822,17
7520,36.4371,-96.8534,0.0,2.64,-10781671.169597242,4360933.543945174,2016,1,22,7,43,26.0,2016.0611138362867,48
7521,36.4413,-96.8731,0.0,0.7,-10783864.16356587,4361514.7112069735,2016,1,22,8,31,29.0,2016.0612051930439,42
7522,36.4342,-96.897,0.0,0.52,-10786524.69939583,4360532.280143644,2016,1,22,11,24,54.0,2016.0615349075974,50
7523,36.4618,-96.8404,0.0,1.19,-10780224.01621693,4364351.8125398075,2016,1,22,12,50,10.0,2016.0616970238548,25
7527,36.4185,-96.8924,0.0,0.91,-10786012.62973818,4358360.181172472,2016,1,22,22,19,32.0,2016.0627795523108,54
7529,36.4293,-96.9131,0.0,1.96,-10788316.9431976,4359854.316751253,2016,1,23,1,17,31.0,2016.0631179494005,58
7531,36.4247,-96.8413,0.0,1.05,-10780324.203758644,4359217.900263378,2016,1,23,5,40,32.0,2016.0636180191143,37
7532,36.4342,-96.897,0.0,0.53,-10786524.69939583,4360532.280143644,2016,1,23,11,54,26.0,2016.0643289096763,50
7533,36.4341,-96.8549,0.0,1.04,-10781838.148833433,4360518.443728243,2016,1,23,12,31,25.0,2016.0643992255432,48
7534,36.4342,-96.897,0.0,0.93,-10786524.69939583,4360532.280143644,2016,1,23,16,29,4.0,2016.0648510659873,50
7535,36.4247,-96.9088,0.0,0.99,-10787838.26938719,4359217.900263378,2016,1,23,17,23,35.0,2016.0649547177225,51
7536,36.4161,-96.8782,0.0,0.89,-10784431.892968917,4358028.179263074,2016,1,23,17,42,38.0,2016.0649909372069,55
7537,36.3995,-96.9101,0.0,0.96,-10787982.984725222,4355732.113530378,2016,1,23,19,45,28.0,2016.0652244784142,49
7541,36.4289,-96.8252,0.0,0.98,-10778531.959956871,4359798.974690148,2016,1,24,3,54,55.0,2016.0661550624889,26
7543,36.4247,-96.9088,0.0,1.0,-10787838.26938719,4359217.900263378,2016,1,24,9,37,17.0,2016.0668059991888,51
7544,36.4161,-96.8782,0.0,1.87,-10784431.892968917,4358028.179263074,2016,1,24,9,57,52.0,2016.0668451339773,55
7545,36.4247,-96.8413,0.0,1.04,-10780324.203758644,4359217.900263378,2016,1,24,15,59,58.0,2016.0675335893732,37
7546,36.4212,-96.8336,0.0,0.84,-10779467.043679535,4358733.695584647,2016,1,24,17,26,14.0,2016.0676976069155,30
7547,36.4247,-96.9088,0.0,2.36,-10787838.26938719,4359217.900263378,2016,1,24,18,20,8.0,2016.0678000861917,51
7548,36.412,-96.9116,0.0,1.16,-10788149.963961411,4357461.033066466,2016,1,24,18,55,46.0,2016.0678678353233,53
7549,36.4371,-96.8361,0.0,0.68,-10779745.342406519,4360933.543945174,2016,1,24,19,47,17.0,2016.0679657832027,28
7550,36.4138,-96.8142,0.0,0.53,-10777307.445558146,4357710.020393209,2016,1,24,20,13,24.0,2016.0680154384363,19
7551,36.4314,-96.8599,0.0,0.71,-10782394.746287398,4360144.867250516,2016,1,24,20,34,28.0,2016.0680554921794,48
7552,36.4371,-96.8361,0.0,0.66,-10779745.342406519,4360933.543945174,2016,1,24,22,36,52.0,2016.0682882094964,28
7553,36.4212,-96.8336,0.0,0.67,-10779467.043679535,4358733.695584647,2016,1,24,22,49,34.0,2016.0683123558192,30
7554,36.4306,-96.8724,0.0,0.84,-10783786.239922315,4360034.180419227,2016,1,25,0,1,51.0,2016.0684497870561,45
7555,36.3995,-96.9101,0.0,1.25,-10787982.984725222,4355732.113530378,2016,1,25,1,43,39.0,2016.0686433378964,49
7556,36.4212,-96.8336,0.0,0.5,-10779467.043679535,4358733.695584647,2016,1,25,1,55,48.0,2016.0686664385125,30
7557,36.4336,-96.907,0.0,0.42,-10787637.894303761,4360449.261918631,2016,1,25,4,36,45.0,2016.0689724503764,59
7558,36.4223,-96.8349,0.0,1.17,-10779611.759017568,4358885.871846195,2016,1,25,5,46,24.0,2016.0691048748954,30
7559,36.4293,-96.9131,0.0,0.45,-10788316.9431976,4359854.316751253,2016,1,25,7,7,51.0,2016.0692597345806,58
7560,36.4247,-96.9088,0.0,0.9,-10787838.26938719,4359217.900263378,2016,1,25,7,41,50.0,2016.0693243465917,51
7561,36.4175,-96.808,0.0,0.47,-10776617.26471523,4358221.845796738,2016,1,25,10,49,8.0,2016.0696804573224,19
7562,36.4342,-96.897,0.0,0.63,-10786524.69939583,4360532.280143644,2016,1,25,11,45,50.0,2016.0697882601971,50
7565,36.3777,-96.9196,0.0,0.93,-10789040.519887758,4352717.543096107,2016,1,25,19,4,36.0,2016.070622480797,15
7566,36.4404,-96.8843,0.0,1.81,-10785110.941862755,4361390.172717214,2016,1,25,19,33,10.0,2016.0706767941795,61
7567,36.4161,-96.8667,0.0,1.21,-10783151.718824793,4358028.179263074,2016,1,25,22,37,18.0,2016.0710268841738,57
7568,36.4314,-96.8599,0.0,0.93,-10782394.746287398,4360144.867250516,2016,1,25,23,48,52.0,2016.0711629528228,48
7571,36.4314,-96.8599,0.0,0.62,-10782394.746287398,4360144.867250516,2016,1,26,5,26,53.0,2016.0718056189316,48
7573,36.4533,-96.854,0.0,1.2,-10781737.961291717,4363175.362454715,2016,1,26,9,36,50.0,2016.0722808451847,46
7574,36.3938,-96.836,0.0,0.53,-10779734.21045744,4354943.818540041,2016,1,26,10,26,25.0,2016.0723751172459,20
7575,36.4371,-96.8361,0.0,0.44,-10779745.342406519,4360933.543945174,2016,1,26,10,32,37.0,2016.0723869052147,28
7576,36.4233,-96.8615,0.0,1.84,-10782572.85747267,4359024.215772828,2016,1,26,11,16,0.0,2016.0724693893071,57
7577,36.3944,-96.8983,0.025,1.06,-10786669.41473386,4355026.794237775,2016,1,26,14,10,21.0,2016.0728008783938,18
7579,36.3944,-96.8983,0.025,1.14,-10786669.41473386,4355026.794237775,2016,1,26,15,34,5.0,2016.072960079347,18
7580,36.3777,-96.9196,0.0,1.07,-10789040.519887758,4352717.543096107,2016,1,26,19,28,1.0,2016.0734048533475,15
7582,36.4618,-96.8404,0.0,0.94,-10780224.01621693,4364351.8125398075,2016,1,27,1,1,53.0,2016.0740396291226,25
7583,36.4306,-96.8724,0.0,0.85,-10783786.239922315,4360034.180419227,2016,1,27,1,41,57.0,2016.0741158072858,45
7585,36.4226,-96.9072,0.0,0.68,-10787660.15820192,4358927.374837114,2016,1,27,6,12,7.0,2016.0746294711892,51
7586,36.4354,-96.8636,0.0,0.99,-10782806.628403334,4360698.318518952,2016,1,27,6,42,48.0,2016.0746878089587,48
7587,36.4203,-96.8639,0.0,1.35,-10782840.024250573,4358609.189337653,2016,1,27,8,50,23.0,2016.074930381271,57
7588,36.4308,-96.8922,0.0,0.63,-10785990.365840022,4360061.852020108,2016,1,27,10,3,5.0,2016.0750686047102,50
7589,36.4248,-96.9105,0.0,1.62,-10788027.512521537,4359231.735003479,2016,1,27,10,15,47.0,2016.075092751033,51
7590,36.4618,-96.8404,0.0,0.85,-10780224.01621693,4364351.8125398075,2016,1,27,10,37,53.0,2016.0751347694375,25
7593,36.4306,-96.8724,0.0,1.46,-10783786.239922315,4360034.180419227,2016,1,27,22,4,52.0,2016.076440920729,45
7594,36.3995,-96.9101,0.0,1.05,-10787982.984725222,4355732.113530378,2016,1,27,22,12,7.0,2016.0764547050474,49
7595,36.4293,-96.9131,0.0,0.89,-10788316.9431976,4359854.316751253,2016,1,27,22,42,46.0,2016.0765129794408,58
7596,36.4413,-96.8731,0.0,0.89,-10783864.16356587,4361514.7112069735,2016,1,27,23,5,27.0,2016.0765561069284,42
7598,36.4529,-96.8588,0.0,1.24,-10782272.294847528,4363120.00327431,2016,1,27,23,42,18.0,2016.0766261692904,41
7599,36.413,-96.8738,0.0,1.2,-10783942.087209426,4357599.358646789,2016,1,28,0,4,47.0,2016.076668916521,56
7600,36.4226,-96.9072,0.0,1.88,-10787660.15820192,4358927.374837114,2016,1,28,0,50,46.0,2016.0767563439551,51
7601,36.4251,-96.8481,0.0,0.93,-10781081.176296039,4359273.239330692,2016,1,28,1,50,58.0,2016.0768708013284,36
7602,36.3995,-96.9101,0.0,0.8,-10787982.984725222,4355732.113530378,2016,1,28,4,12,24.0,2016.0771397064416,49
7603,36.4175,-96.808,0.0,0.44,-10776617.26471523,4358221.845796738,2016,1,28,5,50,22.0,2016.0773259690218,19
7604,36.4306,-96.8724,0.0,0.99,-10783786.239922315,4360034.180419227,2016,1,28,8,13,50.0,2016.0775987400816,45
7605,36.4251,-96.8481,0.0,1.01,-10781081.176296039,4359273.239330692,2016,1,28,10,8,53.0,2016.0778174829518,36
7607,36.4288,-96.8789,0.0,0.9,-10784509.81661247,4359785.139219427,2016,1,28,16,14,22.0,2016.0785123710295,45
7608,36.4228,-96.8463,0.0,1.62,-10780880.80121261,4358955.043586806,2016,1,28,16,41,32.0,2016.0785640226127,36
7610,36.4138,-96.8142,0.0,0.59,-10777307.445558146,4357710.020393209,2016,1,29,0,16,38.0,2016.0794292975386,19
7611,36.3995,-96.9101,0.0,0.9,-10787982.984725222,4355732.113530378,2016,1,29,0,27,46.0,2016.079450465181,49
7612,36.4341,-96.8549,0.0,0.52,-10781838.148833433,4360518.443728243,2016,1,29,2,7,51.0,2016.0796407521484,48
7614,36.4161,-96.8782,0.0,0.8,-10784431.892968917,4358028.179263074,2016,1,29,5,23,18.0,2016.0800123583542,55
7615,36.3995,-96.9101,0.0,2.08,-10787982.984725222,4355732.113530378,2016,1,29,6,52,13.0,2016.0801814143028,49
7616,36.4371,-96.8534,0.0,1.03,-10781671.169597242,4360933.543945174,2016,1,29,8,53,57.0,2016.0804128640962,48
7619,36.4247,-96.9088,0.0,1.2,-10787838.26938719,4359217.900263378,2016,1,29,14,9,37.0,2016.0810130364794,51
7621,36.4212,-96.8336,0.0,0.99,-10779467.043679535,4358733.695584647,2016,1,29,19,53,43.0,2016.0816672687404,30
7623,36.4175,-96.808,0.0,0.61,-10776617.26471523,4358221.845796738,2016,1,29,21,8,57.0,2016.0818103087688,19
7624,36.4138,-96.8142,0.0,0.43,-10777307.445558146,4357710.020393209,2016,1,30,0,58,36.0,2016.0822469389307,19
7625,36.4306,-96.8724,0.0,0.91,-10783786.239922315,4360034.180419227,2016,1,30,7,16,4.0,2016.0829646107436,45
7626,36.4529,-96.8512,0.0,1.15,-10781426.266717497,4363120.00327431,2016,1,30,9,44,15.0,2016.0832463495324,47
7628,36.4175,-96.808,0.0,0.35,-10776617.26471523,4358221.845796738,2016,1,30,12,34,53.0,2016.0835707721753,19
7630,36.3544,-96.9172,12.094,1.24,-10788773.353109853,4349496.48208893,2016,1,30,17,28,6.0,2016.0841282607043,16
7631,36.4342,-96.897,0.0,0.69,-10786524.69939583,4360532.280143644,2016,1,30,20,22,37.0,2016.0844600666717,50
7632,36.3995,-96.9101,0.0,1.99,-10787982.984725222,4355732.113530378,2016,1,30,21,19,51.0,2016.0845688835652,49
7633,36.4223,-96.8349,0.0,0.57,-10779611.759017568,4358885.871846195,2016,1,30,21,52,34.0,2016.0846310872817,30
7634,36.4228,-96.8463,0.0,2.26,-10780880.80121261,4358955.043586806,2016,1,30,22,17,19.0,2016.084678144092,36
7635,36.4413,-96.8731,0.0,0.52,-10783864.16356587,4361514.7112069735,2016,1,31,0,45,48.0,2016.0849604532664,42
7636,36.4314,-96.8599,0.0,0.71,-10782394.746287398,4360144.867250516,2016,1,31,4,24,22.0,2016.08537601085,48
7637,36.3544,-96.9172,12.094,0.58,-10788773.353109853,4349496.48208893,2016,1,31,4,42,58.0,2016.085411374756,16
7638,36.3944,-96.8983,0.025,0.9,-10786669.41473386,4355026.794237775,2016,1,31,7,25,44.0,2016.0857208406217,18
7639,36.3995,-96.9101,0.0,0.88,-10787982.984725222,4355732.113530378,2016,1,31,8,14,21.0,2016.0858132747737,49
7641,36.4175,-96.808,0.0,1.06,-10776617.26471523,4358221.845796738,2016,1,31,11,2,51.0,2016.0861336413416,19
7643,36.4293,-96.9131,0.0,0.58,-10788316.9431976,4359854.316751253,2016,1,31,22,48,27.0,2016.0874751882272,58
7644,36.4161,-96.8667,0.0,1.02,-10783151.718824793,4358028.179263074,2016,2,1,1,27,13.0,2016.0877770489517,57
7647,36.4301,-96.8308,0.0,1.13,-10779155.349105315,4359965.001728936,2016,2,1,12,42,8.0,2016.0890602580678,26
7648,36.4161,-96.8782,0.0,1.12,-10784431.892968917,4358028.179263074,2016,2,1,14,13,26.0,2016.0892338454128,55
7650,36.4161,-96.8782,0.0,1.23,-10784431.892968917,4358028.179263074,2016,2,1,19,16,21.0,2016.0898097764089,55
7651,36.4226,-96.9072,0.0,1.14,-10787660.15820192,4358927.374837114,2016,2,1,20,0,33.0,2016.0898938132177,51
7652,36.4245,-96.8426,0.0,1.0,-10780468.919096677,4359190.23083663,2016,2,1,22,49,22.0,2016.0902147818592,37
7653,36.4306,-96.8724,0.0,1.73,-10783786.239922315,4360034.180419227,2016,2,2,3,16,58.0,2016.0907235657971,45
7654,36.4247,-96.8413,0.0,0.73,-10780324.203758644,4359217.900263378,2016,2,2,4,2,50.0,2016.090810771415,37
7655,36.4543,-96.8664,0.0,1.46,-10783118.322977556,4363313.761654775,2016,2,2,4,55,43.0,2016.0909113177174,40
7656,36.417,-96.8628,0.0,0.74,-10782717.572810698,4358152.678776818,2016,2,2,7,20,35.0,2016.0911867505768,57
7658,36.4543,-96.8664,0.0,0.78,-10783118.322977556,4363313.761654775,2016,2,2,10,11,37.0,2016.091511933734,40
7659,36.4308,-96.8922,0.0,0.66,-10785990.365840022,4360061.852020108,2016,2,2,11,22,21.0,2016.0916464179786,50
7660,36.3944,-96.8983,0.025,0.99,-10786669.41473386,4355026.794237775,2016,2,2,14,21,7.0,2016.0919863044085,18
7661,36.4404,-96.8843,0.0,1.62,-10785110.941862755,4361390.172717214,2016,2,2,19,6,5.0,2016.092528107334,61
7662,36.4413,-96.8731,0.0,1.3,-10783864.16356587,4361514.7112069735,2016,2,2,19,25,10.0,2016.0925643901944,42
7663,36.4212,-96.8336,0.0,1.08,-10779467.043679535,4358733.695584647,2016,2,2,21,10,34.0,2016.0927647856618,30
7664,36.4233,-96.8615,0.0,0.9,-10782572.85747267,4359024.215772828,2016,2,3,1,6,17.0,2016.0932129502878,57
7665,36.4288,-96.8789,0.0,0.66,-10784509.81661247,4359785.139219427,2016,2,3,2,51,55.0,2016.0934137893883,45
7666,36.3544,-96.9172,12.094,1.62,-10788773.353109853,4349496.48208893,2016,2,3,3,13,30.0,2016.093454825462,16
7667,36.4354,-96.8636,0.0,1.08,-10782806.628403334,4360698.318518952,2016,2,3,7,59,43.0,2016.093999004994,48
7668,36.4161,-96.8782,0.0,0.74,-10784431.892968917,4358028.179263074,2016,2,3,9,50,45.0,2016.094210111035,55
7669,36.4293,-96.9131,0.0,0.49,-10788316.9431976,4359854.316751253,2016,2,3,10,37,41.0,2016.0942993446904,58
7670,36.4185,-96.8924,0.0,0.94,-10786012.62973818,4358360.181172472,2016,2,3,12,59,24.0,2016.094568788501,54
7671,36.4413,-96.8731,0.0,1.1,-10783864.16356587,4361514.7112069735,2016,2,3,15,2,15.0,2016.0948023613962,42
7672,36.4413,-96.8731,0.0,0.9,-10783864.16356587,4361514.7112069735,2016,2,3,16,47,27.0,2016.0950023766065,42
7673,36.4322,-96.8393,0.0,1.06,-10780101.564777058,4360255.555222543,2016,2,3,18,27,16.0,2016.0951921565645,27
7674,36.4228,-96.8463,0.0,1.1,-10780880.80121261,4358955.043586806,2016,2,3,18,38,34.0,2016.095213641088,36
7676,36.3995,-96.9101,0.0,0.8,-10787982.984725222,4355732.113530378,2016,2,4,2,58,40.0,2016.0961644738509,49
7678,36.4341,-96.8549,0.0,0.52,-10781838.148833433,4360518.443728243,2016,2,4,6,11,6.0,2016.096530344513,48
7679,36.4371,-96.8361,0.0,0.42,-10779745.342406519,4360933.543945174,2016,2,4,8,16,13.0,2016.0967682269882,28
7680,36.3944,-96.8983,0.025,0.8,-10786669.41473386,4355026.794237775,2016,2,4,8,40,6.0,2016.096813636018,18
7681,36.3944,-96.8983,0.025,1.02,-10786669.41473386,4355026.794237775,2016,2,4,9,26,39.0,2016.0969021408473,18
7683,36.4203,-96.8639,0.0,1.23,-10782840.024250573,4358609.189337653,2016,2,4,11,14,54.0,2016.0971079549777,57
7685,36.4228,-96.8463,0.0,1.28,-10780880.80121261,4358955.043586806,2016,2,4,18,24,35.0,2016.0979249055695,36
7688,36.4341,-96.8549,0.0,1.33,-10781838.148833433,4360518.443728243,2016,2,5,5,58,59.0,2016.0992451580603,48
7689,36.4342,-96.897,0.0,0.46,-10786524.69939583,4360532.280143644,2016,2,5,8,31,44.0,2016.099535579385,50
7690,36.413,-96.8738,0.0,0.95,-10783942.087209426,4357599.358646789,2016,2,5,8,48,6.0,2016.0995666970873,56
7691,36.4617,-96.847,0.0,0.97,-10780958.724856166,4364337.971200943,2016,2,5,10,0,13.0,2016.0997038114433,24
7692,36.4214,-96.8484,0.0,0.25,-10781114.572143275,4358761.363835499,2016,2,5,10,14,57.0,2016.0997318237128,36
7693,36.3974,-96.9966,7.552,2.91,-10797612.120678838,4355441.682334235,2016,2,5,13,22,11.0,2016.1000878076914,17
7694,36.4228,-96.8463,0.0,1.21,-10780880.80121261,4358955.043586806,2016,2,5,15,4,4.0,2016.1002815169722,36
7695,36.4185,-96.8924,0.0,1.2,-10786012.62973818,4358360.181172472,2016,2,5,15,15,2.0,2016.100302367734,54
7696,36.4247,-96.8272,0.0,3.05,-10778754.59893846,4359217.900263378,2016,2,5,16,10,7.0,2016.100407096864,26
7697,36.4543,-96.8664,0.0,1.25,-10783118.322977556,4363313.761654775,2016,2,5,18,20,0.0,2016.1006540421324,40
7698,36.4233,-96.8615,0.0,1.13,-10782572.85747267,4359024.215772828,2016,2,5,19,8,5.0,2016.1007454622659,57
7699,36.4161,-96.8667,0.0,1.29,-10783151.718824793,4358028.179263074,2016,2,5,19,36,47.0,2016.100800029153,57
7700,36.4245,-96.8426,0.0,1.37,-10780468.919096677,4359190.23083663,2016,2,5,20,59,0.0,2016.1009563464902,37
7701,36.4293,-96.9131,0.0,1.27,-10788316.9431976,4359854.316751253,2016,2,6,1,56,11.0,2016.1015213767841,58
7702,36.4161,-96.8782,0.0,0.64,-10784431.892968917,4358028.179263074,2016,2,6,2,22,22.0,2016.10157115877,55
7704,36.4214,-96.8484,0.0,0.41,-10781114.572143275,4358761.363835499,2016,2,6,9,13,24.0,2016.1023526503916,36
7705,36.3544,-96.9172,12.094,1.83,-10788773.353109853,4349496.48208893,2016,2,6,9,24,35.0,2016.1023739130985,16
7706,36.4247,-96.9088,0.0,1.0,-10787838.26938719,4359217.900263378,2016,2,6,9,44,50.0,2016.1024124141252,51
7707,36.4354,-96.8747,0.0,1.27,-10784042.27475114,4360698.318518952,2016,2,6,10,0,3.0,2016.1024413453495,44
7709,36.413,-96.8738,0.0,1.41,-10783942.087209426,4357599.358646789,2016,2,6,16,59,35.0,2016.103238997896,56
7710,36.4214,-96.9087,0.0,1.04,-10787827.137438111,4358761.363835499,2016,2,6,18,5,53.0,2016.1033650531092,51
7711,36.4618,-96.8404,0.0,1.27,-10780224.01621693,4364351.8125398075,2016,2,6,18,54,28.0,2016.1034574238852,25
7712,36.4251,-96.8481,0.0,0.94,-10781081.176296039,4359273.239330692,2016,2,6,21,3,38.0,2016.1037030065659,36
7717,36.4529,-96.8588,0.0,1.74,-10782272.294847528,4363120.00327431,2016,2,7,12,51,39.0,2016.1055054566887,41
7718,36.3944,-96.8983,0.025,1.04,-10786669.41473386,4355026.794237775,2016,2,7,14,12,33.0,2016.105659270667,18
7719,36.3995,-96.9101,0.0,1.47,-10787982.984725222,4355732.113530378,2016,2,7,14,38,31.0,2016.1057086407077,49
7720,36.3974,-96.9966,7.552,1.37,-10797612.120678838,4355441.682334235,2016,2,7,15,35,17.0,2016.1058165703348,17
7721,36.4341,-96.8549,0.0,0.64,-10781838.148833433,4360518.443728243,2016,2,7,17,5,30.0,2016.1059880979542,48
7722,36.3944,-96.8983,0.025,0.86,-10786669.41473386,4355026.794237775,2016,2,7,21,54,19.0,2016.106537220828,18
7723,36.4293,-96.9131,0.0,0.66,-10788316.9431976,4359854.316751253,2016,2,7,23,4,29.0,2016.1066706276777,58
7725,36.4251,-96.8481,0.0,1.04,-10781081.176296039,4359273.239330692,2016,2,8,0,13,16.0,2016.106801404416,36
7726,36.4322,-96.8393,0.0,0.78,-10780101.564777058,4360255.555222543,2016,2,8,1,21,21.0,2016.1069308502547,27
7727,36.3777,-96.9196,0.0,0.81,-10789040.519887758,4352717.543096107,2016,2,8,2,43,27.0,2016.1070869457753,15
7728,36.4529,-96.8512,0.0,1.62,-10781426.266717497,4363120.00327431,2016,2,8,3,55,48.0,2016.1072245037647,47
7730,36.4286,-96.8742,0.0,1.0,-10783986.615005743,4359757.468331449,2016,2,8,7,33,58.0,2016.107639300834,45
7731,36.4247,-96.8272,0.0,0.61,-10778754.59893846,4359217.900263378,2016,2,8,7,47,49.0,2016.107665633635,26
7732,36.4617,-96.847,0.0,1.06,-10780958.724856166,4364337.971200943,2016,2,8,10,31,41.0,2016.1079771909144,24
7733,36.4288,-96.8789,0.0,0.83,-10784509.81661247,4359785.139219427,2016,2,8,13,21,20.0,2016.1082997439603,45
7734,36.4342,-96.897,0.0,0.41,-10786524.69939583,4360532.280143644,2016,2,9,3,30,2.0,2016.1099133647679,50
7735,36.413,-96.8738,0.0,0.98,-10783942.087209426,4357599.358646789,2016,2,9,3,47,55.0,2016.109947366086,56
7738,36.4214,-96.8484,0.0,0.43,-10781114.572143275,4358761.363835499,2016,2,9,8,53,26.0,2016.110528240424,36
7739,36.4228,-96.8463,0.0,1.12,-10780880.80121261,4358955.043586806,2016,2,9,11,15,9.0,2016.1107976842345,36
7740,36.4247,-96.8413,0.0,0.64,-10780324.203758644,4359217.900263378,2016,2,9,11,48,57.0,2016.1108619476765,37
7741,36.3938,-96.836,0.0,0.79,-10779734.21045744,4354943.818540041,2016,2,9,12,29,30.0,2016.1109390447943,20
7742,36.413,-96.8738,0.0,1.87,-10783942.087209426,4357599.358646789,2016,2,9,13,20,4.0,2016.1110351864527,56
7743,36.4175,-96.808,0.0,1.41,-10776617.26471523,4358221.845796738,2016,2,9,15,42,7.0,2016.111305264025,19
7745,36.3995,-96.9101,0.0,2.33,-10787982.984725222,4355732.113530378,2016,2,9,18,43,39.0,2016.1116504106776,49
7746,36.4354,-96.8747,0.0,1.03,-10784042.27475114,4360698.318518952,2016,2,9,20,52,57.0,2016.111896246863,44
7747,36.4286,-96.8742,0.0,1.34,-10783986.615005743,4359757.468331449,2016,2,9,21,53,0.0,2016.1120104190434,45
7748,36.3938,-96.836,0.0,0.75,-10779734.21045744,4354943.818540041,2016,2,9,22,42,51.0,2016.112105198114,20
7749,36.4233,-96.8615,0.0,0.93,-10782572.85747267,4359024.215772828,2016,2,9,23,36,7.0,2016.1122064732426,57
7750,36.4161,-96.8782,0.0,0.86,-10784431.892968917,4358028.179263074,2016,2,10,2,42,30.0,2016.1125608411287,55
7751,36.4308,-96.8922,0.0,0.86,-10785990.365840022,4360061.852020108,2016,2,10,4,13,39.0,2016.112734143281,50
7752,36.4247,-96.8413,0.0,0.99,-10780324.203758644,4359217.900263378,2016,2,10,6,25,45.0,2016.1129853030648,37
7753,36.4247,-96.8413,0.0,0.5,-10780324.203758644,4359217.900263378,2016,2,10,7,34,13.0,2016.1131154777297,37
7754,36.4185,-96.8924,0.0,1.08,-10786012.62973818,4358360.181172472,2016,2,10,9,23,42.0,2016.1133236367784,54
7756,36.4247,-96.8413,0.0,0.89,-10780324.203758644,4359217.900263378,2016,2,10,11,40,52.0,2016.1135844297412,37
7758,36.4293,-96.9131,0.0,0.91,-10788316.9431976,4359854.316751253,2016,2,10,12,2,55.0,2016.1136263530814,58
7759,36.4247,-96.8272,0.0,1.34,-10778754.59893846,4359217.900263378,2016,2,10,12,24,52.0,2016.113668086293,26
7761,36.4185,-96.8924,0.0,1.09,-10786012.62973818,4358360.181172472,2016,2,10,21,53,17.0,2016.1147488085278,54
7762,36.4413,-96.8731,0.0,0.6,-10783864.16356587,4361514.7112069735,2016,2,10,23,19,47.0,2016.1149132697037,42
7764,36.4161,-96.8782,0.0,0.88,-10784431.892968917,4358028.179263074,2016,2,11,3,1,31.0,2016.1153348480238,55
7766,36.4175,-96.808,0.0,1.37,-10776617.26471523,4358221.845796738,2016,2,11,3,21,27.0,2016.1153727469768,19
7767,36.4341,-96.8549,0.0,0.62,-10781838.148833433,4360518.443728243,2016,2,11,4,47,30.0,2016.1155363525743,48
7768,36.4161,-96.8782,0.0,0.7,-10784431.892968917,4358028.179263074,2016,2,11,9,51,19.0,2016.1161139947271,55
7770,36.4228,-96.8463,0.0,1.21,-10780880.80121261,4358955.043586806,2016,2,11,12,8,34.0,2016.1163749461302,36
7771,36.413,-96.8738,0.0,1.42,-10783942.087209426,4357599.358646789,2016,2,11,13,36,28.0,2016.1165420691054,56
7772,36.3974,-96.9966,7.552,1.77,-10797612.120678838,4355441.682334235,2016,2,11,14,55,37.0,2016.1166925558343,17
7773,36.4203,-96.8639,0.0,1.71,-10782840.024250573,4358609.189337653,2016,2,11,22,37,17.0,2016.117570315867,57
7774,36.4247,-96.8272,0.0,0.64,-10778754.59893846,4359217.900263378,2016,2,12,1,30,50.0,2016.1179002839253,26
7775,36.4226,-96.9072,0.0,0.59,-10787660.15820192,4358927.374837114,2016,2,12,6,8,4.0,2016.118427383578,51
7776,36.4247,-96.8272,0.0,1.63,-10778754.59893846,4359217.900263378,2016,2,12,9,9,56.0,2016.1187731639923,26
7778,36.4341,-96.8549,0.0,0.6,-10781838.148833433,4360518.443728243,2016,2,12,10,59,46.0,2016.118981988491,48
7779,36.412,-96.9116,0.0,0.91,-10788149.963961411,4357461.033066466,2016,2,12,12,2,38.0,2016.1191015159582,53
7780,36.3974,-96.9966,7.552,1.41,-10797612.120678838,4355441.682334235,2016,2,12,13,32,24.0,2016.119272187999,17
7781,36.4413,-96.8731,0.0,0.87,-10783864.16356587,4361514.7112069735,2016,2,12,16,43,39.0,2016.1196358088068,42
7782,36.4203,-96.8639,0.0,1.67,-10782840.024250573,4358609.189337653,2016,2,12,19,7,11.0,2016.119908706619,57
7783,36.4529,-96.8512,0.0,1.32,-10781426.266717497,4363120.00327431,2016,2,12,21,59,23.0,2016.1202361079422,47
7784,36.413,-96.8738,0.0,1.12,-10783942.087209426,4357599.358646789,2016,2,13,0,24,37.0,2016.1205122379395,56
7785,36.4617,-96.847,0.0,0.88,-10780958.724856166,4364337.971200943,2016,2,13,0,54,25.0,2016.1205688962405,24
7786,36.3835,-96.9274,0.0,1.95,-10789908.811915945,4353519.502249293,2016,2,13,3,59,45.0,2016.120921267777,15
7787,36.4248,-96.9105,0.0,1.62,-10788027.512521537,4359231.735003479,2016,2,13,14,32,2.0,2016.1221234187644,51
7789,36.4341,-96.8549,0.0,1.26,-10781838.148833433,4360518.443728243,2016,2,13,18,13,10.0,2016.1225438563135,48
7790,36.3915,-96.8345,0.0,1.06,-10779567.23122125,4354625.750965185,2016,2,13,21,53,14.0,2016.122962265825,20
7792,36.412,-96.9116,0.0,1.46,-10788149.963961411,4357461.033066466,2016,2,13,22,53,0.0,2016.1230758993079,53
7793,36.4248,-96.9105,0.0,1.72,-10788027.512521537,4359231.735003479,2016,2,14,0,58,1.0,2016.1233135916546,51
7795,36.4342,-96.897,0.0,0.66,-10786524.69939583,4360532.280143644,2016,2,14,5,23,45.0,2016.1238188265268,50
7797,36.4342,-96.897,0.0,0.53,-10786524.69939583,4360532.280143644,2016,2,14,12,19,1.0,2016.1246083669228,50
7798,36.4214,-96.8484,0.0,0.83,-10781114.572143275,4358761.363835499,2016,2,14,14,27,6.0,2016.1248518898776,36
7800,36.4247,-96.8413,0.0,0.7,-10780324.203758644,4359217.900263378,2016,2,14,15,49,49.0,2016.1250091578574,37
7801,36.4223,-96.8349,0.0,0.61,-10779611.759017568,4358885.871846195,2016,2,14,16,32,29.0,2016.1250902793622,30
7802,36.3544,-96.9172,12.094,0.77,-10788773.353109853,4349496.48208893,2016,2,14,19,0,1.0,2016.1253707823155,16
7804,36.4185,-96.8924,0.0,1.82,-10786012.62973818,4358360.181172472,2016,2,14,21,27,12.0,2016.125650619819,54
7805,36.4293,-96.9131,0.0,0.56,-10788316.9431976,4359854.316751253,2016,2,14,21,37,50.0,2016.125670836819,58
7806,36.4248,-96.9105,0.0,1.5,-10788027.512521537,4359231.735003479,2016,2,14,23,41,31.0,2016.1259059941187,51
7807,36.4138,-96.8142,0.0,0.27,-10777307.445558146,4357710.020393209,2016,2,15,1,2,56.0,2016.1260607904276,19
7808,36.4354,-96.8636,0.0,1.09,-10782806.628403334,4360698.318518952,2016,2,15,2,38,15.0,2016.1262420146018,48
7811,36.4342,-96.897,0.0,1.46,-10786524.69939583,4360532.280143644,2016,2,15,9,15,31.0,2016.126997331863,50
7812,36.4413,-96.8731,0.0,1.11,-10783864.16356587,4361514.7112069735,2016,2,15,10,6,21.0,2016.1270939805308,42
7815,36.4371,-96.8361,0.0,0.56,-10779745.342406519,4360933.543945174,2016,2,16,0,19,42.0,2016.128716442315,28
7819,36.4617,-96.847,0.0,1.01,-10780958.724856166,4364337.971200943,2016,2,16,7,59,25.0,2016.129590494841,24
7821,36.4228,-96.8463,0.0,1.23,-10780880.80121261,4358955.043586806,2016,2,16,13,21,49.0,2016.130203469212,36
7822,36.417,-96.8628,0.0,1.23,-10782717.572810698,4358152.678776818,2016,2,16,16,14,5.0,2016.1305309972875,57
7823,36.3544,-96.9172,12.094,0.88,-10788773.353109853,4349496.48208893,2016,2,16,17,23,22.0,2016.1306627246686,16
7824,36.4161,-96.8782,0.0,0.99,-10784431.892968917,4358028.179263074,2016,2,16,21,29,5.0,2016.1311299021472,55
7825,36.4371,-96.8361,0.0,0.72,-10779745.342406519,4360933.543945174,2016,2,17,1,4,45.0,2016.1315399460034,28
7826,36.4617,-96.847,0.0,1.14,-10780958.724856166,4364337.971200943,2016,2,17,2,36,56.0,2016.1317152128172,24
7827,36.3777,-96.9196,0.0,0.74,-10789040.519887758,4352717.543096107,2016,2,17,4,12,27.0,2016.1318968172484,15
7828,36.3995,-96.9101,0.0,0.84,-10787982.984725222,4355732.113530378,2016,2,17,7,54,12.0,2016.132318427257,49
7829,36.4288,-96.8789,0.0,0.36,-10784509.81661247,4359785.139219427,2016,2,17,8,57,28.0,2016.132438715238,45
7832,36.4161,-96.8667,0.0,1.17,-10783151.718824793,4358028.179263074,2016,2,17,21,37,40.0,2016.1338840722995,57
7833,36.4618,-96.8404,0.0,1.29,-10780224.01621693,4364351.8125398075,2016,2,17,23,9,13.0,2016.134058134966,25
7834,36.3995,-96.9101,0.0,1.79,-10787982.984725222,4355732.113530378,2016,2,18,5,8,51.0,2016.1347419005247,49
7836,36.3835,-96.9274,0.0,1.22,-10789908.811915945,4353519.502249293,2016,2,18,14,7,12.0,2016.1357654574492,15
7837,36.4212,-96.8336,0.0,0.88,-10779467.043679535,4358733.695584647,2016,2,18,16,5,23.0,2016.13599015768,30
7839,36.4322,-96.8393,0.0,1.22,-10780101.564777058,4360255.555222543,2016,2,18,17,24,41.0,2016.1361409296017,27
7840,36.3995,-96.9101,0.0,1.18,-10787982.984725222,4355732.113530378,2016,2,18,20,47,38.0,2016.136526795447,49
7841,36.4185,-96.8924,0.0,1.1,-10786012.62973818,4358360.181172472,2016,2,18,23,3,30.0,2016.136785116739,54
7843,36.4161,-96.8782,0.0,1.48,-10784431.892968917,4358028.179263074,2016,2,19,11,22,30.0,2016.1381901665525,55
7845,36.4529,-96.8588,0.0,1.79,-10782272.294847528,4363120.00327431,2016,2,19,14,15,53.0,2016.1385198177302,41
7846,36.4161,-96.8782,0.0,1.07,-10784431.892968917,4358028.179263074,2016,2,19,15,21,36.0,2016.1386447638604,55
7847,36.4322,-96.8393,0.0,1.62,-10780101.564777058,4360255.555222543,2016,2,19,16,31,13.0,2016.1387771250031,27
7849,36.3777,-96.9196,0.0,1.11,-10789040.519887758,4352717.543096107,2016,2,19,19,10,4.0,2016.1390791441681,15
7850,36.4342,-96.897,0.0,1.52,-10786524.69939583,4360532.280143644,2016,2,19,21,32,9.0,2016.1393492851169,50
7851,36.4342,-96.897,0.0,0.9,-10786524.69939583,4360532.280143644,2016,2,19,21,47,34.0,2016.139378596598,50
7853,36.4214,-96.8484,0.0,0.6,-10781114.572143275,4358761.363835499,2016,2,19,23,48,12.0,2016.1396079549775,36
7854,36.4247,-96.8413,0.0,0.87,-10780324.203758644,4359217.900263378,2016,2,20,1,52,55.0,2016.1398450769386,37
7855,36.4161,-96.8667,0.0,0.96,-10783151.718824793,4358028.179263074,2016,2,20,3,9,14.0,2016.139990176693,57
7856,36.4251,-96.8481,0.0,0.65,-10781081.176296039,4359273.239330692,2016,2,20,5,9,7.0,2016.1402181091084,36
7857,36.4247,-96.8272,0.0,0.98,-10778754.59893846,4359217.900263378,2016,2,20,6,40,30.0,2016.140391854894,26
7858,36.4214,-96.8484,0.0,0.38,-10781114.572143275,4358761.363835499,2016,2,20,8,4,37.0,2016.140551784673,36
7859,36.4226,-96.9072,0.0,1.02,-10787660.15820192,4358927.374837114,2016,2,20,14,10,23.0,2016.1412472114482,51
7860,36.3544,-96.9172,12.094,1.29,-10788773.353109853,4349496.48208893,2016,2,20,15,8,49.0,2016.1413583098843,16
7861,36.4618,-96.8404,0.0,1.37,-10780224.01621693,4364351.8125398075,2016,2,20,16,56,6.0,2016.1415622861055,25
7862,36.4214,-96.9087,0.0,0.88,-10787827.137438111,4358761.363835499,2016,2,20,17,9,42.0,2016.141588143585,51
7865,36.3938,-96.836,0.0,0.88,-10779734.21045744,4354943.818540041,2016,2,20,18,51,38.0,2016.1417819479302,20
7866,36.3544,-96.9172,12.094,1.06,-10788773.353109853,4349496.48208893,2016,2,20,19,17,9.0,2016.1418304623926,16
7867,36.4617,-96.847,0.0,0.92,-10780958.724856166,4364337.971200943,2016,2,21,0,38,4.0,2016.1424406165233,24
7869,36.4371,-96.8361,0.0,0.55,-10779745.342406519,4360933.543945174,2016,2,21,3,33,43.0,2016.142774577281,28
7870,36.4371,-96.8534,0.0,1.1,-10781671.169597242,4360933.543945174,2016,2,21,5,56,44.0,2016.1430464927626,48
7871,36.4175,-96.808,0.0,0.33,-10776617.26471523,4358221.845796738,2016,2,21,13,17,29.0,2016.1438844842446,19
7873,36.4212,-96.8336,0.0,0.95,-10779467.043679535,4358733.695584647,2016,2,21,18,52,20.0,2016.144521129617,30
7874,36.4293,-96.9131,0.0,0.52,-10788316.9431976,4359854.316751253,2016,2,21,19,37,36.0,2016.1446071944636,58
7877,36.4543,-96.8664,0.0,0.75,-10783118.322977556,4363313.761654775,2016,2,22,7,5,25.0,2016.1459149301595,40
7878,36.4529,-96.8512,0.0,0.72,-10781426.266717497,4363120.00327431,2016,2,22,10,19,7.0,2016.146283209116,47
7879,36.4618,-96.8404,0.0,0.96,-10780224.01621693,4364351.8125398075,2016,2,22,11,15,27.0,2016.1463903148529,25
7881,36.4212,-96.8336,0.0,0.8,-10779467.043679535,4358733.695584647,2016,2,22,16,15,40.0,2016.1469611123787,30
7882,36.417,-96.8628,0.0,1.09,-10782717.572810698,4358152.678776818,2016,2,22,17,10,25.0,2016.1470652077471,57
7884,36.4247,-96.8413,0.0,0.79,-10780324.203758644,4359217.900263378,2016,2,23,0,14,59.0,2016.1478724300962,37
7885,36.412,-96.9116,0.0,1.13,-10788149.963961411,4357461.033066466,2016,2,23,0,48,31.0,2016.1479361865288,53
7886,36.4371,-96.8534,0.0,1.78,-10781671.169597242,4360933.543945174,2016,2,23,4,11,15.0,2016.148321640429,48
7888,36.4247,-96.9088,0.0,0.78,-10787838.26938719,4359217.900263378,2016,2,23,7,22,52.0,2016.1486859583745,51
7889,36.4175,-96.808,0.0,2.34,-10776617.26471523,4358221.845796738,2016,2,23,8,52,34.0,2016.1488565036632,19
7891,36.4336,-96.907,0.0,0.21,-10787637.894303761,4360449.261918631,2016,2,23,9,13,36.0,2016.14889649403,59
7892,36.4618,-96.8404,0.0,0.98,-10780224.01621693,4364351.8125398075,2016,2,23,9,33,0.0,2016.148933378964,25
7893,36.4301,-96.8308,0.0,0.93,-10779155.349105315,4359965.001728936,2016,2,23,17,6,47.0,2016.149796150531,26
7894,36.3995,-96.9101,0.0,0.89,-10787982.984725222,4355732.113530378,2016,2,23,22,33,22.0,2016.1504170786118,49
7895,36.3544,-96.9172,12.094,0.77,-10788773.353109853,4349496.48208893,2016,2,24,0,11,1.0,2016.1506027391183,16
7897,36.4247,-96.8413,0.0,0.55,-10780324.203758644,4359217.900263378,2016,2,24,5,59,10.0,2016.1512646715846,37
7898,36.4379,-96.9044,0.0,0.33,-10787348.4636277,4361044.240046276,2016,2,24,6,46,39.0,2016.1513549509468,59
7899,36.4214,-96.8484,0.0,0.46,-10781114.572143275,4358761.363835499,2016,2,24,13,9,17.0,2016.152082446067,36
7900,36.4203,-96.8639,0.0,1.24,-10782840.024250573,4358609.189337653,2016,2,24,15,0,20.0,2016.1522935837959,57
7903,36.4293,-96.9131,0.0,1.78,-10788316.9431976,4359854.316751253,2016,2,24,21,37,58.0,2016.1530495981951,58
7904,36.4212,-96.8336,0.0,0.77,-10779467.043679535,4358733.695584647,2016,2,25,1,12,41.0,2016.1534578358303,30
7905,36.4212,-96.8336,0.0,0.35,-10779467.043679535,4358733.695584647,2016,2,25,3,40,16.0,2016.153738433848,30
7906,36.3995,-96.9101,0.0,0.88,-10787982.984725222,4355732.113530378,2016,2,25,6,24,48.0,2016.154051258651,49
7907,36.4529,-96.8512,0.0,0.94,-10781426.266717497,4363120.00327431,2016,2,25,6,40,26.0,2016.1540809820772,47
7908,36.3544,-96.9172,12.094,0.67,-10788773.353109853,4349496.48208893,2016,2,25,7,39,4.0,2016.1541924607702,16
7909,36.3544,-96.9172,12.094,0.52,-10788773.353109853,4349496.48208893,2016,2,25,8,34,14.0,2016.1542973483408,16
7910,36.3544,-96.9172,12.094,0.53,-10788773.353109853,4349496.48208893,2016,2,25,9,29,40.0,2016.1544027429209,16
7911,36.4529,-96.8512,0.0,0.86,-10781426.266717497,4363120.00327431,2016,2,25,10,56,28.0,2016.1545677744823,47
7912,36.4529,-96.8512,0.0,1.09,-10781426.266717497,4363120.00327431,2016,2,25,13,1,51.0,2016.154806163967,47
7913,36.3544,-96.9172,12.094,0.72,-10788773.353109853,4349496.48208893,2016,2,25,14,32,19.0,2016.1549781669075,16
7914,36.4306,-96.8724,0.0,1.01,-10783786.239922315,4360034.180419227,2016,2,25,14,48,56.0,2016.155009759931,45
7915,36.3544,-96.9172,12.094,1.0,-10788773.353109853,4349496.48208893,2016,2,25,15,17,1.0,2016.155063154359,16
7916,36.3974,-96.9966,7.552,1.42,-10797612.120678838,4355441.682334235,2016,2,25,15,31,29.0,2016.1550906596192,17
7917,36.3544,-96.9172,12.094,0.58,-10788773.353109853,4349496.48208893,2016,2,25,17,5,46.0,2016.155269919132,16
7918,36.3544,-96.9172,12.094,0.74,-10788773.353109853,4349496.48208893,2016,2,25,21,44,59.0,2016.1558007896672,16
7919,36.4233,-96.8615,0.0,0.81,-10782572.85747267,4359024.215772828,2016,2,26,0,17,2.0,2016.1560898800922,57
7921,36.413,-96.8738,0.0,0.85,-10783942.087209426,4357599.358646789,2016,2,26,7,22,1.0,2016.1568978946434,56
7922,36.4529,-96.8512,0.0,0.62,-10781426.266717497,4363120.00327431,2016,2,26,8,7,1.0,2016.1569834524805,47
7923,36.3544,-96.9172,12.094,0.86,-10788773.353109853,4349496.48208893,2016,2,26,8,40,22.0,2016.1570468603443,16
7924,36.4247,-96.8272,0.0,0.69,-10778754.59893846,4359217.900263378,2016,2,26,9,37,2.0,2016.157154599843,26
7925,36.4529,-96.8512,0.0,0.69,-10781426.266717497,4363120.00327431,2016,2,26,10,36,28.0,2016.157267599564,47
7926,36.4161,-96.8667,0.0,1.01,-10783151.718824793,4358028.179263074,2016,2,26,12,8,18.0,2016.1574422009278,57
7927,36.4245,-96.8426,0.0,1.03,-10780468.919096677,4359190.23083663,2016,2,26,15,35,40.0,2016.1578364641164,37
7928,36.4293,-96.9131,0.0,0.77,-10788316.9431976,4359854.316751253,2016,2,26,17,57,7.0,2016.1581054009177,58
7930,36.417,-96.8628,0.0,1.03,-10782717.572810698,4358152.678776818,2016,2,26,22,41,9.0,2016.1586454293101,57
7931,36.4371,-96.8361,0.0,0.97,-10779745.342406519,4360933.543945174,2016,2,26,22,52,52.0,2016.1586677060359,28
7932,36.4336,-96.907,0.0,0.33,-10787637.894303761,4360449.261918631,2016,2,27,0,25,24.0,2016.1588436382995,59
7933,36.4543,-96.8664,0.0,0.96,-10783118.322977556,4363313.761654775,2016,2,27,0,53,28.0,2016.1588970010393,40
7934,36.3544,-96.9172,12.094,0.63,-10788773.353109853,4349496.48208893,2016,2,27,1,19,24.0,2016.158946307704,16
7935,36.4233,-96.8615,0.0,0.99,-10782572.85747267,4359024.215772828,2016,2,27,2,40,32.0,2016.1591005653154,57
7936,36.4203,-96.8639,0.0,1.44,-10782840.024250573,4358609.189337653,2016,2,27,16,28,34.0,2016.1606748928943,57
7937,36.4212,-96.8336,0.0,0.39,-10779467.043679535,4358733.695584647,2016,2,27,18,16,55.0,2016.1608808971532,30
7938,36.4293,-96.9131,0.0,0.54,-10788316.9431976,4359854.316751253,2016,2,27,22,17,21.0,2016.161338029508,58
7940,36.4223,-96.8349,0.0,0.47,-10779611.759017568,4358885.871846195,2016,2,28,1,4,32.0,2016.161655892717,30
7941,36.4371,-96.8361,0.0,1.3,-10779745.342406519,4360933.543945174,2016,2,28,2,52,39.0,2016.1618614533425,28
7942,36.4212,-96.8336,0.0,0.96,-10779467.043679535,4358733.695584647,2016,2,28,3,22,34.0,2016.16191833346,30
7943,36.3974,-96.9966,7.552,1.6,-10797612.120678838,4355441.682334235,2016,2,28,4,16,46.0,2016.1620213831216,17
7944,36.4617,-96.847,0.0,0.77,-10780958.724856166,4364337.971200943,2016,2,28,6,33,31.0,2016.1622813838821,24
7945,36.4308,-96.8922,0.0,0.51,-10785990.365840022,4360061.852020108,2016,2,28,7,47,22.0,2016.1624217937992,50
7947,36.3544,-96.9172,12.094,0.56,-10788773.353109853,4349496.48208893,2016,2,28,10,23,59.0,2016.1627195667604,16
7949,36.3944,-96.8983,0.025,0.87,-10786669.41473386,4355026.794237775,2016,2,28,15,31,9.0,2016.1633035782188,18
7950,36.4379,-96.9044,0.0,0.33,-10787348.4636277,4361044.240046276,2016,2,28,17,11,24.0,2016.163494182067,59
7951,36.3995,-96.9101,0.0,0.81,-10787982.984725222,4355732.113530378,2016,2,28,18,25,42.0,2016.1636354475625,49
7953,36.4245,-96.8426,0.0,0.78,-10780468.919096677,4359190.23083663,2016,2,28,21,48,14.0,2016.1640205212057,37
7954,36.4336,-96.907,0.0,0.61,-10787637.894303761,4360449.261918631,2016,2,28,22,25,5.0,2016.1640905835677,59
7955,36.4293,-96.9131,0.0,0.5,-10788316.9431976,4359854.316751253,2016,2,29,0,5,12.0,2016.1642809339114,58
7957,36.3544,-96.9172,12.094,0.54,-10788773.353109853,4349496.48208893,2016,2,29,2,4,46.0,2016.1645082642533,16
7958,36.4354,-96.8747,0.0,2.49,-10784042.27475114,4360698.318518952,2016,2,29,5,22,31.0,2016.1648842434151,44
7959,36.4308,-96.8922,0.0,0.81,-10785990.365840022,4360061.852020108,2016,2,29,6,11,3.0,2016.1649765191269,50
7960,36.4251,-96.8481,0.0,0.75,-10781081.176296039,4359273.239330692,2016,2,29,7,19,18.0,2016.1651062818464,36
7961,36.3944,-96.8983,0.025,0.82,-10786669.41473386,4355026.794237775,2016,2,29,10,30,19.0,2016.1654694590209,18
7962,36.4371,-96.8361,0.0,0.8,-10779745.342406519,4360933.543945174,2016,2,29,13,40,4.0,2016.1658302279006,28
7963,36.4212,-96.8336,0.0,0.59,-10779467.043679535,4358733.695584647,2016,2,29,22,24,58.0,2016.1668282125383,30
7965,36.4214,-96.9087,0.0,0.46,-10787827.137438111,4358761.363835499,2016,3,1,7,15,16.0,2016.1657830760262,51
7967,36.4371,-96.8361,0.0,1.11,-10779745.342406519,4360933.543945174,2016,3,1,12,25,11.0,2016.1663723160189,28
7968,36.4293,-96.9131,0.0,1.41,-10788316.9431976,4359854.316751253,2016,3,1,14,30,24.0,2016.1666103886228,58
7969,36.4379,-96.9044,0.0,0.62,-10787348.4636277,4361044.240046276,2016,3,1,15,22,45.0,2016.1667099209064,59
7970,36.3915,-96.8345,0.0,1.45,-10779567.23122125,4354625.750965185,2016,3,1,15,57,33.0,2016.166776085634,20
7972,36.412,-96.9116,0.0,1.33,-10788149.963961411,4357461.033066466,2016,3,1,18,5,28.0,2016.167019291708,53
7973,36.4322,-96.8393,0.0,1.13,-10780101.564777058,4360255.555222543,2016,3,1,20,49,23.0,2016.1673309440514,27
7974,36.4371,-96.8361,0.0,0.29,-10779745.342406519,4360933.543945174,2016,3,1,21,40,38.0,2016.1674283849215,28
7975,36.4543,-96.8664,0.0,1.76,-10783118.322977556,4363313.761654775,2016,3,1,22,50,42.0,2016.1675616016428,40
7977,36.4214,-96.8484,0.0,0.26,-10781114.572143275,4358761.363835499,2016,3,2,0,56,9.0,2016.1678001178798,36
7978,36.417,-96.8628,0.0,0.57,-10782717.572810698,4358152.678776818,2016,3,2,4,32,3.0,2016.1682106053693,57
7979,36.4371,-96.8361,0.0,0.34,-10779745.342406519,4360933.543945174,2016,3,2,5,0,44.0,2016.1682651405683,28
7980,36.4185,-96.8924,0.0,0.7,-10786012.62973818,4358360.181172472,2016,3,2,6,30,21.0,2016.1684355274165,54
7983,36.4336,-96.907,0.0,0.24,-10787637.894303761,4360449.261918631,2016,3,2,11,25,22.0,2016.168996438259,59
7984,36.4248,-96.9105,0.0,1.62,-10788027.512521537,4359231.735003479,2016,3,2,22,19,6.0,2016.1702393718153,51
7986,36.4354,-96.8747,0.0,0.85,-10784042.27475114,4360698.318518952,2016,3,2,23,12,55.0,2016.170341692651,44
7987,36.4322,-96.8393,0.0,0.93,-10780101.564777058,4360255.555222543,2016,3,2,23,37,38.0,2016.170388686085,27
7988,36.4212,-96.8336,0.0,0.41,-10779467.043679535,4358733.695584647,2016,3,3,0,6,49.0,2016.1704441719269,30
7989,36.4342,-96.897,0.0,0.58,-10786524.69939583,4360532.280143644,2016,3,3,7,22,24.0,2016.171272340102,50
7991,36.4247,-96.9088,0.0,1.01,-10787838.26938719,4359217.900263378,2016,3,3,11,39,1.0,2016.17176024159,51
7992,36.4336,-96.907,0.0,0.37,-10787637.894303761,4360449.261918631,2016,3,3,12,58,39.0,2016.1719116472736,59
7993,36.3544,-96.9172,12.094,0.85,-10788773.353109853,4349496.48208893,2016,3,3,15,36,30.0,2016.1722117651532,16
7995,36.4245,-96.8426,0.0,0.85,-10780468.919096677,4359190.23083663,2016,3,3,20,15,48.0,2016.172742794129,37
7996,36.4185,-96.8924,0.0,0.74,-10786012.62973818,4358360.181172472,2016,3,3,20,47,19.0,2016.1728027163028,54
7997,36.4342,-96.897,0.0,0.82,-10786524.69939583,4360532.280143644,2016,3,4,1,29,56.0,2016.173340051208,50
7998,36.4341,-96.8549,0.0,0.44,-10781838.148833433,4360518.443728243,2016,3,4,3,23,12.0,2016.1735554034528,48
7999,36.4336,-96.907,0.0,0.33,-10787637.894303761,4360449.261918631,2016,3,4,9,55,56.0,2016.174302101554,59
8000,36.4175,-96.808,0.0,0.22,-10776617.26471523,4358221.845796738,2016,3,4,10,23,5.0,2016.174353721449,19
8001,36.4175,-96.808,0.0,0.2,-10776617.26471523,4358221.845796738,2016,3,4,11,3,20.0,2016.1744302481811,19
8002,36.3995,-96.9101,0.0,0.73,-10787982.984725222,4355732.113530378,2016,3,4,11,59,53.0,2016.174537765863,49
8003,36.4371,-96.8361,0.0,0.36,-10779745.342406519,4360933.543945174,2016,3,4,13,14,1.0,2016.1746787144777,28
8004,36.4308,-96.8922,0.0,0.66,-10785990.365840022,4360061.852020108,2016,3,4,23,38,16.0,2016.1758655918068,50
8005,36.4341,-96.8549,0.0,0.59,-10781838.148833433,4360518.443728243,2016,3,5,0,23,18.0,2016.17595121302,48
8006,36.4286,-96.8742,0.0,0.99,-10783986.615005743,4359757.468331449,2016,3,5,1,9,56.0,2016.1760398762897,45
8008,36.4223,-96.8349,0.0,0.41,-10779611.759017568,4358885.871846195,2016,3,5,2,45,59.0,2016.1762224947397,30
8009,36.4161,-96.8667,0.0,0.81,-10783151.718824793,4358028.179263074,2016,3,5,3,34,37.0,2016.17631496058,57
8010,36.3938,-96.836,0.0,0.37,-10779734.21045744,4354943.818540041,2016,3,5,3,58,45.0,2016.1763608449312,20
8011,36.412,-96.9116,0.0,0.94,-10788149.963961411,4357461.033066466,2016,3,5,8,43,39.0,2016.1769025211042,53
8012,36.4301,-96.8308,0.0,1.3,-10779155.349105315,4359965.001728936,2016,3,5,12,15,4.0,2016.177304484498,26
8013,36.4293,-96.9131,0.0,0.71,-10788316.9431976,4359854.316751253,2016,3,5,12,31,16.0,2016.1773352853195,58
8016,36.4354,-96.8747,0.0,0.83,-10784042.27475114,4360698.318518952,2016,3,5,18,52,24.0,2016.1780599285116,44
8017,36.3944,-96.8983,0.025,1.59,-10786669.41473386,4355026.794237775,2016,3,5,19,24,26.0,2016.1781208330165,18
8018,36.4161,-96.8667,0.0,0.97,-10783151.718824793,4358028.179263074,2016,3,5,20,46,24.0,2016.1782766750323,57
8019,36.4379,-96.9044,0.0,0.48,-10787348.4636277,4361044.240046276,2016,3,5,21,48,53.0,2016.1783954736736,59
8020,36.4371,-96.8534,0.0,1.29,-10781671.169597242,4360933.543945174,2016,3,5,23,30,53.0,2016.178589404771,48
8022,36.4371,-96.8361,0.0,0.79,-10779745.342406519,4360933.543945174,2016,3,6,0,23,16.0,2016.178689000431,28
8023,36.4533,-96.854,0.0,0.96,-10781737.961291717,4363175.362454715,2016,3,6,1,46,56.0,2016.1788480746318,46
8024,36.4161,-96.8782,0.0,1.52,-10784431.892968917,4358028.179263074,2016,3,6,2,36,56.0,2016.1789431388952,55
8025,36.4371,-96.8361,0.0,0.11,-10779745.342406519,4360933.543945174,2016,3,6,3,45,10.0,2016.1790728699268,28
8026,36.4354,-96.8747,0.0,1.05,-10784042.27475114,4360698.318518952,2016,3,6,6,37,2.0,2016.1793996374884,44
8027,36.4529,-96.8512,0.0,0.55,-10781426.266717497,4363120.00327431,2016,3,6,8,59,29.0,2016.1796704755748,47
8028,36.4618,-96.8404,0.0,1.04,-10780224.01621693,4364351.8125398075,2016,3,6,9,38,33.0,2016.1797447524527,25
8029,36.417,-96.8628,0.0,1.36,-10782717.572810698,4358152.678776818,2016,3,6,11,42,16.0,2016.1799799731284,57
8031,36.4341,-96.8549,0.0,0.8,-10781838.148833433,4360518.443728243,2016,3,6,18,50,36.0,2016.1807943569854,48
8033,36.4354,-96.8747,0.0,0.76,-10784042.27475114,4360698.318518952,2016,3,7,2,25,26.0,2016.1816591249017,44
8034,36.4529,-96.8512,0.0,0.64,-10781426.266717497,4363120.00327431,2016,3,7,2,47,30.0,2016.18170107993,47
8036,36.4371,-96.8361,0.0,0.62,-10779745.342406519,4360933.543945174,2016,3,7,11,21,11.0,2016.1826777384845,28
8037,36.4543,-96.8664,0.0,1.03,-10783118.322977556,4363313.761654775,2016,3,7,11,32,2.0,2016.1826983674298,40
8038,36.3995,-96.9101,0.0,1.96,-10787982.984725222,4355732.113530378,2016,3,7,14,47,4.0,2016.1830691814332,49
8039,36.412,-96.9116,0.0,1.3,-10788149.963961411,4357461.033066466,2016,3,7,16,46,17.0,2016.1832958463253,53
8040,36.4226,-96.9072,0.0,0.96,-10787660.15820192,4358927.374837114,2016,3,7,18,5,54.0,2016.1834472203209,51
8042,36.4618,-96.8404,0.0,1.16,-10780224.01621693,4364351.8125398075,2016,3,7,21,43,21.0,2016.1838606548026,25
8043,36.4214,-96.9087,0.0,0.7,-10787827.137438111,4358761.363835499,2016,3,8,0,11,52.0,2016.1841430273532,51
8045,36.3995,-96.9101,0.0,0.8,-10787982.984725222,4355732.113530378,2016,3,8,3,0,20.0,2016.1844633305448,49
8046,36.3915,-96.8345,0.0,0.69,-10779567.23122125,4354625.750965185,2016,3,8,4,6,40.0,2016.1845894491344,20
8048,36.3544,-96.9172,12.094,0.51,-10788773.353109853,4349496.48208893,2016,3,8,6,30,25.0,2016.1848627588918,16
8050,36.412,-96.9116,0.0,3.2,-10788149.963961411,4357461.033066466,2016,3,8,9,29,8.0,2016.1852025502574,53
8051,36.3938,-96.836,0.0,0.98,-10779734.21045744,4354943.818540041,2016,3,8,9,39,47.0,2016.1852227989455,20
8053,36.4354,-96.8747,0.0,0.94,-10784042.27475114,4360698.318518952,2016,3,8,15,49,12.0,2016.1859251654118,44
8054,36.4341,-96.8549,0.0,0.72,-10781838.148833433,4360518.443728243,2016,3,8,20,36,21.0,2016.1864711194767,48
8056,36.3995,-96.9101,0.0,0.96,-10787982.984725222,4355732.113530378,2016,3,9,0,57,51.0,2016.1869683055745,49
8057,36.4404,-96.8843,0.0,0.96,-10785110.941862755,4361390.172717214,2016,3,9,6,55,10.0,2016.1876476664893,61
8058,36.4226,-96.9072,0.0,0.5,-10787660.15820192,4358927.374837114,2016,3,9,8,44,59.0,2016.1878564592998,51
8059,36.4354,-96.8636,0.0,1.14,-10782806.628403334,4360698.318518952,2016,3,9,16,11,25.0,2016.18870525642,48
8060,36.4354,-96.8747,0.0,0.69,-10784042.27475114,4360698.318518952,2016,3,9,16,56,36.0,2016.188791162826,44
8061,36.4247,-96.8413,0.0,0.68,-10780324.203758644,4359217.900263378,2016,3,9,21,51,0.0,2016.1893509012093,37
8062,36.4214,-96.8484,0.0,0.41,-10781114.572143275,4358761.363835499,2016,3,9,22,15,20.0,2016.1893971658174,36
8063,36.4293,-96.9131,0.0,0.42,-10788316.9431976,4359854.316751253,2016,3,9,23,1,10.0,2016.1894843080588,58
8064,36.413,-96.8738,0.0,0.78,-10783942.087209426,4357599.358646789,2016,3,10,1,3,55.0,2016.1897176908258,56
8065,36.4306,-96.8724,0.0,0.72,-10783786.239922315,4360034.180419227,2016,3,10,2,18,28.0,2016.1898594316424,45
8066,36.417,-96.8628,0.0,0.79,-10782717.572810698,4358152.678776818,2016,3,10,4,37,27.0,2016.1901236786068,57
8067,36.4371,-96.8361,0.0,0.97,-10779745.342406519,4360933.543945174,2016,3,10,4,59,24.0,2016.1901654118185,28
8068,36.4371,-96.8361,0.0,0.2,-10779745.342406519,4360933.543945174,2016,3,10,7,0,11.0,2016.1903950553908,28
8069,36.3915,-96.8345,0.0,1.53,-10779567.23122125,4354625.750965185,2016,3,10,8,19,11.0,2016.190545256927,20
8070,36.4288,-96.8789,0.0,0.41,-10784509.81661247,4359785.139219427,2016,3,10,10,23,25.0,2016.1907814599335,45
8071,36.3995,-96.9101,0.0,1.08,-10787982.984725222,4355732.113530378,2016,3,10,13,7,38.0,2016.1910936826628,49
8073,36.4214,-96.9087,0.0,0.72,-10787827.137438111,4358761.363835499,2016,3,10,20,11,44.0,2016.1919000177454,51
8074,36.4306,-96.8724,0.0,0.73,-10783786.239922315,4360034.180419227,2016,3,11,1,33,56.0,2016.192512611859,45
8077,36.4212,-96.8336,0.0,0.5,-10779467.043679535,4358733.695584647,2016,3,11,9,11,18.0,2016.1933821963648,30
8078,36.4175,-96.808,0.0,0.23,-10776617.26471523,4358221.845796738,2016,3,11,10,57,0.0,2016.1935831622177,19
8079,36.4533,-96.854,0.0,1.09,-10781737.961291717,4363175.362454715,2016,3,11,11,12,33.0,2016.1936127272036,46
8080,36.4289,-96.8252,0.0,1.33,-10778531.959956871,4359798.974690148,2016,3,11,15,13,22.0,2016.1940705883844,26
8082,36.412,-96.9116,0.0,1.14,-10788149.963961411,4357461.033066466,2016,3,11,19,13,43.0,2016.1945275622988,53
8084,36.3544,-96.9172,12.094,0.64,-10788773.353109853,4349496.48208893,2016,3,11,20,23,28.0,2016.1946601769462,16
8085,36.4306,-96.8724,0.0,0.95,-10783786.239922315,4360034.180419227,2016,3,11,23,33,7.0,2016.1950207556974,45
8086,36.4175,-96.808,0.0,0.72,-10776617.26471523,4358221.845796738,2016,3,12,0,5,9.0,2016.1950816602023,19
8087,36.4529,-96.8588,0.0,0.92,-10782272.294847528,4363120.00327431,2016,3,12,0,16,26.0,2016.1951031130377,41
8088,36.4617,-96.847,0.0,0.88,-10780958.724856166,4364337.971200943,2016,3,12,0,41,10.0,2016.19515013816,24
8089,36.4247,-96.8272,0.0,1.7,-10778754.59893846,4359217.900263378,2016,3,12,2,5,14.0,2016.195309972875,26
8090,36.4618,-96.8404,0.0,0.74,-10780224.01621693,4364351.8125398075,2016,3,12,2,48,15.0,2016.1953917598296,25
8091,36.4289,-96.8252,0.0,0.62,-10778531.959956871,4359798.974690148,2016,3,12,7,32,22.0,2016.1959319466625,26
8093,36.412,-96.9116,0.0,0.71,-10788149.963961411,4357461.033066466,2016,3,12,10,44,39.0,2016.1962975321317,53
8094,36.4247,-96.8413,0.0,0.58,-10780324.203758644,4359217.900263378,2016,3,12,12,7,19.0,2016.1964547050472,37
8095,36.4413,-96.8731,0.0,0.7,-10783864.16356587,4361514.7112069735,2016,3,12,13,4,41.0,2016.1965637754456,42
8098,36.4543,-96.8664,0.0,1.89,-10783118.322977556,4363313.761654775,2016,3,12,16,20,5.0,2016.1969352865872,40
8100,36.3995,-96.9101,0.0,0.87,-10787982.984725222,4355732.113530378,2016,3,12,20,38,53.0,2016.1974273392148,49
8102,36.4618,-96.8404,0.0,0.83,-10780224.01621693,4364351.8125398075,2016,3,13,2,3,10.0,2016.1980438943392,25
8103,36.3835,-96.9274,0.0,0.57,-10789908.811915945,4353519.502249293,2016,3,13,9,33,2.0,2016.1988992192055,15
8104,36.3938,-96.836,0.0,0.61,-10779734.21045744,4354943.818540041,2016,3,13,11,21,55.0,2016.1991062374832,20
8105,36.3777,-96.9196,0.0,0.53,-10789040.519887758,4352717.543096107,2016,3,13,12,48,16.0,2016.1992704134661,15
8107,36.4214,-96.9087,0.0,0.49,-10787827.137438111,4358761.363835499,2016,3,13,17,9,9.0,2016.1997664271048,51
8108,36.4228,-96.8463,0.0,0.8,-10780880.80121261,4358955.043586806,2016,3,13,17,41,15.0,2016.1998274583618,36
8109,36.4233,-96.8615,0.0,0.88,-10782572.85747267,4359024.215772828,2016,3,13,17,52,58.0,2016.1998497350876,57
8110,36.4306,-96.8724,0.0,0.77,-10783786.239922315,4360034.180419227,2016,3,13,22,6,18.0,2016.2003313940224,45
8112,36.4161,-96.8782,0.0,0.64,-10784431.892968917,4358028.179263074,2016,3,13,23,56,55.0,2016.2005417078612,55
8113,36.4289,-96.8252,0.0,0.66,-10778531.959956871,4359798.974690148,2016,3,14,0,45,40.0,2016.2006343955181,26
8115,36.4161,-96.8782,0.0,0.52,-10784431.892968917,4358028.179263074,2016,3,14,2,45,12.0,2016.200861662484,55
8116,36.4533,-96.854,0.0,0.92,-10781737.961291717,4363175.362454715,2016,3,14,8,56,19.0,2016.201567261135,46
8117,36.4533,-96.854,0.0,0.84,-10781737.961291717,4363175.362454715,2016,3,14,9,19,40.0,2016.2016116561463,46
8118,36.3995,-96.9101,0.0,0.76,-10787982.984725222,4355732.113530378,2016,3,14,9,37,50.0,2016.2016461961618,49
8120,36.4413,-96.8731,0.0,0.42,-10783864.16356587,4361514.7112069735,2016,3,14,13,0,50.0,2016.2020321570715,42
8121,36.4228,-96.8463,0.0,0.77,-10780880.80121261,4358955.043586806,2016,3,14,13,42,0.0,2016.2021104266485,36
8122,36.413,-96.8738,0.0,0.9,-10783942.087209426,4357599.358646789,2016,3,14,17,41,4.0,2016.20256496058,56
8123,36.3995,-96.9101,0.0,1.36,-10787982.984725222,4355732.113530378,2016,3,14,18,25,9.0,2016.2026487755722,49
8124,36.4247,-96.8272,0.0,0.97,-10778754.59893846,4359217.900263378,2016,3,14,20,22,34.0,2016.2028720181509,26
8127,36.4161,-96.8667,0.0,0.94,-10783151.718824793,4358028.179263074,2016,3,15,1,0,51.0,2016.2034011141532,57
8129,36.4336,-96.907,0.0,0.14,-10787637.894303761,4360449.261918631,2016,3,15,3,14,53.0,2016.2036559497553,59
8130,36.3699,-96.9643,0.0,0.91,-10794016.501126215,4351639.140589087,2016,3,15,3,40,56.0,2016.2037054782365,15
8133,36.4214,-96.9087,0.0,0.36,-10787827.137438111,4358761.363835499,2016,3,15,7,13,36.0,2016.2041098182372,51
8134,36.4533,-96.854,0.0,0.89,-10781737.961291717,4363175.362454715,2016,3,15,9,31,6.0,2016.2043712449615,46
8135,36.4293,-96.9131,0.0,0.46,-10788316.9431976,4359854.316751253,2016,3,15,10,32,41.0,2016.204488332446,58
8136,36.4161,-96.8667,0.0,1.0,-10783151.718824793,4358028.179263074,2016,3,15,12,58,5.0,2016.2047647793243,57
8137,36.4175,-96.808,0.0,0.52,-10776617.26471523,4358221.845796738,2016,3,15,13,24,30.0,2016.2048150049434,19
8139,36.4306,-96.8724,0.0,1.04,-10783786.239922315,4360034.180419227,2016,3,15,19,21,28.0,2016.2054937004082,45
8140,36.4212,-96.8336,0.0,0.59,-10779467.043679535,4358733.695584647,2016,3,15,20,27,28.0,2016.205619185236,30
8141,36.4228,-96.8463,0.0,0.96,-10780880.80121261,4358955.043586806,2016,3,15,21,56,36.0,2016.2057886531295,36
8142,36.4223,-96.8349,0.0,1.33,-10779611.759017568,4358885.871846195,2016,3,15,23,32,33.0,2016.205971081451,30
8143,36.3995,-96.9101,0.0,1.22,-10787982.984725222,4355732.113530378,2016,3,16,0,22,57.0,2016.2060669062287,49
8144,36.4175,-96.808,0.0,0.22,-10776617.26471523,4358221.845796738,2016,3,16,1,47,13.0,2016.2062271212005,19
8145,36.4214,-96.9087,0.0,0.61,-10787827.137438111,4358761.363835499,2016,3,16,2,6,20.0,2016.2062634674373,51
8146,36.4214,-96.8484,0.0,1.41,-10781114.572143275,4358761.363835499,2016,3,16,5,33,5.0,2016.2066565581667,36
8147,36.4543,-96.8664,0.0,0.61,-10783118.322977556,4363313.761654775,2016,3,16,6,12,39.0,2016.2067317856872,40
8149,36.4322,-96.8393,0.0,0.77,-10780101.564777058,4360255.555222543,2016,3,16,11,4,42.0,2016.2072870560498,27
8151,36.4245,-96.8426,0.0,1.41,-10780468.919096677,4359190.23083663,2016,3,16,20,17,54.0,2016.2083388470605,37
8152,36.4288,-96.8789,0.0,0.68,-10784509.81661247,4359785.139219427,2016,3,16,22,7,45.0,2016.2085477032474,45
8154,36.413,-96.8738,0.0,1.05,-10783942.087209426,4357599.358646789,2016,3,17,0,41,1.0,2016.208839106903,56
8155,36.4251,-96.8481,0.0,0.95,-10781081.176296039,4359273.239330692,2016,3,17,4,56,19.0,2016.209324505032,36
8156,36.3915,-96.8345,0.0,0.98,-10779567.23122125,4354625.750965185,2016,3,17,6,25,28.0,2016.2094940046138,20
8157,36.4226,-96.9072,0.0,0.64,-10787660.15820192,4358927.374837114,2016,3,17,8,19,51.0,2016.2097114799606,51
8158,36.4529,-96.8512,0.0,0.62,-10781426.266717497,4363120.00327431,2016,3,17,9,36,44.0,2016.2098576571095,47
8159,36.4293,-96.9131,0.0,1.02,-10788316.9431976,4359854.316751253,2016,3,17,16,1,14.0,2016.2105887012954,58
8160,36.4175,-96.808,0.0,0.43,-10776617.26471523,4358221.845796738,2016,3,17,18,10,8.0,2016.2108337769666,19
8161,36.4301,-96.8308,0.0,1.17,-10779155.349105315,4359965.001728936,2016,3,17,20,40,19.0,2016.211119318326,26
8164,36.4529,-96.8588,0.0,0.63,-10782272.294847528,4363120.00327431,2016,3,18,5,54,39.0,2016.2121732641265,41
8165,36.4342,-96.897,0.0,0.51,-10786524.69939583,4360532.280143644,2016,3,18,7,56,54.0,2016.2124056962507,50
8166,36.4354,-96.8747,0.0,0.96,-10784042.27475114,4360698.318518952,2016,3,18,8,57,12.0,2016.2125203437524,44
8167,36.4533,-96.854,0.0,1.37,-10781737.961291717,4363175.362454715,2016,3,18,16,28,48.0,2016.2133789641798,46
8168,36.4404,-96.8843,0.0,1.46,-10785110.941862755,4361390.172717214,2016,3,18,17,43,20.0,2016.2135206733085,61
8169,36.3835,-96.9274,0.0,1.66,-10789908.811915945,4353519.502249293,2016,3,18,18,9,25.0,2016.213570265166,15
8170,36.4379,-96.9044,0.0,0.65,-10787348.4636277,4361044.240046276,2016,3,18,21,6,16.0,2016.2139065074657,59
8171,36.4175,-96.808,0.0,0.35,-10776617.26471523,4358221.845796738,2016,3,18,21,20,33.0,2016.213933664157,19
8173,36.3938,-96.836,0.0,0.86,-10779734.21045744,4354943.818540041,2016,3,18,22,20,15.0,2016.2140471708876,20
8174,36.4322,-96.8393,0.0,0.75,-10780101.564777058,4360255.555222543,2016,3,18,23,37,17.0,2016.2141936332293,27
8175,36.4161,-96.8667,0.0,0.82,-10783151.718824793,4358028.179263074,2016,3,19,4,14,59.0,2016.2147216201486,57
8177,36.4212,-96.8336,0.0,0.41,-10779467.043679535,4358733.695584647,2016,3,19,7,8,3.0,2016.2150506692524,30
8178,36.4617,-96.847,0.0,0.89,-10780958.724856166,4364337.971200943,2016,3,19,9,10,26.0,2016.2152833548812,24
8180,36.4214,-96.8484,0.0,0.28,-10781114.572143275,4358761.363835499,2016,3,19,14,5,44.0,2016.215844804421,36
8181,36.413,-96.8738,0.0,0.97,-10783942.087209426,4357599.358646789,2016,3,19,15,8,44.0,2016.215964585393,56
8182,36.3835,-96.9274,0.0,0.86,-10789908.811915945,4353519.502249293,2016,3,19,16,49,12.0,2016.2161556011863,15
8183,36.4247,-96.9088,0.0,0.78,-10787838.26938719,4359217.900263378,2016,3,19,19,25,48.0,2016.2164533424595,51
8184,36.4413,-96.8731,0.0,0.59,-10783864.16356587,4361514.7112069735,2016,3,19,20,54,19.0,2016.216621637894,42
8185,36.4301,-96.8308,0.0,1.9,-10779155.349105315,4359965.001728936,2016,3,19,21,44,21.0,2016.2167167655334,26
8186,36.4354,-96.8747,0.0,0.64,-10784042.27475114,4360698.318518952,2016,3,20,0,16,26.0,2016.2170059193347,44
8187,36.4288,-96.8789,0.0,0.38,-10784509.81661247,4359785.139219427,2016,3,20,8,9,39.0,2016.2179056392122,45
8189,36.3974,-96.9966,7.552,0.61,-10797612.120678838,4355441.682334235,2016,3,20,12,24,30.0,2016.218390181763,17
8190,36.3938,-96.836,0.0,1.04,-10779734.21045744,4354943.818540041,2016,3,20,17,23,52.0,2016.2189593631963,20
8191,36.4336,-96.907,0.0,0.34,-10787637.894303761,4360449.261918631,2016,3,20,20,40,13.0,2016.2193326805586,59
8192,36.4175,-96.808,0.0,0.22,-10776617.26471523,4358221.845796738,2016,3,20,23,48,22.0,2016.2196904073821,19
8194,36.4161,-96.8782,0.0,0.57,-10784431.892968917,4358028.179263074,2016,3,21,2,15,6.0,2016.2199693893072,55
8195,36.4289,-96.8252,0.0,0.76,-10778531.959956871,4359798.974690148,2016,3,21,3,34,34.0,2016.22012047811,26
8196,36.4293,-96.9131,0.0,0.33,-10788316.9431976,4359854.316751253,2016,3,21,4,3,51.0,2016.2201761540803,58
8197,36.4228,-96.8463,0.0,0.72,-10780880.80121261,4358955.043586806,2016,3,21,5,42,13.0,2016.2203631771745,36
8198,36.4247,-96.8413,0.0,1.19,-10780324.203758644,4359217.900263378,2016,3,21,7,19,50.0,2016.2205487743047,37
8199,36.3995,-96.9101,0.0,1.23,-10787982.984725222,4355732.113530378,2016,3,21,8,54,37.0,2016.2207289844603,49
8200,36.4618,-96.8404,0.0,0.65,-10780224.01621693,4364351.8125398075,2016,3,21,9,30,29.0,2016.2207971772252,25
8202,36.417,-96.8628,0.0,0.71,-10782717.572810698,4358152.678776818,2016,3,22,2,13,34.0,2016.2227043247901,57
8203,36.4214,-96.8484,0.0,0.32,-10781114.572143275,4358761.363835499,2016,3,22,11,48,36.0,2016.223797627196,36
8204,36.4371,-96.8534,0.0,1.28,-10781671.169597242,4360933.543945174,2016,3,22,12,7,32.0,2016.2238336248638,48
8206,36.3544,-96.9172,12.094,0.82,-10788773.353109853,4349496.48208893,2016,3,22,17,13,5.0,2016.2244145625777,16
8209,36.4212,-96.8336,0.0,0.68,-10779467.043679535,4358733.695584647,2016,3,22,19,54,18.0,2016.224721081451,30
8210,36.4214,-96.9087,0.0,0.47,-10787827.137438111,4358761.363835499,2016,3,23,4,55,29.0,2016.2257500253504,51
8211,36.4175,-96.808,0.0,1.08,-10776617.26471523,4358221.845796738,2016,3,23,7,4,12.0,2016.2259947524526,19
8213,36.4529,-96.8588,0.0,1.03,-10782272.294847528,4363120.00327431,2016,3,23,13,40,5.0,2016.2267474396026,41
8216,36.3995,-96.9101,0.0,1.31,-10787982.984725222,4355732.113530378,2016,3,23,18,18,6.0,2016.2272760285953,49
8217,36.4289,-96.8252,0.0,0.83,-10778531.959956871,4359798.974690148,2016,3,24,4,41,6.0,2016.2284605293178,26
8218,36.4214,-96.9087,0.0,0.42,-10787827.137438111,4358761.363835499,2016,3,24,5,28,49.0,2016.2285512523133,51
8219,36.4175,-96.808,0.0,0.41,-10776617.26471523,4358221.845796738,2016,3,24,6,36,47.0,2016.2286804763353,19
8220,36.3974,-96.9966,7.552,1.24,-10797612.120678838,4355441.682334235,2016,3,24,7,41,5.0,2016.228802728978,17
8221,36.4214,-96.8484,0.0,0.4,-10781114.572143275,4358761.363835499,2016,3,24,7,58,16.0,2016.2288353993968,36
8222,36.3544,-96.9172,12.094,0.56,-10788773.353109853,4349496.48208893,2016,3,24,8,47,44.0,2016.2289294496413,16
8223,36.4342,-96.897,0.0,0.56,-10786524.69939583,4360532.280143644,2016,3,24,8,56,55.0,2016.2289469097777,50
8224,36.4371,-96.8361,0.0,0.44,-10779745.342406519,4360933.543945174,2016,3,24,12,18,37.0,2016.2293303990164,28
8225,36.4293,-96.9131,0.0,0.52,-10788316.9431976,4359854.316751253,2016,3,24,13,8,12.0,2016.2294246710776,58
8226,36.4247,-96.8272,0.0,0.95,-10778754.59893846,4359217.900263378,2016,3,24,14,20,26.0,2016.2295620072503,26
8227,36.4336,-96.907,0.0,0.59,-10787637.894303761,4360449.261918631,2016,3,24,14,30,43.0,2016.2295815588004,59
8228,36.3938,-96.836,0.0,0.44,-10779734.21045744,4354943.818540041,2016,3,24,23,39,55.0,2016.23062574467,20
8229,36.4175,-96.808,0.0,0.45,-10776617.26471523,4358221.845796738,2016,3,25,0,36,19.0,2016.2307329771593,19
8230,36.4533,-96.854,0.0,0.94,-10781737.961291717,4363175.362454715,2016,3,25,2,56,33.0,2016.23099960073,46
8231,36.4214,-96.8484,0.0,0.33,-10781114.572143275,4358761.363835499,2016,3,25,3,20,57.0,2016.2310459920907,36
8232,36.4314,-96.8599,0.0,0.44,-10782394.746287398,4360144.867250516,2016,3,25,4,13,54.0,2016.2311466651456,48
8233,36.4289,-96.8252,0.0,0.72,-10778531.959956871,4359798.974690148,2016,3,25,5,9,35.0,2016.2312525350471,26
8234,36.4289,-96.8252,0.0,0.6,-10778531.959956871,4359798.974690148,2016,3,25,5,40,45.0,2016.2313117917713,26
8235,36.4371,-96.8361,0.0,1.26,-10779745.342406519,4360933.543945174,2016,3,25,6,31,15.0,2016.2314078066772,28
8236,36.4617,-96.847,0.0,0.91,-10780958.724856166,4364337.971200943,2016,3,25,12,9,21.0,2016.2320506312267,24
8237,36.3944,-96.8983,0.025,0.98,-10786669.41473386,4355026.794237775,2016,3,25,17,35,49.0,2016.2326713374907,18
8238,36.4226,-96.9072,0.0,1.08,-10787660.15820192,4358927.374837114,2016,3,25,17,56,44.0,2016.232711106041,51
8239,36.413,-96.8738,0.0,1.25,-10783942.087209426,4357599.358646789,2016,3,25,19,8,20.0,2016.2328472380664,56
8240,36.4379,-96.9044,0.0,0.58,-10787348.4636277,4361044.240046276,2016,3,25,19,43,6.0,2016.2329133394173,59
8241,36.4543,-96.8664,0.0,0.95,-10783118.322977556,4363313.761654775,2016,3,25,21,1,22.0,2016.2330621466779,40
8242,36.4247,-96.8413,0.0,0.83,-10780324.203758644,4359217.900263378,2016,3,26,4,11,44.0,2016.2338803964813,37
8243,36.3835,-96.9274,0.0,0.83,-10789908.811915945,4353519.502249293,2016,3,26,6,48,25.0,2016.2341782961948,15
8244,36.4341,-96.8549,0.0,0.83,-10781838.148833433,4360518.443728243,2016,3,26,7,49,41.0,2016.2342947816057,48
8245,36.4543,-96.8664,0.0,0.73,-10783118.322977556,4363313.761654775,2016,3,26,8,14,17.0,2016.2343415532232,40
8246,36.4293,-96.9131,0.0,0.54,-10788316.9431976,4359854.316751253,2016,3,26,11,57,36.0,2016.234766141912,58
8247,36.4233,-96.8615,0.0,0.87,-10782572.85747267,4359024.215772828,2016,3,26,12,33,45.0,2016.2348348733744,57
8248,36.4203,-96.8639,0.0,1.09,-10782840.024250573,4358609.189337653,2016,3,26,12,48,13.0,2016.2348623786347,57
8249,36.3974,-96.9966,7.552,0.8,-10797612.120678838,4355441.682334235,2016,3,26,13,7,16.0,2016.234898598119,17
8250,36.4308,-96.8922,0.0,0.64,-10785990.365840022,4360061.852020108,2016,3,26,13,40,28.0,2016.23496172079,50
8251,36.4175,-96.808,0.0,0.57,-10776617.26471523,4358221.845796738,2016,3,26,14,42,31.0,2016.235079695541,19
8252,36.4533,-96.854,0.0,1.18,-10781737.961291717,4363175.362454715,2016,3,26,15,8,22.0,2016.235128843765,46
8253,36.4161,-96.8667,0.0,1.06,-10783151.718824793,4358028.179263074,2016,3,26,15,55,29.0,2016.2352184259894,57
8254,36.4308,-96.8922,0.0,0.64,-10785990.365840022,4360061.852020108,2016,3,26,18,7,51.0,2016.2354700927826,50
8255,36.417,-96.8628,0.0,0.66,-10782717.572810698,4358152.678776818,2016,3,27,0,12,18.0,2016.236163016199,57
8257,36.413,-96.8738,0.0,0.74,-10783942.087209426,4357599.358646789,2016,3,27,3,51,37.0,2016.2365799997465,56
8258,36.4185,-96.8924,0.0,2.94,-10786012.62973818,4358360.181172472,2016,3,27,6,2,3.0,2016.2368279907216,54
8259,36.4529,-96.8588,0.0,1.14,-10782272.294847528,4363120.00327431,2016,3,27,10,39,10.0,2016.2373548685578,41
8261,36.4247,-96.9088,0.0,1.63,-10787838.26938719,4359217.900263378,2016,3,27,15,49,24.0,2016.2379447106243,51
8262,36.4203,-96.8639,0.0,1.14,-10782840.024250573,4358609.189337653,2016,3,27,17,5,53.0,2016.2380901272593,57
8264,36.3699,-96.9643,0.0,0.93,-10794016.501126215,4351639.140589087,2016,3,27,19,55,17.0,2016.238412204984,15
8265,36.4138,-96.8142,0.0,0.23,-10777307.445558146,4357710.020393209,2016,3,27,21,43,32.0,2016.2386180191143,19
8266,36.417,-96.8628,0.0,0.96,-10782717.572810698,4358152.678776818,2016,3,28,0,37,39.0,2016.2389490645676,57
8267,36.3699,-96.9643,0.0,0.86,-10794016.501126215,4351639.140589087,2016,3,28,1,56,24.0,2016.2390987907825,15
8268,36.4223,-96.8349,0.0,0.37,-10779611.759017568,4358885.871846195,2016,3,28,3,54,34.0,2016.239323459325,30
8269,36.3544,-96.9172,12.094,0.52,-10788773.353109853,4349496.48208893,2016,3,28,4,45,25.0,2016.239420139681,16
8270,36.3544,-96.9172,12.094,0.39,-10788773.353109853,4349496.48208893,2016,3,28,4,54,31.0,2016.239437441377,16
8271,36.3544,-96.9172,12.094,0.45,-10788773.353109853,4349496.48208893,2016,3,28,5,47,25.0,2016.2395380193677,16
8273,36.4185,-96.8924,0.0,0.67,-10786012.62973818,4358360.181172472,2016,3,28,9,14,40.0,2016.2399320607396,54
8274,36.4212,-96.8336,0.0,0.44,-10779467.043679535,4358733.695584647,2016,3,28,9,37,9.0,2016.2399748079702,30
8275,36.3544,-96.9172,12.094,0.91,-10788773.353109853,4349496.48208893,2016,3,28,14,14,8.0,2016.2405014323015,16
8276,36.4322,-96.8393,0.0,0.96,-10780101.564777058,4360255.555222543,2016,3,28,15,6,54.0,2016.2406017567876,27
8277,36.3974,-96.9966,7.552,0.97,-10797612.120678838,4355441.682334235,2016,3,28,15,39,37.0,2016.240663960504,17
8279,36.413,-96.8738,0.0,1.32,-10783942.087209426,4357599.358646789,2016,3,28,18,45,47.0,2016.241017916445,56
8280,36.3544,-96.9172,12.094,0.63,-10788773.353109853,4349496.48208893,2016,3,28,20,3,36.0,2016.241165868127,16
8282,36.3974,-96.9966,7.552,1.13,-10797612.120678838,4355441.682334235,2016,3,29,0,23,38.0,2016.2416602656729,17
8283,36.4618,-96.8404,0.0,0.84,-10780224.01621693,4364351.8125398075,2016,3,29,3,31,25.0,2016.2420172953584,25
8284,36.3544,-96.9172,12.094,0.48,-10788773.353109853,4349496.48208893,2016,3,29,4,28,54.0,2016.2421265875732,16
8285,36.4161,-96.8667,0.0,0.81,-10783151.718824793,4358028.179263074,2016,3,29,5,19,18.0,2016.2422224123507,57
8286,36.4214,-96.8484,0.0,0.6,-10781114.572143275,4358761.363835499,2016,3,29,5,47,23.0,2016.2422758067787,36
8288,36.3544,-96.9172,12.094,0.49,-10788773.353109853,4349496.48208893,2016,3,29,7,38,36.0,2016.2424872613888,16
8289,36.4247,-96.8272,0.0,0.73,-10778754.59893846,4359217.900263378,2016,3,29,7,57,11.0,2016.2425225936065,26
8290,36.4371,-96.8534,0.0,1.14,-10781671.169597242,4360933.543945174,2016,3,29,9,37,5.0,2016.242712532005,48
8292,36.4354,-96.8747,0.0,0.82,-10784042.27475114,4360698.318518952,2016,3,29,12,36,49.0,2016.243054256344,44
8293,36.4175,-96.808,0.0,0.72,-10776617.26471523,4358221.845796738,2016,3,29,14,24,35.0,2016.2432591515199,19
8295,36.3544,-96.9172,12.094,0.71,-10788773.353109853,4349496.48208893,2016,3,29,20,46,54.0,2016.243986044566,16
8297,36.4306,-96.8724,0.0,1.0,-10783786.239922315,4360034.180419227,2016,3,29,23,14,33.0,2016.244266769336,45
8298,36.4529,-96.8588,0.0,0.93,-10782272.294847528,4363120.00327431,2016,3,30,0,34,58.0,2016.2444196643598,41
8299,36.3835,-96.9274,0.0,2.08,-10789908.811915945,4353519.502249293,2016,3,30,3,15,7.0,2016.2447241551956,15
8301,36.4214,-96.8484,0.0,0.42,-10781114.572143275,4358761.363835499,2016,3,30,3,51,3.0,2016.244792474713,36
8302,36.4533,-96.854,0.0,1.02,-10781737.961291717,4363175.362454715,2016,3,30,4,43,54.0,2016.2448929576394,46
8303,36.4354,-96.8747,0.0,0.64,-10784042.27475114,4360698.318518952,2016,3,30,7,26,9.0,2016.2452014411742,44
8304,36.3938,-96.836,0.0,0.59,-10779734.21045744,4354943.818540041,2016,3,30,8,45,29.0,2016.2453522764722,20
8305,36.4413,-96.8731,0.0,0.34,-10783864.16356587,4361514.7112069735,2016,3,30,9,45,58.0,2016.245467272543,42
8306,36.3544,-96.9172,12.094,0.57,-10788773.353109853,4349496.48208893,2016,3,30,10,4,12.0,2016.245501939311,16
8307,36.3974,-96.9966,7.552,0.81,-10797612.120678838,4355441.682334235,2016,3,30,10,36,48.0,2016.2455639212108,17
8310,36.4233,-96.8615,0.0,1.03,-10782572.85747267,4359024.215772828,2016,3,30,19,30,4.0,2016.2465778132685,57
8311,36.3544,-96.9172,12.094,0.65,-10788773.353109853,4349496.48208893,2016,3,30,22,55,0.0,2016.2469674499962,16
8312,36.3777,-96.9196,0.0,0.85,-10789040.519887758,4352717.543096107,2016,3,31,1,36,26.0,2016.2472743808148,15
8313,36.3544,-96.9172,12.094,0.56,-10788773.353109853,4349496.48208893,2016,3,31,2,10,30.0,2016.2473391512663,16
8314,36.3544,-96.9172,12.094,0.5,-10788773.353109853,4349496.48208893,2016,3,31,4,11,34.0,2016.2475693335361,16
8315,36.3544,-96.9172,12.094,0.93,-10788773.353109853,4349496.48208893,2016,3,31,4,26,21.0,2016.24759744087,16
8316,36.3544,-96.9172,12.094,0.49,-10788773.353109853,4349496.48208893,2016,3,31,5,57,27.0,2016.247770647958,16
8317,36.4161,-96.8667,0.0,0.78,-10783151.718824793,4358028.179263074,2016,3,31,7,50,35.0,2016.247985746698,57
8318,36.4293,-96.9131,0.0,0.34,-10788316.9431976,4359854.316751253,2016,3,31,8,4,48.0,2016.248012776637,58
8319,36.4342,-96.897,0.0,0.52,-10786524.69939583,4360532.280143644,2016,3,31,9,20,35.0,2016.2481568623723,50
8320,36.3544,-96.9172,12.094,0.61,-10788773.353109853,4349496.48208893,2016,3,31,10,50,54.0,2016.2483285801202,16
8322,36.4233,-96.8615,0.0,0.95,-10782572.85747267,4359024.215772828,2016,3,31,12,33,40.0,2016.2485239688697,57
8323,36.4371,-96.8361,0.0,0.74,-10779745.342406519,4360933.543945174,2016,3,31,14,40,10.0,2016.2487644814562,28
8324,36.4371,-96.8361,0.0,0.36,-10779745.342406519,4360933.543945174,2016,3,31,16,14,45.0,2016.2489443113545,28
8325,36.3544,-96.9172,12.094,1.83,-10788773.353109853,4349496.48208893,2016,3,31,18,13,38.0,2016.2491703424848,16
8326,36.4533,-96.854,0.0,1.36,-10781737.961291717,4363175.362454715,2016,3,31,19,21,43.0,2016.2492997883235,46
8328,36.4342,-96.897,0.0,1.07,-10786524.69939583,4360532.280143644,2016,3,31,21,41,48.0,2016.2495661267017,50
8329,36.4248,-96.9105,0.0,1.5,-10788027.512521537,4359231.735003479,2016,3,31,22,35,40.0,2016.2496685426015,51
8330,36.4336,-96.907,0.0,0.26,-10787637.894303761,4360449.261918631,2016,3,31,22,56,17.0,2016.249707740766,59
8332,36.4502,-96.8609,0.0,0.7,-10782506.065778192,4362746.336273596,2016,4,1,0,31,29.0,2016.2498887431236,41
8334,36.4502,-96.8609,0.0,0.65,-10782506.065778192,4362746.336273596,2016,4,1,3,10,40.0,2016.2501913960505,41
8335,36.417,-96.8628,0.0,0.62,-10782717.572810698,4358152.678776818,2016,4,1,3,55,6.0,2016.2502758764924,57
8336,36.417,-96.8628,0.0,0.68,-10782717.572810698,4358152.678776818,2016,4,1,4,46,32.0,2016.2503736659314,57
8337,36.4413,-96.8731,0.0,0.41,-10783864.16356587,4361514.7112069735,2016,4,1,6,45,42.0,2016.2506002357593,42
8338,36.4288,-96.8789,0.0,0.42,-10784509.81661247,4359785.139219427,2016,4,1,7,9,35.0,2016.2506456447893,45
8339,36.4341,-96.8549,0.0,0.47,-10781838.148833433,4360518.443728243,2016,4,1,8,22,32.0,2016.2507843435496,48
8340,36.412,-96.9116,0.0,0.91,-10788149.963961411,4357461.033066466,2016,4,1,9,55,12.0,2016.2509605293178,53
8341,36.4175,-96.808,0.0,0.4,-10776617.26471523,4358221.845796738,2016,4,1,10,53,6.0,2016.2510706137348,19
8342,36.4371,-96.8534,0.0,2.71,-10781671.169597242,4360933.543945174,2016,4,1,19,40,18.0,2016.2520729713285,48
8343,36.4115,-96.8758,0.0,0.79,-10784164.726191012,4357391.870944072,2016,4,1,23,25,30.0,2016.252501140771,56
8345,36.4228,-96.8463,0.0,0.86,-10780880.80121261,4358955.043586806,2016,4,2,0,39,58.0,2016.2526427231476,36
8346,36.412,-96.9116,0.0,0.89,-10788149.963961411,4357461.033066466,2016,4,2,5,16,17.0,2016.2531680799555,53
8347,36.3699,-96.9643,0.0,1.4,-10794016.501126215,4351639.140589087,2016,4,2,5,46,55.0,2016.2532263226608,15
8348,36.3544,-96.9172,12.094,0.53,-10788773.353109853,4349496.48208893,2016,4,2,7,4,30.0,2016.2533738307095,16
8349,36.4322,-96.8393,0.0,0.63,-10780101.564777058,4360255.555222543,2016,4,2,12,54,33.0,2016.2540393756178,27
8350,36.4115,-96.8758,0.0,0.68,-10784164.726191012,4357391.870944072,2016,4,2,15,45,25.0,2016.254364241894,56
8351,36.4251,-96.8481,0.0,0.65,-10781081.176296039,4359273.239330692,2016,4,2,16,24,35.0,2016.2544387089006,36
8352,36.4161,-96.8667,0.0,1.14,-10783151.718824793,4358028.179263074,2016,4,2,17,21,41.0,2016.2545472722893,57
8355,36.4366,-96.8967,0.0,1.12,-10786491.303548591,4360864.359461431,2016,4,3,0,52,8.0,2016.2554037062387,50
8356,36.4371,-96.8534,0.0,1.79,-10781671.169597242,4360933.543945174,2016,4,3,4,26,54.0,2016.2558120389383,48
8357,36.4226,-96.9072,0.0,1.33,-10787660.15820192,4358927.374837114,2016,4,3,4,44,42.0,2016.2558458818162,51
8359,36.4371,-96.8534,0.0,1.4,-10781671.169597242,4360933.543945174,2016,4,3,10,27,42.0,2016.2564980226632,48
8361,36.4341,-96.8549,0.0,0.33,-10781838.148833433,4360518.443728243,2016,4,3,11,50,3.0,2016.2566545935051,48
8362,36.412,-96.9116,0.0,1.64,-10788149.963961411,4357461.033066466,2016,4,3,14,53,9.0,2016.2570027188378,53
8363,36.4354,-96.8747,0.0,2.59,-10784042.27475114,4360698.318518952,2016,4,3,16,36,54.0,2016.2571999771847,44
8364,36.4404,-96.8843,0.0,1.23,-10785110.941862755,4361390.172717214,2016,4,3,18,35,57.0,2016.2574263251959,61
8365,36.3974,-96.9966,7.552,1.22,-10797612.120678838,4355441.682334235,2016,4,3,18,49,54.0,2016.2574528481252,17
8366,36.4115,-96.8758,0.0,0.75,-10784164.726191012,4357391.870944072,2016,4,3,19,4,37.0,2016.2574808287068,56
8368,36.4413,-96.8731,0.0,0.84,-10783864.16356587,4361514.7112069735,2016,4,3,21,58,58.0,2016.2578123177934,42
8372,36.4379,-96.9044,0.0,0.76,-10787348.4636277,4361044.240046276,2016,4,4,3,54,22.0,2016.258488034578,59
8373,36.4251,-96.8481,0.0,0.71,-10781081.176296039,4359273.239330692,2016,4,4,4,5,25.0,2016.2585090437804,36
8374,36.3763,-96.9617,0.149,1.15,-10793727.070450153,4352523.975708959,2016,4,4,5,28,50.0,2016.2586676426597,15
8375,36.3974,-96.9966,7.552,0.81,-10797612.120678838,4355441.682334235,2016,4,4,8,57,55.0,2016.2590651697215,17
8377,36.412,-96.9116,0.0,1.55,-10788149.963961411,4357461.033066466,2016,4,4,12,19,25.0,2016.259448278703,53
8379,36.4175,-96.808,0.0,0.8,-10776617.26471523,4358221.845796738,2016,4,4,22,8,38.0,2016.2605685476715,19
8380,36.4336,-96.907,0.0,0.83,-10787637.894303761,4360449.261918631,2016,4,4,22,31,10.0,2016.2606113899662,59
8381,36.4413,-96.8731,0.0,0.39,-10783864.16356587,4361514.7112069735,2016,4,5,0,26,56.0,2016.2608314954243,42
8383,36.4341,-96.8549,0.0,0.65,-10781838.148833433,4360518.443728243,2016,4,5,2,40,27.0,2016.2610853486958,48
8384,36.3544,-96.9172,12.094,0.65,-10788773.353109853,4349496.48208893,2016,4,5,3,35,6.0,2016.2611892539358,16
8385,36.3974,-96.9966,7.552,0.84,-10797612.120678838,4355441.682334235,2016,4,5,5,15,33.0,2016.2613802380408,17
8388,36.4248,-96.9105,0.0,1.5,-10788027.512521537,4359231.735003479,2016,4,5,9,19,44.0,2016.2618445002154,51
8389,36.4223,-96.8349,0.0,0.59,-10779611.759017568,4358885.871846195,2016,4,5,9,30,33.0,2016.2618650657844,30
8391,36.4306,-96.8724,0.0,0.64,-10783786.239922315,4360034.180419227,2016,4,5,10,9,46.0,2016.261939627855,45
8392,36.3544,-96.9172,12.094,1.23,-10788773.353109853,4349496.48208893,2016,4,5,10,28,18.0,2016.2619748650088,16
8393,36.412,-96.9116,0.0,1.45,-10788149.963961411,4357461.033066466,2016,4,5,11,30,24.0,2016.2620929348238,53
8397,36.4502,-96.8609,0.0,0.5,-10782506.065778192,4362746.336273596,2016,4,5,21,35,8.0,2016.2632427054023,41
8398,36.4115,-96.8758,0.0,0.83,-10784164.726191012,4357391.870944072,2016,4,5,22,1,56.0,2016.2632936598475,56
8399,36.4251,-96.8481,0.0,0.71,-10781081.176296039,4359273.239330692,2016,4,6,1,16,43.0,2016.2636639985296,36
8402,36.4293,-96.9131,0.0,0.84,-10788316.9431976,4359854.316751253,2016,4,6,4,26,58.0,2016.2640257180522,58
8403,36.4371,-96.8361,0.0,0.56,-10779745.342406519,4360933.543945174,2016,4,6,5,32,52.0,2016.2641510127512,28
8404,36.3974,-96.9966,7.552,0.61,-10797612.120678838,4355441.682334235,2016,4,6,6,39,2.0,2016.26427681446,17
8405,36.417,-96.8628,0.0,0.72,-10782717.572810698,4358152.678776818,2016,4,6,6,59,52.0,2016.2643164245696,57
8406,36.412,-96.9116,0.0,0.94,-10788149.963961411,4357461.033066466,2016,4,6,8,20,3.0,2016.2644688759601,53
8407,36.3915,-96.8345,0.0,0.9,-10779567.23122125,4354625.750965185,2016,4,6,9,12,51.0,2016.2645692638223,20
8409,36.412,-96.9116,0.0,1.13,-10788149.963961411,4357461.033066466,2016,4,6,11,35,3.0,2016.2648396265877,53
8411,36.4354,-96.8636,0.0,1.39,-10782806.628403334,4360698.318518952,2016,4,6,15,59,43.0,2016.265342833422,48
8412,36.4175,-96.808,0.0,0.67,-10776617.26471523,4358221.845796738,2016,4,6,17,15,15.0,2016.265486443836,19
8413,36.4216,-96.86,10.64,0.78,-10782405.878236478,4358789.032157611,2016,4,6,22,30,41.0,2016.266086172586,57
8414,36.4216,-96.86,10.64,0.82,-10782405.878236478,4358789.032157611,2016,4,6,23,8,32.0,2016.2661581362333,57
8416,36.3995,-96.9101,0.0,1.59,-10787982.984725222,4355732.113530378,2016,4,7,0,56,20.0,2016.2663630947854,49
8418,36.4543,-96.8664,0.0,0.84,-10783118.322977556,4363313.761654775,2016,4,7,3,7,11.0,2016.2666118779628,40
8419,36.4341,-96.8549,0.0,1.07,-10781838.148833433,4360518.443728243,2016,4,7,3,33,42.0,2016.2666622937106,48
8420,36.4228,-96.8463,0.0,0.76,-10780880.80121261,4358955.043586806,2016,4,7,5,2,37.0,2016.266831349659,36
8421,36.3777,-96.9196,0.0,0.71,-10789040.519887758,4352717.543096107,2016,4,7,5,37,26.0,2016.2668975460745,15
8422,36.3974,-96.9966,7.552,0.91,-10797612.120678838,4355441.682334235,2016,4,7,5,50,3.0,2016.266921533957,17
8423,36.3699,-96.9643,0.0,1.07,-10794016.501126215,4351639.140589087,2016,4,7,10,20,28.0,2016.2674356731818,15
8426,36.4301,-96.8308,0.0,1.09,-10779155.349105315,4359965.001728936,2016,4,7,18,8,51.0,2016.2683262035137,26
8427,36.4223,-96.8349,0.0,0.82,-10779611.759017568,4358885.871846195,2016,4,7,19,28,58.0,2016.2684785281517,30
8428,36.4366,-96.8967,0.0,0.94,-10786491.303548591,4360864.359461431,2016,4,7,22,1,0.0,2016.2687675868888,50
8429,36.4413,-96.8731,0.0,0.44,-10783864.16356587,4361514.7112069735,2016,4,8,2,37,18.0,2016.2692929120085,42
8430,36.4293,-96.9131,0.0,0.75,-10788316.9431976,4359854.316751253,2016,4,8,23,0,25.0,2016.271618405709,58
8431,36.4115,-96.8758,0.0,0.67,-10784164.726191012,4357391.870944072,2016,4,8,23,22,13.0,2016.271659853728,56
8432,36.4404,-96.8843,0.0,1.14,-10785110.941862755,4361390.172717214,2016,4,9,1,31,12.0,2016.2719050878393,61
8433,36.3915,-96.8345,0.0,0.9,-10779567.23122125,4354625.750965185,2016,4,9,3,1,26.0,2016.2720766471468,20
8435,36.4529,-96.8512,0.0,0.93,-10781426.266717497,4363120.00327431,2016,4,9,4,51,31.0,2016.2722859469668,47
8436,36.412,-96.9116,0.0,0.87,-10788149.963961411,4357461.033066466,2016,4,9,5,35,58.0,2016.272370459097,53
8437,36.4504,-96.8541,0.0,0.7,-10781749.0932408,4362774.014864648,2016,4,9,6,24,42.0,2016.2724631150659,43
8438,36.4371,-96.8361,0.0,0.4,-10779745.342406519,4360933.543945174,2016,4,9,6,49,52.0,2016.2725109640785,28
8443,36.4504,-96.8541,0.0,1.31,-10781749.0932408,4362774.014864648,2016,4,9,12,50,39.0,2016.2731969161152,43
8444,36.4115,-96.8758,0.0,0.64,-10784164.726191012,4357391.870944072,2016,4,9,13,2,4.0,2016.2732186224555,56
8445,36.4448,-96.8715,0.0,0.65,-10783686.0523806,4361999.041287867,2016,4,9,13,30,41.0,2016.2732730309021,42
8446,36.4115,-96.8758,0.0,0.68,-10784164.726191012,4357391.870944072,2016,4,9,14,14,41.0,2016.273356687454,56
8448,36.4301,-96.8308,0.0,1.01,-10779155.349105315,4359965.001728936,2016,4,9,15,7,32.0,2016.2734571703804,26
8449,36.3985,-96.8313,0.045,0.61,-10779211.00885071,4355593.811982057,2016,4,9,16,26,14.0,2016.273606801531,20
8451,36.4247,-96.8413,0.0,0.68,-10780324.203758644,4359217.900263378,2016,4,9,17,2,24.0,2016.2736755646818,37
8452,36.3544,-96.9172,12.094,0.77,-10788773.353109853,4349496.48208893,2016,4,9,20,18,10.0,2016.2740477729612,16
8454,36.4314,-96.8599,0.0,0.83,-10782394.746287398,4360144.867250516,2016,4,9,20,57,14.0,2016.274122049839,48
8455,36.3544,-96.9172,12.094,0.56,-10788773.353109853,4349496.48208893,2016,4,9,21,50,38.0,2016.2742235784724,16
8456,36.4175,-96.808,0.0,0.51,-10776617.26471523,4358221.845796738,2016,4,9,23,17,24.0,2016.2743885466575,19
8458,36.3995,-96.9101,0.0,1.09,-10787982.984725222,4355732.113530378,2016,4,10,4,5,1.0,2016.274935387989,49
8459,36.4617,-96.847,0.0,0.96,-10780958.724856166,4364337.971200943,2016,4,10,4,24,41.0,2016.2749727799326,24
8461,36.4543,-96.8664,0.0,1.43,-10783118.322977556,4363313.761654775,2016,4,10,7,24,20.0,2016.275314345831,40
8462,36.4115,-96.8758,0.0,0.68,-10784164.726191012,4357391.870944072,2016,4,10,7,58,18.0,2016.2753789261542,56
8463,36.4115,-96.8758,0.0,0.66,-10784164.726191012,4357391.870944072,2016,4,10,10,0,6.0,2016.2756105027,56
8464,36.4543,-96.8664,0.0,0.98,-10783118.322977556,4363313.761654775,2016,4,10,15,21,37.0,2016.276221797602,40
8465,36.4502,-96.8609,0.0,0.83,-10782506.065778192,4362746.336273596,2016,4,10,15,51,42.0,2016.2762789946003,41
8467,36.4533,-96.854,0.0,1.2,-10781737.961291717,4363175.362454715,2016,4,10,17,50,0.0,2016.2765039166477,46
8468,36.4413,-96.8731,0.0,0.6,-10783864.16356587,4361514.7112069735,2016,4,10,21,2,39.0,2016.2768701992547,42
8469,36.4379,-96.9044,0.0,0.65,-10787348.4636277,4361044.240046276,2016,4,10,21,30,59.0,2016.276924069004,59
8470,36.3974,-96.9966,7.552,1.07,-10797612.120678838,4355441.682334235,2016,4,10,21,43,9.0,2016.276947201308,17
8472,36.4354,-96.8747,0.0,0.88,-10784042.27475114,4360698.318518952,2016,4,10,22,53,14.0,2016.2770804497172,44
8473,36.4195,-96.8801,0.0,0.65,-10784643.400001423,4358498.518329477,2016,4,10,23,35,26.0,2016.2771606839558,55
8474,36.4247,-96.8413,0.0,0.87,-10780324.203758644,4359217.900263378,2016,4,11,1,29,52.0,2016.2773782543666,37
8475,36.4248,-96.9105,0.0,1.32,-10788027.512521537,4359231.735003479,2016,4,11,2,1,7.0,2016.2774376695313,51
8476,36.4214,-96.8438,0.0,0.64,-10780602.502485627,4358761.363835499,2016,4,11,2,21,30.0,2016.2774764240626,37
8479,36.4543,-96.8664,0.0,1.29,-10783118.322977556,4363313.761654775,2016,4,11,5,45,9.0,2016.2778636208077,40
8480,36.412,-96.9116,0.0,0.9,-10788149.963961411,4357461.033066466,2016,4,11,6,21,29.0,2016.277932700839,53
8481,36.3974,-96.9966,7.552,0.86,-10797612.120678838,4355441.682334235,2016,4,11,7,54,36.0,2016.2781097421857,17
8482,36.4212,-96.8336,0.0,0.59,-10779467.043679535,4358733.695584647,2016,4,11,8,11,45.0,2016.2781423492281,30
8485,36.4103,-96.8848,0.0,0.99,-10785166.601608152,4357225.883666574,2016,4,11,10,42,31.0,2016.2784289996705,54
8486,36.4175,-96.808,0.0,0.41,-10776617.26471523,4358221.845796738,2016,4,11,11,23,30.0,2016.2785069206784,19
8487,36.4366,-96.8967,0.0,0.94,-10786491.303548591,4360864.359461431,2016,4,11,12,19,0.0,2016.2786124420109,50
8489,36.4214,-96.8484,0.0,0.49,-10781114.572143275,4358761.363835499,2016,4,11,20,39,12.0,2016.2795634649024,36
8490,36.4404,-96.8843,0.0,1.77,-10785110.941862755,4361390.172717214,2016,4,11,20,59,48.0,2016.2796026313788,61
8491,36.4289,-96.8252,0.0,0.73,-10778531.959956871,4359798.974690148,2016,4,11,21,49,15.0,2016.2796966499354,26
8492,36.4248,-96.9105,0.0,1.32,-10788027.512521537,4359231.735003479,2016,4,12,2,40,1.0,2016.2802494803154,51
8493,36.412,-96.9116,0.0,1.2,-10788149.963961411,4357461.033066466,2016,4,12,4,30,47.0,2016.280460079347,53
8494,36.4502,-96.8609,0.0,0.95,-10782506.065778192,4362746.336273596,2016,4,12,5,20,22.0,2016.2805543514082,41
8496,36.4341,-96.8549,0.0,0.45,-10781838.148833433,4360518.443728243,2016,4,12,7,5,50.0,2016.280754873628,48
8497,36.412,-96.9116,0.0,1.03,-10788149.963961411,4357461.033066466,2016,4,12,11,38,17.0,2016.2812728787994,53
8498,36.4543,-96.8664,0.0,1.83,-10783118.322977556,4363313.761654775,2016,4,12,11,54,20.0,2016.281303394428,40
8500,36.4379,-96.9044,0.0,0.49,-10787348.4636277,4361044.240046276,2016,4,12,21,46,24.0,2016.2824290820595,59
8503,36.4371,-96.8534,0.0,1.04,-10781671.169597242,4360933.543945174,2016,4,13,8,22,0.0,2016.2836375389763,48
8504,36.3906,-96.8988,0.015,0.61,-10786725.074479256,4354501.29230191,2016,4,13,8,51,39.0,2016.2836939120846,18
8505,36.4248,-96.9105,0.0,1.5,-10788027.512521537,4359231.735003479,2016,4,13,9,13,7.0,2016.2837347263417,51
8506,36.4543,-96.8664,0.0,0.97,-10783118.322977556,4363313.761654775,2016,4,13,9,18,59.0,2016.2837458805486,40
8507,36.4138,-96.8142,0.0,0.51,-10777307.445558146,4357710.020393209,2016,4,13,9,50,6.0,2016.2838050422085,19
8510,36.4404,-96.8843,0.0,1.19,-10785110.941862755,4361390.172717214,2016,4,13,13,4,4.0,2016.2841738281745,61
8515,36.3974,-96.9966,7.552,1.3,-10797612.120678838,4355441.682334235,2016,4,13,21,21,46.0,2016.2851200978528,17
8516,36.4226,-96.9072,0.0,0.92,-10787660.15820192,4358927.374837114,2016,4,13,22,55,19.0,2016.2852979630898,51
8518,36.4161,-96.8667,0.0,1.22,-10783151.718824793,4358028.179263074,2016,4,14,4,31,0.0,2016.2859361928663,57
8519,36.4529,-96.8512,0.0,0.65,-10781426.266717497,4363120.00327431,2016,4,14,5,29,3.0,2016.2860465624763,47
8522,36.4286,-96.8742,0.0,1.0,-10783986.615005743,4359757.468331449,2016,4,14,9,0,24.0,2016.2864483991177,45
8523,36.4371,-96.8361,0.0,0.29,-10779745.342406519,4360933.543945174,2016,4,14,9,37,23.0,2016.2865187149846,28
8524,36.4226,-96.9072,0.0,0.88,-10787660.15820192,4358927.374837114,2016,4,14,13,23,12.0,2016.2869480568866,51
8525,36.4413,-96.8731,0.0,0.64,-10783864.16356587,4361514.7112069735,2016,4,14,14,22,19.0,2016.287060454534,42
8527,36.4502,-96.8609,0.0,1.09,-10782506.065778192,4362746.336273596,2016,4,14,15,35,42.0,2016.2871999771846,41
8528,36.3974,-96.9966,7.552,1.41,-10797612.120678838,4355441.682334235,2016,4,14,18,20,16.0,2016.2875128653636,17
8529,36.4371,-96.8361,0.0,0.49,-10779745.342406519,4360933.543945174,2016,4,14,19,20,22.0,2016.2876271326083,28
8530,36.3699,-96.9643,0.0,1.09,-10794016.501126215,4351639.140589087,2016,4,14,23,28,46.0,2016.288099411869,15
8535,36.4371,-96.8534,0.0,1.02,-10781671.169597242,4360933.543945174,2016,4,15,7,1,22.0,2016.2889599335817,48
8536,36.3938,-96.836,0.0,0.72,-10779734.21045744,4354943.818540041,2016,4,15,7,43,26.0,2016.2890399143155,20
8537,36.4306,-96.8724,0.0,0.9,-10783786.239922315,4360034.180419227,2016,4,15,11,13,18.0,2016.289438930717,45
8539,36.3974,-96.9966,7.552,0.92,-10797612.120678838,4355441.682334235,2016,4,15,12,45,55.0,2016.2896150214212,17
8540,36.4228,-96.8463,0.0,1.03,-10780880.80121261,4358955.043586806,2016,4,15,13,24,49.0,2016.289688981418,36
8541,36.4504,-96.8541,0.0,0.93,-10781749.0932408,4362774.014864648,2016,4,15,16,1,38.0,2016.2899871346362,43
8543,36.4502,-96.8609,0.0,0.73,-10782506.065778192,4362746.336273596,2016,4,15,17,53,41.0,2016.2902001736506,41
8545,36.3974,-96.9966,7.552,1.06,-10797612.120678838,4355441.682334235,2016,4,15,22,12,6.0,2016.2906914974524,17
8546,36.4214,-96.9087,0.0,0.74,-10787827.137438111,4358761.363835499,2016,4,16,0,1,39.0,2016.2908997832535,51
8547,36.4223,-96.8349,0.0,0.94,-10779611.759017568,4358885.871846195,2016,4,16,0,13,32.0,2016.2909223768602,30
8549,36.4341,-96.8549,0.0,0.89,-10781838.148833433,4360518.443728243,2016,4,16,5,22,38.0,2016.2915100641367,48
8551,36.4228,-96.8463,0.0,0.94,-10780880.80121261,4358955.043586806,2016,4,16,14,35,13.0,2016.2925606826882,36
8552,36.412,-96.9116,0.0,1.52,-10788149.963961411,4357461.033066466,2016,4,16,20,4,55.0,2016.2931875364413,53
8555,36.4504,-96.8541,0.0,0.95,-10781749.0932408,4362774.014864648,2016,4,17,1,48,32.0,2016.2938408497478,43
8556,36.417,-96.8628,0.0,1.0,-10782717.572810698,4358152.678776818,2016,4,17,2,43,3.0,2016.293944501483,57
8558,36.4175,-96.808,0.0,0.58,-10776617.26471523,4358221.845796738,2016,4,17,4,39,38.0,2016.2941661596572,19
8559,36.412,-96.9116,0.0,1.11,-10788149.963961411,4357461.033066466,2016,4,17,5,7,39.0,2016.2942194273328,53
8560,36.3985,-96.8313,0.045,0.53,-10779211.00885071,4355593.811982057,2016,4,17,9,3,20.0,2016.2946675285827,20
8562,36.4404,-96.8843,0.0,1.81,-10785110.941862755,4361390.172717214,2016,4,17,10,1,31.0,2016.2947781516973,61
8563,36.3974,-96.9966,7.552,1.19,-10797612.120678838,4355441.682334235,2016,4,17,12,47,31.0,2016.295093765052,17
8564,36.4203,-96.8639,0.0,1.04,-10782840.024250573,4358609.189337653,2016,4,17,13,0,43.0,2016.2951188620175,57
8565,36.4371,-96.8361,0.0,0.26,-10779745.342406519,4360933.543945174,2016,4,17,13,57,48.0,2016.295227393718,28
8566,36.4247,-96.8413,0.0,0.69,-10780324.203758644,4359217.900263378,2016,4,17,14,58,23.0,2016.2953425799174,37
8567,36.3544,-96.9172,12.094,0.92,-10788773.353109853,4349496.48208893,2016,4,17,15,36,48.0,2016.2954156209598,16
8568,36.4366,-96.8967,0.0,0.7,-10786491.303548591,4360864.359461431,2016,4,17,16,8,59.0,2016.2954768106574,50
8569,36.4379,-96.9044,0.0,0.48,-10787348.4636277,4361044.240046276,2016,4,17,16,20,3.0,2016.2954978515477,59
8571,36.4247,-96.8413,0.0,0.67,-10780324.203758644,4359217.900263378,2016,4,17,21,19,27.0,2016.296067096357,37
8572,36.3974,-96.9966,7.552,1.82,-10797612.120678838,4355441.682334235,2016,4,17,21,45,8.0,2016.2961159277004,17
8573,36.4228,-96.8463,0.0,1.06,-10780880.80121261,4358955.043586806,2016,4,18,1,35,6.0,2016.2965531599361,36
8576,36.3835,-96.9274,0.0,2.09,-10789908.811915945,4353519.502249293,2016,4,18,13,56,24.0,2016.2979625827058,15
8577,36.4288,-96.8789,0.0,0.77,-10784509.81661247,4359785.139219427,2016,4,18,18,57,13.0,2016.298534521003,45
8578,36.3699,-96.9643,0.0,1.08,-10794016.501126215,4351639.140589087,2016,4,18,21,14,46.0,2016.2987960427915,15
8579,36.4223,-96.8349,0.0,0.68,-10779611.759017568,4358885.871846195,2016,4,18,22,38,13.0,2016.2989547050472,30
8580,36.412,-96.9116,0.0,0.94,-10788149.963961411,4357461.033066466,2016,4,18,23,50,42.0,2016.2990925165411,53
8581,36.3699,-96.9643,0.0,1.14,-10794016.501126215,4351639.140589087,2016,4,19,0,12,5.0,2016.2991331723579,15
8582,36.3544,-96.9172,12.094,0.9,-10788773.353109853,4349496.48208893,2016,4,19,0,33,10.0,2016.2991732577889,16
8583,36.3777,-96.9196,0.0,0.76,-10789040.519887758,4352717.543096107,2016,4,19,1,51,7.0,2016.2993214629757,15
8584,36.4504,-96.8541,0.0,0.76,-10781749.0932408,4362774.014864648,2016,4,19,3,3,31.0,2016.299459116029,43
8585,36.4138,-96.8142,0.0,0.59,-10777307.445558146,4357710.020393209,2016,4,19,3,59,28.0,2016.2995654929398,19
8586,36.4314,-96.8599,0.0,0.81,-10782394.746287398,4360144.867250516,2016,4,19,4,38,24.0,2016.299639516313,48
8588,36.4293,-96.9131,0.0,0.73,-10788316.9431976,4359854.316751253,2016,4,19,5,33,55.0,2016.2997450693335,58
8589,36.4288,-96.8789,0.0,0.46,-10784509.81661247,4359785.139219427,2016,4,19,6,11,32.0,2016.2998165893478,45
8590,36.412,-96.9116,0.0,0.85,-10788149.963961411,4357461.033066466,2016,4,19,6,44,11.0,2016.2998786663118,53
8591,36.4618,-96.8404,0.0,0.74,-10780224.01621693,4364351.8125398075,2016,4,19,7,5,20.0,2016.2999188784952,25
8593,36.4529,-96.8512,0.0,1.55,-10781426.266717497,4363120.00327431,2016,4,19,9,1,53.0,2016.3001404732934,47
8594,36.3974,-96.9966,7.552,1.39,-10797612.120678838,4355441.682334235,2016,4,19,9,23,22.0,2016.3001813192384,17
8595,36.4293,-96.9131,0.0,1.26,-10788316.9431976,4359854.316751253,2016,4,19,9,34,15.0,2016.3002020115598,58
8596,36.4366,-96.8967,0.0,1.57,-10786491.303548591,4360864.359461431,2016,4,19,11,42,25.0,2016.300445692955,50
8597,36.3974,-96.9966,7.552,1.34,-10797612.120678838,4355441.682334235,2016,4,19,11,56,23.0,2016.3004722475728,17
8598,36.4354,-96.8636,0.0,1.35,-10782806.628403334,4360698.318518952,2016,4,19,15,6,4.0,2016.3008328897001,48
8600,36.4618,-96.8404,0.0,0.88,-10780224.01621693,4364351.8125398075,2016,4,19,19,31,16.0,2016.3013371105535,25
8601,36.4115,-96.8758,0.0,0.64,-10784164.726191012,4357391.870944072,2016,4,19,19,44,54.0,2016.3013630314092,56
8602,36.4251,-96.8481,0.0,0.69,-10781081.176296039,4359273.239330692,2016,4,20,1,18,49.0,2016.3019979022486,36
8603,36.4366,-96.8967,0.0,0.85,-10786491.303548591,4360864.359461431,2016,4,20,4,29,55.0,2016.3023612378634,50
8605,36.4115,-96.8758,0.0,0.54,-10784164.726191012,4357391.870944072,2016,4,20,5,25,15.0,2016.302466442315,56
8606,36.4214,-96.9087,0.0,0.37,-10787827.137438111,4358761.363835499,2016,4,20,5,58,21.0,2016.3025293748574,51
8608,36.3699,-96.9643,0.0,1.02,-10794016.501126215,4351639.140589087,2016,4,20,7,40,55.0,2016.3027243833499,15
8609,36.4341,-96.8549,0.0,0.53,-10781838.148833433,4360518.443728243,2016,4,20,8,45,12.0,2016.3028466043045,48
8610,36.4293,-96.9131,0.0,1.01,-10788316.9431976,4359854.316751253,2016,4,20,9,4,24.0,2016.3028831089816,58
8611,36.4529,-96.8512,0.0,0.7,-10781426.266717497,4363120.00327431,2016,4,20,9,47,53.0,2016.3029657832028,47
8612,36.4203,-96.8639,0.0,1.86,-10782840.024250573,4358609.189337653,2016,4,20,14,12,5.0,2016.3034681027707,57
8613,36.3995,-96.9101,0.0,0.96,-10787982.984725222,4355732.113530378,2016,4,20,16,28,43.0,2016.3037278817146,49
8614,36.4175,-96.808,0.0,0.63,-10776617.26471523,4358221.845796738,2016,4,20,17,12,19.0,2016.3038107777525,19
8615,36.4322,-96.8393,0.0,0.66,-10780101.564777058,4360255.555222543,2016,4,20,22,54,23.0,2016.3044611440666,27
8617,36.412,-96.9116,0.0,1.43,-10788149.963961411,4357461.033066466,2016,4,21,0,31,23.0,2016.304645568738,53
8618,36.4161,-96.8667,0.0,0.95,-10783151.718824793,4358028.179263074,2016,4,21,1,25,54.0,2016.304749220473,57
8619,36.3974,-96.9966,7.552,1.31,-10797612.120678838,4355441.682334235,2016,4,21,1,42,11.0,2016.3047801797347,17
8620,36.4214,-96.9087,0.0,0.65,-10787827.137438111,4358761.363835499,2016,4,21,2,54,10.0,2016.3049170405861,51
8622,36.4138,-96.8142,0.0,0.32,-10777307.445558146,4357710.020393209,2016,4,21,6,22,41.0,2016.3053134902527,19
8624,36.4379,-96.9044,0.0,0.27,-10787348.4636277,4361044.240046276,2016,4,21,9,18,36.0,2016.3056479580196,59
8626,36.412,-96.9116,0.0,1.2,-10788149.963961411,4357461.033066466,2016,4,21,10,28,54.0,2016.305781618374,53
8627,36.3944,-96.8983,0.025,1.12,-10786669.41473386,4355026.794237775,2016,4,21,10,42,18.0,2016.3058070955967,18
8629,36.412,-96.9116,0.0,1.2,-10788149.963961411,4357461.033066466,2016,4,21,12,6,51.0,2016.3059678492662,53
8630,36.4504,-96.8541,0.0,1.1,-10781749.0932408,4362774.014864648,2016,4,21,13,21,54.0,2016.3061105407255,43
8635,36.4161,-96.8667,0.0,1.06,-10783151.718824793,4358028.179263074,2016,4,21,22,34,10.0,2016.3071605572034,57
8636,36.4366,-96.8967,0.0,0.88,-10786491.303548591,4360864.359461431,2016,4,21,23,42,40.0,2016.3072907952442,50
8638,36.412,-96.9116,0.0,1.74,-10788149.963961411,4357461.033066466,2016,4,22,4,22,54.0,2016.3078235987527,53
8639,36.4247,-96.8272,0.0,0.78,-10778754.59893846,4359217.900263378,2016,4,22,4,45,47.0,2016.3078671064973,26
8642,36.4379,-96.9044,0.0,0.37,-10787348.4636277,4361044.240046276,2016,4,22,6,35,44.0,2016.3080761528126,59
8644,36.4286,-96.8742,0.0,1.26,-10783986.615005743,4359757.468331449,2016,4,22,13,0,43.0,2016.308808115953,45
8645,36.4293,-96.9131,0.0,1.41,-10788316.9431976,4359854.316751253,2016,4,22,14,19,28.0,2016.308957842168,58
8646,36.4293,-96.9131,0.0,1.09,-10788316.9431976,4359854.316751253,2016,4,22,14,30,33.0,2016.3089789147464,58
8649,36.3915,-96.8345,0.0,1.09,-10779567.23122125,4354625.750965185,2016,4,22,16,27,24.0,2016.30920107993,20
8651,36.4322,-96.8393,0.0,0.62,-10780101.564777058,4360255.555222543,2016,4,22,19,17,18.0,2016.3095241082972,27
8654,36.4301,-96.8308,0.0,0.88,-10779155.349105315,4359965.001728936,2016,4,22,21,38,12.0,2016.3097919993916,26
8656,36.413,-96.8738,0.0,0.93,-10783942.087209426,4357599.358646789,2016,4,23,0,47,35.0,2016.3101520711334,56
8658,36.4504,-96.8541,0.0,0.62,-10781749.0932408,4362774.014864648,2016,4,23,3,7,7.0,2016.3104173638046,43
8660,36.3974,-96.9966,7.552,1.17,-10797612.120678838,4355441.682334235,2016,4,23,4,0,7.0,2016.3105181319238,17
8661,36.4115,-96.8758,0.0,0.49,-10784164.726191012,4357391.870944072,2016,4,23,6,41,41.0,2016.310825316247,56
8662,36.4404,-96.8843,0.0,1.3,-10785110.941862755,4361390.172717214,2016,4,23,12,11,17.0,2016.3114519798717,61
8664,36.4216,-96.86,10.64,0.82,-10782405.878236478,4358789.032157611,2016,4,23,15,32,41.0,2016.3118348987248,57
8665,36.4247,-96.8272,0.0,0.86,-10778754.59893846,4359217.900263378,2016,4,23,16,5,38.0,2016.3118975460745,26
8666,36.4162,-96.8808,10.896,0.83,-10784721.323644977,4358042.012471137,2016,4,23,19,2,17.0,2016.3122334081172,55
8667,36.4247,-96.8413,0.0,0.69,-10780324.203758644,4359217.900263378,2016,4,23,19,36,41.0,2016.3122988123305,37
8673,36.4223,-96.8349,0.0,0.5,-10779611.759017568,4358885.871846195,2016,4,24,7,49,56.0,2016.3136929297539,30
8675,36.4203,-96.8639,0.0,1.05,-10782840.024250573,4358609.189337653,2016,4,24,16,13,47.0,2016.3146508923367,57
8676,36.4371,-96.8534,0.0,1.2,-10781671.169597242,4360933.543945174,2016,4,24,17,23,34.0,2016.3147835703603,48
8680,36.4371,-96.8361,0.0,0.27,-10779745.342406519,4360933.543945174,2016,4,25,1,50,9.0,2016.3157467297892,28
8681,36.4502,-96.8609,0.0,0.42,-10782506.065778192,4362746.336273596,2016,4,25,2,50,8.0,2016.3158607752173,41
8682,36.4228,-96.8463,0.0,0.76,-10780880.80121261,4358955.043586806,2016,4,25,3,11,39.0,2016.3159016845389,36
8683,36.412,-96.9116,0.0,0.83,-10788149.963961411,4357461.033066466,2016,4,25,6,30,51.0,2016.3162804205642,53
8684,36.4504,-96.8541,0.0,0.8,-10781749.0932408,4362774.014864648,2016,4,25,7,53,46.0,2016.3164380688013,43
8686,36.3985,-96.8313,0.045,0.64,-10779211.00885071,4355593.811982057,2016,4,25,8,39,24.0,2016.3165248307855,20
8690,36.4366,-96.8967,0.0,1.02,-10786491.303548591,4360864.359461431,2016,4,25,14,18,5.0,2016.317168764418,50
8691,36.3915,-96.8345,0.0,1.17,-10779567.23122125,4354625.750965185,2016,4,25,16,24,45.0,2016.3174095938855,20
8692,36.3915,-96.8345,0.0,1.15,-10779567.23122125,4354625.750965185,2016,4,25,17,38,45.0,2016.3175502889953,20
8694,36.4293,-96.9131,0.0,0.83,-10788316.9431976,4359854.316751253,2016,4,25,19,13,26.0,2016.3177303090222,58
8697,36.4248,-96.9105,0.0,1.62,-10788027.512521537,4359231.735003479,2016,4,25,22,41,43.0,2016.3181263150557,51
8698,36.4195,-96.8801,0.0,0.59,-10784643.400001423,4358498.518329477,2016,4,26,1,49,43.0,2016.3184837566862,55
8699,36.3985,-96.8313,0.045,0.68,-10779211.00885071,4355593.811982057,2016,4,26,5,12,4.0,2016.3188684817603,20
8702,36.4138,-96.8142,0.0,0.44,-10777307.445558146,4357710.020393209,2016,4,26,7,45,3.0,2016.3191593467184,19
8706,36.4371,-96.8534,0.0,2.79,-10781671.169597242,4360933.543945174,2016,4,26,10,27,47.0,2016.3194687492078,48
8707,36.4529,-96.8512,0.0,1.08,-10781426.266717497,4363120.00327431,2016,4,26,11,18,6.0,2016.3195644155448,47
8708,36.4379,-96.9044,0.0,0.54,-10787348.4636277,4361044.240046276,2016,4,26,12,19,44.0,2016.3196815980937,59
8709,36.4203,-96.8639,0.0,1.66,-10782840.024250573,4358609.189337653,2016,4,26,19,44,38.0,2016.3205274799097,57
8710,36.3995,-96.9101,0.0,0.9,-10787982.984725222,4355732.113530378,2016,4,26,22,4,10.0,2016.320792772581,49
8711,36.4413,-96.8731,0.0,0.62,-10783864.16356587,4361514.7112069735,2016,4,27,1,11,58.0,2016.3211498339545,42
8713,36.4226,-96.9072,0.0,0.69,-10787660.15820192,4358927.374837114,2016,4,27,4,33,23.0,2016.3215327844957,51
8714,36.413,-96.8738,0.0,0.88,-10783942.087209426,4357599.358646789,2016,4,27,5,3,34.0,2016.3215901716226,56
8715,36.4502,-96.8609,0.0,0.45,-10782506.065778192,4362746.336273596,2016,4,27,6,58,55.0,2016.3218094848785,41
8716,36.4371,-96.8534,0.0,2.22,-10781671.169597242,4360933.543945174,2016,4,27,7,19,20.0,2016.321848302786,48
8718,36.4223,-96.8349,0.0,0.49,-10779611.759017568,4358885.871846195,2016,4,27,9,46,38.0,2016.322128362106,30
8720,36.4336,-96.907,0.0,0.39,-10787637.894303761,4360449.261918631,2016,4,27,12,12,45.0,2016.322406171572,59
8722,36.3777,-96.9196,0.0,0.86,-10789040.519887758,4352717.543096107,2016,4,27,15,56,53.0,2016.322832312977,15
8723,36.4247,-96.8413,0.0,0.81,-10780324.203758644,4359217.900263378,2016,4,27,17,3,20.0,2016.322958653383,37
8724,36.417,-96.8628,0.0,0.99,-10782717.572810698,4358152.678776818,2016,4,27,17,17,38.0,2016.3229858417624,57
8725,36.4226,-96.9072,0.0,0.72,-10787660.15820192,4358927.374837114,2016,4,27,17,51,2.0,2016.3230493446904,51
8729,36.417,-96.8628,0.0,1.03,-10782717.572810698,4358152.678776818,2016,4,28,1,20,45.0,2016.323904384364,57
8730,36.4103,-96.8848,0.0,0.94,-10785166.601608152,4357225.883666574,2016,4,28,4,44,4.0,2016.324290947347,54
8732,36.412,-96.9116,0.0,1.06,-10788149.963961411,4357461.033066466,2016,4,28,8,24,10.0,2016.3247094202347,53
8733,36.4289,-96.8252,0.0,0.69,-10778531.959956871,4359798.974690148,2016,4,28,8,34,19.0,2016.3247287182803,26
8738,36.3995,-96.9101,0.0,0.72,-10787982.984725222,4355732.113530378,2016,4,28,16,52,48.0,2016.3256764772987,49
8739,36.4354,-96.8636,0.0,1.16,-10782806.628403334,4360698.318518952,2016,4,28,17,17,47.0,2016.3257239777422,48
8740,36.4529,-96.8512,0.0,0.99,-10781426.266717497,4363120.00327431,2016,4,28,18,44,11.0,2016.3258882487896,47
8741,36.4504,-96.8541,0.0,1.06,-10781749.0932408,4362774.014864648,2016,4,28,20,43,55.0,2016.3261158960124,43
8742,36.3915,-96.8345,0.0,0.89,-10779567.23122125,4354625.750965185,2016,4,28,23,36,5.0,2016.3264432339595,20
8743,36.4504,-96.8541,0.0,1.03,-10781749.0932408,4362774.014864648,2016,4,28,23,43,57.0,2016.326458190737,43
8746,36.4504,-96.8541,0.0,0.75,-10781749.0932408,4362774.014864648,2016,4,29,0,53,20.0,2016.3265901082466,43
8747,36.412,-96.9116,0.0,0.96,-10788149.963961411,4357461.033066466,2016,4,29,3,2,11.0,2016.3268350888534,53
8748,36.4251,-96.8481,0.0,0.56,-10781081.176296039,4359273.239330692,2016,4,29,3,25,30.0,2016.3268794204882,36
8749,36.3915,-96.8345,0.0,0.79,-10779567.23122125,4354625.750965185,2016,4,29,3,40,38.0,2016.326908193272,20
8750,36.3944,-96.8983,0.025,0.79,-10786669.41473386,4355026.794237775,2016,4,29,5,11,31.0,2016.3270809884148,18
8751,36.4161,-96.8667,0.0,0.81,-10783151.718824793,4358028.179263074,2016,4,29,5,28,19.0,2016.3271129300074,57
8752,36.4247,-96.8413,0.0,0.85,-10780324.203758644,4359217.900263378,2016,4,29,5,41,51.0,2016.3271386607346,37
8753,36.4214,-96.9087,0.0,0.6,-10787827.137438111,4358761.363835499,2016,4,29,7,7,40.0,2016.3273018226987,51
8756,36.4366,-96.8967,0.0,0.79,-10786491.303548591,4360864.359461431,2016,4,29,16,59,52.0,2016.328427763835,50
8757,36.3974,-96.9966,7.552,0.88,-10797612.120678838,4355441.682334235,2016,4,29,18,21,20.0,2016.3285826552083,17
8758,36.4245,-96.8426,0.0,0.92,-10780468.919096677,4359190.23083663,2016,4,29,19,25,16.0,2016.328704210713,37
8759,36.4371,-96.8534,0.0,1.69,-10781671.169597242,4360933.543945174,2016,4,29,20,48,1.0,2016.328861542069,48
8761,36.4618,-96.8404,0.0,0.92,-10780224.01621693,4364351.8125398075,2016,4,30,3,13,56.0,2016.3295952797425,25
8762,36.4502,-96.8609,0.0,0.42,-10782506.065778192,4362746.336273596,2016,4,30,5,43,12.0,2016.329879078257,41
8763,36.3991,-96.9337,0.133,1.8,-10790610.124707943,4355676.792697502,2016,4,30,6,1,7.0,2016.3299131429512,15
8764,36.3991,-96.9337,0.133,1.02,-10790610.124707943,4355676.792697502,2016,4,30,6,24,10.0,2016.3299569675767,15
8766,36.4293,-96.9131,0.0,1.06,-10788316.9431976,4359854.316751253,2016,4,30,8,44,36.0,2016.3302239714046,58
8768,36.3763,-96.9617,0.149,0.88,-10793727.070450153,4352523.975708959,2016,4,30,10,49,57.0,2016.3304622975131,15
8769,36.3974,-96.9966,7.552,0.93,-10797612.120678838,4355441.682334235,2016,4,30,12,10,14.0,2016.330614939032,17
8770,36.3915,-96.8345,0.0,1.02,-10779567.23122125,4354625.750965185,2016,4,30,12,39,16.0,2016.3306701396812,20
8771,36.4115,-96.8758,0.0,0.66,-10784164.726191012,4357391.870944072,2016,4,30,13,8,20.0,2016.3307254037063,56
8772,36.4617,-96.847,0.0,1.02,-10780958.724856166,4364337.971200943,2016,4,30,13,27,46.0,2016.3307623520166,24
8774,36.4161,-96.8667,0.0,0.92,-10783151.718824793,4358028.179263074,2016,4,30,14,42,17.0,2016.3309040294573,57
8776,36.3974,-96.9966,7.552,1.83,-10797612.120678838,4355441.682334235,2016,4,30,18,3,32.0,2016.3312866631177,17
8777,36.4226,-96.9072,0.0,0.97,-10787660.15820192,4358927.374837114,2016,4,30,19,8,0.0,2016.3314092326414,51
8779,36.4228,-96.8463,0.0,2.16,-10780880.80121261,4358955.043586806,2016,4,30,22,36,36.0,2016.3318058407483,36
8780,36.4223,-96.8349,0.0,0.69,-10779611.759017568,4358885.871846195,2016,5,1,0,42,58.0,2016.3320460998302,30
8783,36.4247,-96.9088,0.0,0.81,-10787838.26938719,4359217.900263378,2016,5,1,3,30,22.0,2016.332364374984,51
8784,36.3915,-96.8345,0.0,2.94,-10779567.23122125,4354625.750965185,2016,5,1,5,37,59.0,2016.3326070106725,20
8786,36.4115,-96.8758,0.0,0.54,-10784164.726191012,4357391.870944072,2016,5,1,6,39,17.0,2016.3327235594595,56
8787,36.4504,-96.8541,0.0,0.76,-10781749.0932408,4362774.014864648,2016,5,1,7,26,42.0,2016.3328137120693,43
8788,36.3699,-96.9643,0.0,1.25,-10794016.501126215,4351639.140589087,2016,5,1,8,3,53.0,2016.3328844081932,15
8789,36.4543,-96.8664,0.0,0.79,-10783118.322977556,4363313.761654775,2016,5,1,9,30,6.0,2016.3330483306715,40
8792,36.3985,-96.8313,0.045,0.6,-10779211.00885071,4355593.811982057,2016,5,1,19,45,59.0,2016.3342193005806,20
8793,36.4543,-96.8664,0.0,0.89,-10783118.322977556,4363313.761654775,2016,5,1,20,20,17.0,2016.3342845146653,40
8794,36.4404,-96.8843,0.0,1.14,-10785110.941862755,4361390.172717214,2016,5,1,23,31,45.0,2016.334648547418,61
8797,36.412,-96.9116,0.0,1.2,-10788149.963961411,4357461.033066466,2016,5,2,5,2,41.0,2016.3352777460898,53
8798,36.3974,-96.9966,7.552,1.2,-10797612.120678838,4355441.682334235,2016,5,2,6,49,10.0,2016.3354802012827,17
8799,36.4115,-96.8758,0.0,0.66,-10784164.726191012,4357391.870944072,2016,5,2,7,19,4.0,2016.3355370497122,56
8800,36.4413,-96.8731,0.0,0.36,-10783864.16356587,4361514.7112069735,2016,5,2,8,55,12.0,2016.3357198266028,42
8801,36.3985,-96.8313,0.045,1.54,-10779211.00885071,4355593.811982057,2016,5,2,12,13,9.0,2016.3360961860217,20
8802,36.4185,-96.8924,0.0,1.69,-10786012.62973818,4358360.181172472,2016,5,2,14,56,3.0,2016.336405905392,54
8803,36.4502,-96.8609,0.0,1.03,-10782506.065778192,4362746.336273596,2016,5,2,17,18,45.0,2016.3366772187999,41
8804,36.4502,-96.8609,0.0,1.9,-10782506.065778192,4362746.336273596,2016,5,2,17,53,13.0,2016.3367427497656,41
8805,36.4306,-96.8724,0.0,1.11,-10783786.239922315,4360034.180419227,2016,5,2,22,9,46.0,2016.3372305245011,45
8806,36.4175,-96.808,0.0,0.65,-10776617.26471523,4358221.845796738,2016,5,2,23,20,42.0,2016.337365389003,19
8807,36.4162,-96.8808,10.896,0.76,-10784721.323644977,4358042.012471137,2016,5,2,23,35,15.0,2016.3373930527036,55
8808,36.4502,-96.8609,0.0,1.52,-10782506.065778192,4362746.336273596,2016,5,2,23,59,2.0,2016.337438271605,41
8809,36.3974,-96.9966,7.552,0.96,-10797612.120678838,4355441.682334235,2016,5,3,0,40,30.0,2016.3375171115674,17
8813,36.3974,-96.9966,7.552,0.64,-10797612.120678838,4355441.682334235,2016,5,3,3,10,23.0,2016.3378020825412,17
8814,36.3777,-96.9196,0.0,0.63,-10789040.519887758,4352717.543096107,2016,5,3,3,41,6.0,2016.3378604836869,15
8815,36.4228,-96.8463,0.0,1.65,-10780880.80121261,4358955.043586806,2016,5,3,4,11,9.0,2016.3379176173094,36
8816,36.4618,-96.8404,0.0,0.91,-10780224.01621693,4364351.8125398075,2016,5,3,5,10,18.0,2016.3380300783328,25
8817,36.3974,-96.9966,7.552,0.53,-10797612.120678838,4355441.682334235,2016,5,3,6,5,0.0,2016.3381340786373,17
8819,36.4354,-96.8747,0.0,0.81,-10784042.27475114,4360698.318518952,2016,5,3,12,45,3.0,2016.338894687809,44
8820,36.417,-96.8628,0.0,0.84,-10782717.572810698,4358152.678776818,2016,5,3,13,29,50.0,2016.338979833701,57
8821,36.4223,-96.8349,0.0,0.64,-10779611.759017568,4358885.871846195,2016,5,3,14,12,36.0,2016.3390611453342,30
8822,36.3974,-96.9966,7.552,1.32,-10797612.120678838,4355441.682334235,2016,5,3,15,26,36.0,2016.339201840444,17
8823,36.4502,-96.8609,0.0,0.57,-10782506.065778192,4362746.336273596,2016,5,3,15,53,59.0,2016.3392539039723,41
8824,36.4247,-96.8413,0.0,1.18,-10780324.203758644,4359217.900263378,2016,5,3,17,30,2.0,2016.3394365224226,37
8825,36.4248,-96.9105,0.0,1.62,-10788027.512521537,4359231.735003479,2016,5,3,19,0,25.0,2016.3396083669227,51
8826,36.4115,-96.8758,0.0,0.82,-10784164.726191012,4357391.870944072,2016,5,3,20,10,1.0,2016.3397406963775,56
8827,36.4247,-96.8413,0.0,0.83,-10780324.203758644,4359217.900263378,2016,5,3,20,31,2.0,2016.339780655056,37
8828,36.4161,-96.8667,0.0,1.0,-10783151.718824793,4358028.179263074,2016,5,3,20,41,41.0,2016.3398009037442,57
8829,36.4286,-96.8742,0.0,1.27,-10783986.615005743,4359757.468331449,2016,5,3,22,30,1.0,2016.340006876315,45
8830,36.3811,-96.9901,14.642,0.9,-10796888.543988682,4353187.6498284135,2016,5,3,23,2,7.0,2016.3400679075721,17
8831,36.3974,-96.9966,7.552,1.06,-10797612.120678838,4355441.682334235,2016,5,4,0,10,3.0,2016.340197068218,17
8833,36.4301,-96.8308,0.0,1.13,-10779155.349105315,4359965.001728936,2016,5,4,2,4,33.0,2016.3404147653814,26
8834,36.4293,-96.9131,0.0,0.7,-10788316.9431976,4359854.316751253,2016,5,4,2,16,17.0,2016.3404370737953,58
8835,36.4371,-96.8534,0.0,1.1,-10781671.169597242,4360933.543945174,2016,5,4,3,10,28.0,2016.3405400917686,48
8837,36.4504,-96.8541,0.0,0.68,-10781749.0932408,4362774.014864648,2016,5,4,5,59,21.0,2016.3408611871625,43
8838,36.4161,-96.8782,0.0,0.55,-10784431.892968917,4358028.179263074,2016,5,4,6,51,38.0,2016.340960592694,55
8840,36.3938,-96.836,0.0,0.59,-10779734.21045744,4354943.818540041,2016,5,4,8,2,31.0,2016.3410953621315,20
8842,36.4248,-96.9105,0.0,1.5,-10788027.512521537,4359231.735003479,2016,5,4,9,23,37.0,2016.3412495563668,51
8843,36.4529,-96.8512,0.0,0.8,-10781426.266717497,4363120.00327431,2016,5,4,9,46,8.0,2016.3412923669734,47
8844,36.3974,-96.9966,7.552,0.85,-10797612.120678838,4355441.682334235,2016,5,4,11,4,5.0,2016.34144057216,17
8845,36.4502,-96.8609,0.0,1.65,-10782506.065778192,4362746.336273596,2016,5,4,12,55,55.0,2016.3416531992293,41
8846,36.3944,-96.8983,0.025,0.95,-10786669.41473386,4355026.794237775,2016,5,4,13,48,13.0,2016.341752636449,18
8847,36.4293,-96.9131,0.0,0.91,-10788316.9431976,4359854.316751253,2016,5,4,15,47,56.0,2016.3419802519836,58
8848,36.3991,-96.9337,0.133,1.18,-10790610.124707943,4355676.792697502,2016,5,4,20,10,16.0,2016.3424790224858,15
8850,36.4366,-96.8967,0.0,0.84,-10786491.303548591,4360864.359461431,2016,5,4,20,52,8.0,2016.3425586229625,50
8851,36.4245,-96.8426,0.0,1.06,-10780468.919096677,4359190.23083663,2016,5,4,21,10,40.0,2016.342593860116,37
8852,36.4371,-96.8361,0.0,0.49,-10779745.342406519,4360933.543945174,2016,5,5,0,16,35.0,2016.3429473407357,28
8853,36.4288,-96.8789,0.0,0.83,-10784509.81661247,4359785.139219427,2016,5,5,0,35,5.0,2016.342982514513,45
8856,36.3985,-96.8313,0.045,0.65,-10779211.00885071,4355593.811982057,2016,5,5,4,49,37.0,2016.3434664549902,20
8857,36.4115,-96.8758,0.0,0.91,-10784164.726191012,4357391.870944072,2016,5,5,5,2,27.0,2016.343490854818,56
8858,36.4115,-96.8758,0.0,0.73,-10784164.726191012,4357391.870944072,2016,5,5,5,29,33.0,2016.3435423796486,56
8859,36.4413,-96.8731,0.0,0.54,-10783864.16356587,4361514.7112069735,2016,5,5,8,31,58.0,2016.3438892057698,42
8860,36.3906,-96.8988,0.015,0.78,-10786725.074479256,4354501.29230191,2016,5,5,8,52,46.0,2016.3439287525034,18
8861,36.4529,-96.8512,0.0,0.81,-10781426.266717497,4363120.00327431,2016,5,5,9,46,42.0,2016.3440312951554,47
8862,36.4341,-96.8549,0.0,0.47,-10781838.148833433,4360518.443728243,2016,5,5,10,21,49.0,2016.3440980619566,48
8865,36.4223,-96.8349,0.0,0.82,-10779611.759017568,4358885.871846195,2016,5,5,20,58,42.0,2016.345308958856,30
8867,36.4379,-96.9044,0.0,0.4,-10787348.4636277,4361044.240046276,2016,5,6,2,28,8.0,2016.3459353055998,59
8868,36.4161,-96.8782,0.0,0.5,-10784431.892968917,4358028.179263074,2016,5,6,3,56,39.0,2016.3461036010342,55
8869,36.3777,-96.9196,0.0,0.7,-10789040.519887758,4352717.543096107,2016,5,6,7,46,39.0,2016.346540896646,15
8870,36.4371,-96.8534,0.0,1.8,-10781671.169597242,4360933.543945174,2016,5,6,8,26,49.0,2016.3466172649378,48
8875,36.4618,-96.8404,0.0,0.87,-10780224.01621693,4364351.8125398075,2016,5,6,21,38,11.0,2016.3481218787233,25
8876,36.3777,-96.9196,0.0,1.27,-10789040.519887758,4352717.543096107,2016,5,6,22,8,45.0,2016.3481799946765,15
8878,36.4543,-96.8664,0.0,1.04,-10783118.322977556,4363313.761654775,2016,5,7,8,31,33.0,2016.3493641151417,40
8879,36.4504,-96.8541,0.0,0.51,-10781749.0932408,4362774.014864648,2016,5,7,9,54,2.0,2016.3495209394885,43
8881,36.4617,-96.847,0.0,1.01,-10780958.724856166,4364337.971200943,2016,5,7,12,34,37.0,2016.3498262542146,24
8884,36.3777,-96.9196,0.0,1.42,-10789040.519887758,4352717.543096107,2016,5,7,19,58,31.0,2016.3506702347454,15
8885,36.4371,-96.8534,0.0,1.11,-10781671.169597242,4360933.543945174,2016,5,7,20,20,36.0,2016.3507122214617,48
8886,36.4251,-96.8481,0.0,0.83,-10781081.176296039,4359273.239330692,2016,5,7,21,56,15.0,2016.3508940793977,36
8888,36.4214,-96.8438,0.0,0.72,-10780602.502485627,4358761.363835499,2016,5,8,0,19,59.0,2016.351167357467,36
8891,36.4379,-96.9044,0.0,0.45,-10787348.4636277,4361044.240046276,2016,5,8,4,58,32.0,2016.3516969604786,59
8893,36.4247,-96.8413,0.0,0.71,-10780324.203758644,4359217.900263378,2016,5,8,7,22,34.0,2016.3519708089334,37
8895,36.3699,-96.9643,0.0,0.84,-10794016.501126215,4351639.140589087,2016,5,8,10,11,47.0,2016.3522925380892,15
8900,36.4138,-96.8142,0.0,0.59,-10777307.445558146,4357710.020393209,2016,5,8,16,55,58.0,2016.3530610059067,19
8902,36.4543,-96.8664,0.0,1.0,-10783118.322977556,4363313.761654775,2016,5,8,18,22,24.0,2016.35322534033,40
8903,36.3915,-96.8345,0.0,2.26,-10779567.23122125,4354625.750965185,2016,5,8,23,28,8.0,2016.3538066266128,20
8904,36.4161,-96.8667,0.0,0.85,-10783151.718824793,4358028.179263074,2016,5,9,1,49,39.0,2016.3540756901666,57
8905,36.4529,-96.8512,0.0,0.77,-10781426.266717497,4363120.00327431,2016,5,9,1,59,5.0,2016.3540936256243,47
8906,36.3938,-96.836,0.0,0.84,-10779734.21045744,4354943.818540041,2016,5,9,2,25,3.0,2016.3541429956651,20
8907,36.3974,-96.9966,7.552,0.68,-10797612.120678838,4355441.682334235,2016,5,9,2,43,8.0,2016.3541773772404,17
8908,36.4226,-96.9072,0.0,0.67,-10787660.15820192,4358927.374837114,2016,5,9,3,1,53.0,2016.354213026339,51
8911,36.4366,-96.8967,0.0,0.57,-10786491.303548591,4360864.359461431,2016,5,9,7,47,42.0,2016.354756445357,50
8912,36.412,-96.9116,0.0,1.1,-10788149.963961411,4357461.033066466,2016,5,9,8,26,10.0,2016.3548295814637,53
8914,36.4529,-96.8512,0.0,0.83,-10781426.266717497,4363120.00327431,2016,5,9,10,56,23.0,2016.355115186199,47
8915,36.4245,-96.8426,0.0,1.27,-10780468.919096677,4359190.23083663,2016,5,9,15,26,20.0,2016.3556284381575,37
8916,36.4248,-96.9105,0.0,1.72,-10788027.512521537,4359231.735003479,2016,5,9,18,41,48.0,2016.3560000760515,51
8917,36.4301,-96.8308,0.0,0.8,-10779155.349105315,4359965.001728936,2016,5,9,20,48,45.0,2016.3562414442163,26
8918,36.3944,-96.8983,0.025,0.84,-10786669.41473386,4355026.794237775,2016,5,9,22,7,32.0,2016.3563912338075,18
8919,36.4293,-96.9131,0.0,0.59,-10788316.9431976,4359854.316751253,2016,5,10,1,24,3.0,2016.3567648680507,58
8920,36.4618,-96.8404,0.0,0.9,-10780224.01621693,4364351.8125398075,2016,5,10,1,46,31.0,2016.356807583593,25
8921,36.4247,-96.8413,0.0,0.62,-10780324.203758644,4359217.900263378,2016,5,10,2,39,7.0,2016.3569075911983,37
8923,36.4371,-96.8534,0.0,2.99,-10781671.169597242,4360933.543945174,2016,5,10,3,51,15.0,2016.3570447372424,48
8924,36.4228,-96.8463,0.0,0.79,-10780880.80121261,4358955.043586806,2016,5,10,5,9,48.0,2016.3571940832003,36
8925,36.4341,-96.8549,0.0,0.86,-10781838.148833433,4360518.443728243,2016,5,10,6,44,4.0,2016.357373311025,48
8926,36.4502,-96.8609,0.0,0.68,-10782506.065778192,4362746.336273596,2016,5,10,7,46,29.0,2016.3574919829139,41
8927,36.4502,-96.8609,0.0,0.48,-10782506.065778192,4362746.336273596,2016,5,10,9,46,40.0,2016.357720485715,41
8928,36.4336,-96.907,0.0,0.37,-10787637.894303761,4360449.261918631,2016,5,10,10,9,42.0,2016.3577642786524,59
8931,36.4115,-96.8758,0.0,0.77,-10784164.726191012,4357391.870944072,2016,5,10,11,55,28.0,2016.3579653712577,56
8935,36.3906,-96.8988,0.015,0.66,-10786725.074479256,4354501.29230191,2016,5,10,15,59,49.0,2016.3584299503132,18
8936,36.4226,-96.9072,0.0,0.96,-10787660.15820192,4358927.374837114,2016,5,10,17,4,4.0,2016.3585521078917,51
8938,36.4115,-96.8758,0.0,0.61,-10784164.726191012,4357391.870944072,2016,5,10,19,15,36.0,2016.3588021902806,56
8939,36.4322,-96.8393,0.0,0.59,-10780101.564777058,4360255.555222543,2016,5,10,19,48,52.0,2016.358865439704,27
8940,36.4529,-96.8588,0.0,1.36,-10782272.294847528,4363120.00327431,2016,5,10,23,3,5.0,2016.3592347009912,41
8942,36.4214,-96.9087,0.0,0.71,-10787827.137438111,4358761.363835499,2016,5,11,1,33,47.0,2016.3595212246812,51
8943,36.4529,-96.8512,0.0,0.89,-10781426.266717497,4363120.00327431,2016,5,11,1,56,38.0,2016.3595646690496,47
8944,36.4214,-96.8438,0.0,0.57,-10780602.502485627,4358761.363835499,2016,5,11,2,42,45.0,2016.3596523499887,36
8947,36.4341,-96.8549,0.0,0.5,-10781838.148833433,4360518.443728243,2016,5,11,8,9,5.0,2016.3602728027479,48
8949,36.4322,-96.8393,0.0,0.66,-10780101.564777058,4360255.555222543,2016,5,11,10,11,8.0,2016.360504854615,27
8950,36.4314,-96.8599,0.0,0.71,-10782394.746287398,4360144.867250516,2016,5,11,11,13,50.0,2016.3606240652014,48
8951,36.4529,-96.8512,0.0,0.88,-10781426.266717497,4363120.00327431,2016,5,11,12,5,54.0,2016.3607230587877,47
8952,36.4354,-96.8747,0.0,0.83,-10784042.27475114,4360698.318518952,2016,5,11,17,3,30.0,2016.3612888812838,44
8953,36.4223,-96.8349,0.0,0.7,-10779611.759017568,4358885.871846195,2016,5,11,17,42,24.0,2016.3613628412807,30
8954,36.4366,-96.8967,0.0,1.29,-10786491.303548591,4360864.359461431,2016,5,11,18,27,19.0,2016.3614482406774,50
8955,36.4379,-96.9044,0.0,0.55,-10787348.4636277,4361044.240046276,2016,5,11,23,41,28.0,2016.3620455294445,59
8959,36.4502,-96.8609,0.0,0.54,-10782506.065778192,4362746.336273596,2016,5,12,1,57,48.0,2016.3623047380029,41
8960,36.4247,-96.8413,0.0,0.58,-10780324.203758644,4359217.900263378,2016,5,12,2,14,36.0,2016.3623366795955,37
8961,36.3938,-96.836,0.0,0.58,-10779734.21045744,4354943.818540041,2016,5,12,6,17,16.0,2016.3627980581539,20
8962,36.4226,-96.9072,0.0,0.69,-10787660.15820192,4358927.374837114,2016,5,12,7,8,58.0,2016.3628963546023,51
8963,36.3923,-96.8972,0.0,0.32,-10786546.963293988,4354736.382097743,2016,5,12,7,59,49.0,2016.3629930349582,18
8964,36.4618,-96.8404,0.0,1.13,-10780224.01621693,4364351.8125398075,2016,5,12,8,25,40.0,2016.3630421831824,25
8968,36.4245,-96.8426,0.0,0.73,-10780468.919096677,4359190.23083663,2016,5,12,9,49,1.0,2016.3632006553096,37
8969,36.412,-96.9116,0.0,1.15,-10788149.963961411,4357461.033066466,2016,5,12,10,38,47.0,2016.36329527594,53
8970,36.4161,-96.8782,0.0,0.93,-10784431.892968917,4358028.179263074,2016,5,12,11,46,24.0,2016.363423834512,55
8972,36.4502,-96.8609,0.0,0.83,-10782506.065778192,4362746.336273596,2016,5,12,17,5,39.0,2016.3640308198342,41
8975,36.4115,-96.8758,0.0,0.8,-10784164.726191012,4357391.870944072,2016,5,12,21,36,53.0,2016.3645465117752,56
8976,36.4203,-96.8639,0.0,1.09,-10782840.024250573,4358609.189337653,2016,5,12,22,46,50.0,2016.3646795066797,57
8978,36.412,-96.9116,0.0,2.07,-10788149.963961411,4357461.033066466,2016,5,13,0,26,12.0,2016.3648684310594,53
8982,36.4354,-96.8747,0.0,0.64,-10784042.27475114,4360698.318518952,2016,5,13,5,31,44.0,2016.3654493370852,44
8983,36.4543,-96.8664,0.0,0.86,-10783118.322977556,4363313.761654775,2016,5,13,6,24,35.0,2016.3655498200117,40
8984,36.4618,-96.8404,0.0,0.75,-10780224.01621693,4364351.8125398075,2016,5,13,6,30,48.0,2016.3655616396684,25
8986,36.4529,-96.8512,0.0,1.62,-10781426.266717497,4363120.00327431,2016,5,13,7,35,56.0,2016.3656854767155,47
8989,36.4216,-96.86,10.64,1.15,-10782405.878236478,4358789.032157611,2016,5,13,11,3,22.0,2016.3660798666565,57
8990,36.3906,-96.8988,0.015,0.63,-10786725.074479256,4354501.29230191,2016,5,13,12,7,42.0,2016.3662021826756,18
8991,36.3985,-96.8313,0.045,0.86,-10779211.00885071,4355593.811982057,2016,5,13,16,11,29.0,2016.3666656843359,20
8992,36.4247,-96.9088,0.0,1.02,-10787838.26938719,4359217.900263378,2016,5,13,16,31,45.0,2016.3667042170507,51
8995,36.4214,-96.9087,0.0,0.88,-10787827.137438111,4358761.363835499,2016,5,13,20,2,35.0,2016.3671050713615,51
8999,36.3995,-96.9101,0.0,0.88,-10787982.984725222,4355732.113530378,2016,5,14,3,23,27.0,2016.3679432846604,49
9000,36.417,-96.8628,0.0,0.68,-10782717.572810698,4358152.678776818,2016,5,14,4,21,26.0,2016.368053527518,57
9001,36.4504,-96.8541,0.0,0.68,-10781749.0932408,4362774.014864648,2016,5,14,4,57,7.0,2016.3681213717139,43
9003,36.3699,-96.9643,0.0,0.9,-10794016.501126215,4351639.140589087,2016,5,14,6,14,28.0,2016.3682684361295,15
9004,36.4618,-96.8404,0.0,1.3,-10780224.01621693,4364351.8125398075,2016,5,14,7,3,12.0,2016.3683610920982,25
9005,36.4529,-96.8512,0.0,0.93,-10781426.266717497,4363120.00327431,2016,5,14,10,36,30.0,2016.3687666362462,47
9006,36.3915,-96.8345,0.0,1.52,-10779567.23122125,4354625.750965185,2016,5,14,12,51,15.0,2016.369022834436,20
9007,36.4293,-96.9131,0.0,0.86,-10788316.9431976,4359854.316751253,2016,5,14,14,36,3.0,2016.3692220891323,58
9008,36.4245,-96.8426,0.0,0.94,-10780468.919096677,4359190.23083663,2016,5,14,15,1,15.0,2016.369270001521,37
9010,36.4247,-96.8413,0.0,0.98,-10780324.203758644,4359217.900263378,2016,5,14,16,8,1.0,2016.3693969440008,37
9011,36.4322,-96.8393,0.0,0.89,-10780101.564777058,4360255.555222543,2016,5,14,16,18,43.0,2016.369417287753,27
9012,36.4354,-96.8636,0.0,1.22,-10782806.628403334,4360698.318518952,2016,5,14,16,30,26.0,2016.3694395644789,48
9016,36.3974,-96.9966,7.552,1.12,-10797612.120678838,4355441.682334235,2016,5,14,20,4,24.0,2016.3698463761502,17
9017,36.4371,-96.8534,0.0,2.04,-10781671.169597242,4360933.543945174,2016,5,14,20,10,6.0,2016.3698572134763,48
9018,36.4216,-96.86,10.64,1.84,-10782405.878236478,4358789.032157611,2016,5,14,22,40,26.0,2016.3701430400283,57
9019,36.4288,-96.8789,0.0,0.69,-10784509.81661247,4359785.139219427,2016,5,14,23,30,32.0,2016.3702382944205,45
9020,36.4502,-96.8609,0.0,0.54,-10782506.065778192,4362746.336273596,2016,5,14,23,52,27.0,2016.3702799642558,41
9021,36.4247,-96.8413,0.0,0.79,-10780324.203758644,4359217.900263378,2016,5,15,0,14,48.0,2016.3703224579815,37
9023,36.412,-96.9116,0.0,0.96,-10788149.963961411,4357461.033066466,2016,5,15,2,41,43.0,2016.3706017884756,53
9024,36.4354,-96.8747,0.0,0.74,-10784042.27475114,4360698.318518952,2016,5,15,4,13,25.0,2016.3707761363348,44
9025,36.3974,-96.9966,7.552,0.87,-10797612.120678838,4355441.682334235,2016,5,15,5,32,31.0,2016.3709265279997,17
9026,36.4502,-96.8609,0.0,0.87,-10782506.065778192,4362746.336273596,2016,5,15,6,36,19.0,2016.3710478299997,41
9028,36.4502,-96.8609,0.0,1.21,-10782506.065778192,4362746.336273596,2016,5,15,11,42,44.0,2016.371630415494,41
9029,36.4301,-96.8308,0.0,0.82,-10779155.349105315,4359965.001728936,2016,5,15,13,30,42.0,2016.3718356909271,26
9030,36.4341,-96.8549,0.0,0.52,-10781838.148833433,4360518.443728243,2016,5,15,14,13,39.0,2016.3719173511295,48
9031,36.4502,-96.8609,0.0,0.76,-10782506.065778192,4362746.336273596,2016,5,15,16,40,33.0,2016.3721966499354,41
9033,36.4247,-96.8413,0.0,0.74,-10780324.203758644,4359217.900263378,2016,5,15,17,52,28.0,2016.3723333840342,37
9035,36.417,-96.8628,0.0,0.71,-10782717.572810698,4358152.678776818,2016,5,15,18,36,9.0,2016.3724164385123,57
9036,36.4226,-96.9072,0.0,0.79,-10787660.15820192,4358927.374837114,2016,5,15,20,7,54.0,2016.3725908814358,51
9037,36.4223,-96.8349,0.0,1.15,-10779611.759017568,4358885.871846195,2016,5,15,21,28,44.0,2016.3727445686618,30
9038,36.3974,-96.9966,7.552,0.74,-10797612.120678838,4355441.682334235,2016,5,15,22,57,43.0,2016.3729137513626,17
9039,36.3915,-96.8345,0.0,0.83,-10779567.23122125,4354625.750965185,2016,5,16,0,0,57.0,2016.3730339759677,20
9040,36.3811,-96.9901,14.642,0.87,-10796888.543988682,4353187.6498284135,2016,5,16,1,15,54.0,2016.3731764772986,17
9041,36.3763,-96.9617,0.149,1.67,-10793727.070450153,4352523.975708959,2016,5,16,2,33,1.0,2016.373323098081,15
9042,36.4371,-96.8361,0.0,0.44,-10779745.342406519,4360933.543945174,2016,5,16,2,55,7.0,2016.3733651164855,28
9044,36.4223,-96.8349,0.0,0.86,-10779611.759017568,4358885.871846195,2016,5,16,6,32,4.0,2016.3737776003245,30
9045,36.4293,-96.9131,0.0,0.61,-10788316.9431976,4359854.316751253,2016,5,16,7,5,37.0,2016.3738413884453,58
9046,36.4413,-96.8731,0.0,0.48,-10783864.16356587,4361514.7112069735,2016,5,16,10,37,8.0,2016.3742435419676,42
9047,36.4115,-96.8758,0.0,0.58,-10784164.726191012,4357391.870944072,2016,5,16,10,59,46.0,2016.374286574391,56
9048,36.4301,-96.8308,0.0,0.84,-10779155.349105315,4359965.001728936,2016,5,16,12,10,26.0,2016.3744209318834,26
9049,36.412,-96.9116,0.0,1.18,-10788149.963961411,4357461.033066466,2016,5,16,16,12,53.0,2016.3748818984968,53
9052,36.4203,-96.8639,0.0,0.94,-10782840.024250573,4358609.189337653,2016,5,17,2,20,50.0,2016.376037784876,57
9053,36.4371,-96.8361,0.0,0.41,-10779745.342406519,4360933.543945174,2016,5,17,2,49,8.0,2016.376091591249,28
9054,36.4288,-96.8789,0.0,0.76,-10784509.81661247,4359785.139219427,2016,5,17,2,57,24.0,2016.3761073085407,45
9055,36.3835,-96.9274,0.0,0.94,-10789908.811915945,4353519.502249293,2016,5,17,5,11,43.0,2016.3763626828402,15
9057,36.4354,-96.8636,0.0,1.75,-10782806.628403334,4360698.318518952,2016,5,17,6,32,47.0,2016.3765168136995,48
9058,36.4293,-96.9131,0.0,1.25,-10788316.9431976,4359854.316751253,2016,5,17,7,55,45.0,2016.3766745570006,58
9059,36.3974,-96.9966,7.552,1.23,-10797612.120678838,4355441.682334235,2016,5,17,10,8,10.0,2016.3769263188583,17
9061,36.4223,-96.8349,0.0,0.85,-10779611.759017568,4358885.871846195,2016,5,17,18,21,29.0,2016.3778642545694,30
9062,36.3995,-96.9101,0.0,1.76,-10787982.984725222,4355732.113530378,2016,5,17,19,21,50.0,2016.3779789971354,49
9063,36.3906,-96.8988,0.015,0.71,-10786725.074479256,4354501.29230191,2016,5,17,19,45,37.0,2016.3780242160367,18
9064,36.4248,-96.9105,0.0,1.97,-10788027.512521537,4359231.735003479,2016,5,17,21,16,49.0,2016.3781976132532,51
9066,36.3974,-96.9966,7.552,0.78,-10797612.120678838,4355441.682334235,2016,5,18,0,36,14.0,2016.378576761224,17
9067,36.412,-96.9116,0.0,1.26,-10788149.963961411,4357461.033066466,2016,5,18,2,30,29.0,2016.3787939830659,53
9069,36.4618,-96.8404,0.0,0.89,-10780224.01621693,4364351.8125398075,2016,5,18,6,33,30.0,2016.3792560270742,25
9070,36.412,-96.9116,0.0,0.94,-10788149.963961411,4357461.033066466,2016,5,18,10,52,49.0,2016.3797490620325,53
9071,36.4533,-96.854,0.0,1.18,-10781737.961291717,4363175.362454715,2016,5,18,12,46,40.0,2016.3799655233604,46
9072,36.4543,-96.8664,0.0,0.93,-10783118.322977556,4363313.761654775,2016,5,18,13,14,54.0,2016.3800192029812,40
9073,36.4247,-96.8413,0.0,0.86,-10780324.203758644,4359217.900263378,2016,5,18,19,24,55.0,2016.3807227102188,37
9077,36.4301,-96.8308,0.0,1.04,-10779155.349105315,4359965.001728936,2016,5,19,6,11,16.0,2016.3819516059523,26
9078,36.4288,-96.8789,0.0,0.31,-10784509.81661247,4359785.139219427,2016,5,19,6,20,52.0,2016.3819698582909,45
9079,36.4413,-96.8731,0.0,0.33,-10783864.16356587,4361514.7112069735,2016,5,19,6,31,21.0,2016.381989790098,42
9080,36.417,-96.8628,0.0,0.82,-10782717.572810698,4358152.678776818,2016,5,19,9,22,13.0,2016.3823146563743,57
9081,36.3915,-96.8345,0.0,1.35,-10779567.23122125,4354625.750965185,2016,5,19,11,40,52.0,2016.382578269577,20
9082,36.4533,-96.854,0.0,1.42,-10781737.961291717,4363175.362454715,2016,5,19,12,16,25.0,2016.3826458602682,46
9084,36.4195,-96.8801,0.0,0.91,-10784643.400001423,4358498.518329477,2016,5,19,14,8,29.0,2016.3828589309708,55
9085,36.4371,-96.8361,0.0,0.65,-10779745.342406519,4360933.543945174,2016,5,19,16,46,20.0,2016.3831590488503,28
9086,36.4288,-96.8789,0.0,0.74,-10784509.81661247,4359785.139219427,2016,5,19,19,1,18.0,2016.3834156589855,45
9087,36.4289,-96.8252,0.0,0.82,-10778531.959956871,4359798.974690148,2016,5,19,21,28,44.0,2016.3836959718103,26
9088,36.4322,-96.8393,0.0,0.59,-10780101.564777058,4360255.555222543,2016,5,19,23,34,48.0,2016.3839356605065,27
9089,36.412,-96.9116,0.0,0.82,-10788149.963961411,4357461.033066466,2016,5,20,0,47,0.0,2016.3840729333028,53
9090,36.4336,-96.907,0.0,0.53,-10787637.894303761,4360449.261918631,2016,5,20,1,39,0.0,2016.384171800137,59
9091,36.4618,-96.8404,0.0,0.78,-10780224.01621693,4364351.8125398075,2016,5,20,4,56,14.0,2016.3845467969682,25
9093,36.4138,-96.8142,0.0,0.49,-10777307.445558146,4357710.020393209,2016,5,20,6,48,10.0,2016.384759614166,19
9094,36.4216,-96.86,10.64,0.84,-10782405.878236478,4358789.032157611,2016,5,20,8,39,41.0,2016.3849716391614,57
9095,36.3991,-96.9337,0.133,0.6,-10790610.124707943,4355676.792697502,2016,5,20,9,11,18.0,2016.3850317514639,15
9097,36.4314,-96.8599,0.0,0.84,-10782394.746287398,4360144.867250516,2016,5,21,0,20,29.0,2016.3867603683423,48
9098,36.4314,-96.8599,0.0,0.84,-10782394.746287398,4360144.867250516,2016,5,21,0,33,3.0,2016.3867842611605,48
9099,36.4216,-96.86,10.64,1.32,-10782405.878236478,4358789.032157611,2016,5,21,3,11,59.0,2016.387086438766,57
9100,36.3974,-96.9966,7.552,1.57,-10797612.120678838,4355441.682334235,2016,5,21,3,46,46.0,2016.3871525718052,17
9101,36.4288,-96.8789,0.0,1.01,-10784509.81661247,4359785.139219427,2016,5,21,5,25,56.0,2016.3873411159277,45
9103,36.3991,-96.9337,0.133,0.9,-10790610.124707943,4355676.792697502,2016,5,21,6,59,54.0,2016.3875197733669,15
9105,36.4293,-96.9131,0.0,0.71,-10788316.9431976,4359854.316751253,2016,5,21,9,55,17.0,2016.3878532271149,58
9106,36.3991,-96.9337,0.133,0.55,-10790610.124707943,4355676.792697502,2016,5,21,10,54,25.0,2016.3879656564504,15
9107,36.4533,-96.854,0.0,1.88,-10781737.961291717,4363175.362454715,2016,5,21,14,47,56.0,2016.3884096382487,46
9109,36.4322,-96.8393,0.0,0.64,-10780101.564777058,4360255.555222543,2016,5,21,17,30,7.0,2016.3887179950314,27
9110,36.4228,-96.8463,0.0,0.87,-10780880.80121261,4358955.043586806,2016,5,21,22,37,13.0,2016.3893018797373,36
9111,36.4366,-96.8967,0.0,0.64,-10786491.303548591,4360864.359461431,2016,5,22,4,21,34.0,2016.3899565873196,50
9112,36.4354,-96.8636,0.0,1.03,-10782806.628403334,4360698.318518952,2016,5,22,4,40,39.0,2016.3899928701803,48
9114,36.4242,-96.8356,0.0,0.7,-10779689.682661122,4359148.726830143,2016,5,22,5,38,50.0,2016.3901034932949,30
9115,36.4354,-96.8636,0.0,0.94,-10782806.628403334,4360698.318518952,2016,5,22,5,50,33.0,2016.3901257700206,48
9117,36.4366,-96.8967,0.0,0.72,-10786491.303548591,4360864.359461431,2016,5,22,6,41,11.0,2016.3902220384314,50
9118,36.4301,-96.8308,0.0,0.74,-10779155.349105315,4359965.001728936,2016,5,22,8,0,50.0,2016.390373475803,26
9119,36.4226,-96.9072,0.0,0.73,-10787660.15820192,4358927.374837114,2016,5,22,11,29,10.0,2016.3907695769005,51
9120,36.3974,-96.9966,7.552,0.69,-10797612.120678838,4355441.682334235,2016,5,22,11,50,18.0,2016.390809757396,17
9121,36.4226,-96.9072,0.0,0.92,-10787660.15820192,4358927.374837114,2016,5,22,13,23,14.0,2016.3909864501736,51
9123,36.4226,-96.9072,0.0,0.72,-10787660.15820192,4358927.374837114,2016,5,22,13,52,13.0,2016.3910415557584,51
9124,36.4223,-96.8349,0.0,0.65,-10779611.759017568,4358885.871846195,2016,5,22,14,49,22.0,2016.3911502142114,30
9125,36.4247,-96.8413,0.0,0.7,-10780324.203758644,4359217.900263378,2016,5,22,15,6,35.0,2016.3911829480062,37
9126,36.4175,-96.808,0.0,0.53,-10776617.26471523,4358221.845796738,2016,5,22,16,8,50.0,2016.3913013030142,19
9127,36.4371,-96.8534,0.0,1.1,-10781671.169597242,4360933.543945174,2016,5,22,18,37,42.0,2016.3915843410145,48
9129,36.4413,-96.8731,0.0,0.51,-10783864.16356587,4361514.7112069735,2016,5,22,20,18,58.0,2016.391776877836,42
9130,36.4371,-96.8534,0.0,1.11,-10781671.169597242,4360933.543945174,2016,5,22,20,59,17.0,2016.3918535313205,48
9131,36.4195,-96.8801,0.0,0.64,-10784643.400001423,4358498.518329477,2016,5,22,21,43,25.0,2016.391937441377,55
9138,36.4248,-96.9105,0.0,1.62,-10788027.512521537,4359231.735003479,2016,5,23,15,32,8.0,2016.393969376632,51
9139,36.4103,-96.8848,0.0,1.05,-10785166.601608152,4357225.883666574,2016,5,23,15,47,8.0,2016.393997895911,54
9141,36.3835,-96.9274,0.0,1.12,-10789908.811915945,4353519.502249293,2016,5,23,16,30,58.0,2016.394081235582,15
9142,36.4322,-96.8393,0.0,0.69,-10780101.564777058,4360255.555222543,2016,5,23,17,38,14.0,2016.3942091287042,27
9143,36.412,-96.9116,0.0,1.08,-10788149.963961411,4357461.033066466,2016,5,23,20,25,16.0,2016.3945267067204,53
9144,36.3974,-96.9966,7.552,1.01,-10797612.120678838,4355441.682334235,2016,5,23,21,31,54.0,2016.3946533956955,17
9145,36.4245,-96.8426,0.0,1.01,-10780468.919096677,4359190.23083663,2016,5,23,23,29,28.0,2016.3948769234669,37
9147,36.4366,-96.8967,0.0,1.04,-10786491.303548591,4360864.359461431,2016,5,24,5,22,31.0,2016.3955481722312,50
9150,36.4251,-96.8481,0.0,0.76,-10781081.176296039,4359273.239330692,2016,5,24,6,17,1.0,2016.3956517922782,36
9151,36.4354,-96.8747,0.0,0.62,-10784042.27475114,4360698.318518952,2016,5,24,8,15,17.0,2016.3958766509493,44
9153,36.3974,-96.9966,7.552,0.83,-10797612.120678838,4355441.682334235,2016,5,24,12,38,25.0,2016.3963769424797,17
9154,36.4288,-96.8789,0.0,0.71,-10784509.81661247,4359785.139219427,2016,5,24,13,38,16.0,2016.3964907344032,45
9155,36.4288,-96.8789,0.0,0.81,-10784509.81661247,4359785.139219427,2016,5,24,14,50,47.0,2016.3966286092732,45
9157,36.4301,-96.8308,0.0,0.71,-10779155.349105315,4359965.001728936,2016,5,25,0,8,44.0,2016.397689431389,26
9159,36.4543,-96.8664,0.0,0.81,-10783118.322977556,4363313.761654775,2016,5,25,2,20,35.0,2016.3979401158517,40
9161,36.4103,-96.8848,0.0,0.82,-10785166.601608152,4357225.883666574,2016,5,25,7,13,5.0,2016.3984962417928,54
9162,36.4618,-96.8404,0.0,2.0,-10780224.01621693,4364351.8125398075,2016,5,25,7,22,59.0,2016.398515064517,25
9163,36.4289,-96.8252,0.0,0.64,-10778531.959956871,4359798.974690148,2016,5,25,8,10,26.0,2016.398605280503,26
9164,36.3974,-96.9966,7.552,1.0,-10797612.120678838,4355441.682334235,2016,5,25,13,8,24.0,2016.3991718001369,17
9165,36.3974,-96.9966,7.552,0.94,-10797612.120678838,4355441.682334235,2016,5,25,13,58,10.0,2016.3992664207672,17
9168,36.4175,-96.808,0.0,0.53,-10776617.26471523,4358221.845796738,2016,5,25,20,12,38.0,2016.399978388724,19
9169,36.4371,-96.8534,0.0,1.45,-10781671.169597242,4360933.543945174,2016,5,25,23,49,29.0,2016.4003906824346,48
9172,36.4504,-96.8541,0.0,0.78,-10781749.0932408,4362774.014864648,2016,5,26,2,31,10.0,2016.4006980885745,43
9173,36.3995,-96.9101,0.0,0.68,-10787982.984725222,4355732.113530378,2016,5,26,4,4,52.0,2016.4008762390042,49
9174,36.4322,-96.8393,0.0,1.1,-10780101.564777058,4360255.555222543,2016,5,26,5,26,11.0,2016.4010308451848,27
9175,36.4379,-96.9044,0.0,0.58,-10787348.4636277,4361044.240046276,2016,5,26,9,15,46.0,2016.4014673485942,59
9176,36.4502,-96.8609,0.0,1.33,-10782506.065778192,4362746.336273596,2016,5,26,9,48,50.0,2016.4015302177606,41
9177,36.4247,-96.8413,0.0,0.73,-10780324.203758644,4359217.900263378,2016,5,26,12,26,59.0,2016.401830906026,37
9179,36.3811,-96.9901,14.642,0.88,-10796888.543988682,4353187.6498284135,2016,5,26,13,5,14.0,2016.4019036301872,17
9180,36.4366,-96.8967,0.0,0.86,-10786491.303548591,4360864.359461431,2016,5,26,17,53,31.0,2016.4024517390424,50
9182,36.4404,-96.8843,0.0,1.31,-10785110.941862755,4361390.172717214,2016,5,26,21,46,5.0,2016.4028939146197,61
9183,36.4115,-96.8758,0.0,0.66,-10784164.726191012,4357391.870944072,2016,5,26,22,44,38.0,2016.4030052348721,56
9184,36.4212,-96.8336,0.0,0.52,-10779467.043679535,4358733.695584647,2016,5,26,23,55,55.0,2016.4031407648238,30
9185,36.4138,-96.8142,0.0,0.52,-10777307.445558146,4357710.020393209,2016,5,27,1,22,50.0,2016.4033060182016,19
9186,36.4354,-96.8636,0.0,0.87,-10782806.628403334,4360698.318518952,2016,5,27,4,29,56.0,2016.4036617486754,48
9187,36.412,-96.9116,0.0,0.89,-10788149.963961411,4357461.033066466,2016,5,27,4,44,37.0,2016.4036896658808,53
9188,36.4251,-96.8481,0.0,1.19,-10781081.176296039,4359273.239330692,2016,5,27,4,53,50.0,2016.4037071893933,36
9189,36.4379,-96.9044,0.0,0.5,-10787348.4636277,4361044.240046276,2016,5,27,6,34,49.0,2016.4038991875175,59
9190,36.3915,-96.8345,0.0,1.16,-10779567.23122125,4354625.750965185,2016,5,27,6,50,5.0,2016.4039282138058,20
9191,36.4293,-96.9131,0.0,1.03,-10788316.9431976,4359854.316751253,2016,5,27,8,9,57.0,2016.4040800631226,58
9193,36.4504,-96.8541,0.0,0.85,-10781749.0932408,4362774.014864648,2016,5,27,10,42,15.0,2016.404369628869,43
9194,36.4371,-96.8361,0.0,0.28,-10779745.342406519,4360933.543945174,2016,5,27,11,14,9.0,2016.4044302798693,28
9199,36.4314,-96.8599,0.0,1.03,-10782394.746287398,4360144.867250516,2016,5,27,17,46,24.0,2016.405176059016,48
9200,36.4502,-96.8609,0.0,0.65,-10782506.065778192,4362746.336273596,2016,5,27,18,58,47.0,2016.4053136803814,41
9204,36.4533,-96.854,0.0,1.0,-10781737.961291717,4363175.362454715,2016,5,28,0,54,59.0,2016.405990918194,46
9206,36.4413,-96.8731,0.0,0.35,-10783864.16356587,4361514.7112069735,2016,5,28,2,46,57.0,2016.406203798768,42
9207,36.4366,-96.8967,0.0,0.89,-10786491.303548591,4360864.359461431,2016,5,28,2,56,39.0,2016.4062222412351,50
9208,36.4404,-96.8843,0.0,0.96,-10785110.941862755,4361390.172717214,2016,5,28,3,54,53.0,2016.406332959414,61
9209,36.4223,-96.8349,0.0,0.6,-10779611.759017568,4358885.871846195,2016,5,28,4,20,39.0,2016.4063819491976,30
9210,36.3763,-96.9617,0.149,0.78,-10793727.070450153,4352523.975708959,2016,5,28,8,36,27.0,2016.4068682979694,15
9213,36.3915,-96.8345,0.0,0.86,-10779567.23122125,4354625.750965185,2016,5,28,13,44,1.0,2016.407453069942,20
9215,36.4322,-96.8393,0.0,0.71,-10780101.564777058,4360255.555222543,2016,5,28,17,25,39.0,2016.4078744581336,27
9216,36.4504,-96.8541,0.0,0.61,-10781749.0932408,4362774.014864648,2016,5,28,18,44,21.0,2016.4080240892843,43
9217,36.4138,-96.8142,0.0,0.51,-10777307.445558146,4357710.020393209,2016,5,28,20,12,26.0,2016.4081915608285,19
9219,36.412,-96.9116,0.0,1.06,-10788149.963961411,4357461.033066466,2016,5,29,5,10,37.0,2016.409214800872,53
9220,36.4618,-96.8404,0.0,1.32,-10780224.01621693,4364351.8125398075,2016,5,29,5,34,48.0,2016.4092607802875,25
9221,36.4618,-96.8404,0.0,0.68,-10780224.01621693,4364351.8125398075,2016,5,29,8,56,52.0,2016.409644966664,25
9225,36.3974,-96.9966,7.552,0.82,-10797612.120678838,4355441.682334235,2016,5,29,19,2,21.0,2016.4107961632062,17
9229,36.4529,-96.8512,0.0,1.18,-10781426.266717497,4363120.00327431,2016,5,29,22,23,33.0,2016.4111787018023,47
9230,36.4212,-96.8336,0.0,0.55,-10779467.043679535,4358733.695584647,2016,5,30,0,1,23.0,2016.411364710878,30
9231,36.4341,-96.8549,0.0,0.52,-10781838.148833433,4360518.443728243,2016,5,30,0,40,15.0,2016.4114386074987,48
9232,36.4223,-96.8349,0.0,0.54,-10779611.759017568,4358885.871846195,2016,5,30,4,51,11.0,2016.4119157033488,30
9233,36.3995,-96.9101,0.0,0.83,-10787982.984725222,4355732.113530378,2016,5,30,5,46,3.0,2016.4120200205339,49
9234,36.4366,-96.8967,0.0,0.75,-10786491.303548591,4360864.359461431,2016,5,30,7,17,14.0,2016.4121933860622,50
9236,36.4504,-96.8541,0.0,0.49,-10781749.0932408,4362774.014864648,2016,5,30,10,36,52.0,2016.4125729459781,43
9237,36.4175,-96.808,0.0,0.36,-10776617.26471523,4358221.845796738,2016,5,30,11,5,16.0,2016.4126269424798,19
9239,36.4543,-96.8664,0.0,0.77,-10783118.322977556,4363313.761654775,2016,5,30,12,52,10.0,2016.412830189875,40
9240,36.4371,-96.8361,0.0,0.28,-10779745.342406519,4360933.543945174,2016,5,30,13,47,15.0,2016.4129349190052,28
9241,36.4115,-96.8758,0.0,0.93,-10784164.726191012,4357391.870944072,2016,5,30,16,28,22.0,2016.4132412477502,56
9244,36.4228,-96.8463,0.0,0.96,-10780880.80121261,4358955.043586806,2016,5,30,23,24,11.0,2016.414031833853,36
9245,36.4529,-96.8512,0.0,0.9,-10781426.266717497,4363120.00327431,2016,5,31,1,33,28.0,2016.41427763835,47
9246,36.3544,-96.9172,12.094,0.62,-10788773.353109853,4349496.48208893,2016,5,31,3,13,13.0,2016.4144672915559,16
9247,36.4617,-96.847,0.0,0.89,-10780958.724856166,4364337.971200943,2016,5,31,5,2,55.0,2016.4146758625498,24
9248,36.4504,-96.8541,0.0,0.55,-10781749.0932408,4362774.014864648,2016,5,31,8,2,2.0,2016.4150164144294,43
9250,36.4529,-96.8588,0.0,1.17,-10782272.294847528,4363120.00327431,2016,5,31,14,36,30.0,2016.415766408092,41
9251,36.4371,-96.8534,0.0,1.08,-10781671.169597242,4360933.543945174,2016,5,31,15,0,3.0,2016.41581118336,48
9252,36.4533,-96.854,0.0,1.35,-10781737.961291717,4363175.362454715,2016,5,31,15,37,21.0,2016.4158821013004,46
9257,36.3915,-96.8345,0.0,1.86,-10779567.23122125,4354625.750965185,2016,5,31,22,52,24.0,2016.4167092554567,20
9258,36.3544,-96.9172,12.094,1.65,-10788773.353109853,4349496.48208893,2016,6,1,2,46,25.0,2016.4171541878977,16
9259,36.3974,-96.9966,7.552,0.84,-10797612.120678838,4355441.682334235,2016,6,1,3,31,59.0,2016.4172408231298,17
9261,36.3915,-96.8345,0.0,1.53,-10779567.23122125,4354625.750965185,2016,6,1,7,10,26.0,2016.4176561588968,20
9262,36.4504,-96.8541,0.0,0.71,-10781749.0932408,4362774.014864648,2016,6,1,7,22,35.0,2016.4176792595129,43
9264,36.4247,-96.8272,0.0,0.65,-10778754.59893846,4359217.900263378,2016,6,1,8,50,22.0,2016.4178461606714,26
9265,36.412,-96.9116,0.0,1.01,-10788149.963961411,4357461.033066466,2016,6,1,9,13,50.0,2016.417890777499,53
9266,36.4293,-96.9131,0.0,0.64,-10788316.9431976,4359854.316751253,2016,6,1,10,4,19.0,2016.417986760717,58
9267,36.3777,-96.9196,0.0,0.67,-10789040.519887758,4352717.543096107,2016,6,1,10,13,25.0,2016.4180040624128,15
9269,36.4448,-96.8715,0.0,0.55,-10783686.0523806,4361999.041287867,2016,6,1,11,51,0.0,2016.418189596167,42
9270,36.3985,-96.8313,0.045,0.75,-10779211.00885071,4355593.811982057,2016,6,1,15,23,15.0,2016.4185931439654,20
9275,36.4314,-96.8599,0.0,0.69,-10782394.746287398,4360144.867250516,2016,6,2,1,27,47.0,2016.4197425342866,48
9278,36.4226,-96.9072,0.0,1.56,-10787660.15820192,4358927.374837114,2016,6,2,4,40,36.0,2016.4201091337745,51
9281,36.4289,-96.8252,0.0,0.68,-10778531.959956871,4359798.974690148,2016,6,2,8,16,1.0,2016.4205187023094,26
9283,36.3915,-96.8345,0.0,1.59,-10779567.23122125,4354625.750965185,2016,6,2,10,21,49.0,2016.4207578839962,20
9290,36.4251,-96.8481,0.0,0.84,-10781081.176296039,4359273.239330692,2016,6,2,16,7,3.0,2016.4214142710473,36
9291,36.3944,-96.8983,0.025,1.02,-10786669.41473386,4355026.794237775,2016,6,2,17,51,58.0,2016.42161374756,18
9292,36.3699,-96.9643,0.0,1.16,-10794016.501126215,4351639.140589087,2016,6,2,18,54,7.0,2016.4217319124396,15
9293,36.4288,-96.8789,0.0,0.65,-10784509.81661247,4359785.139219427,2016,6,2,22,37,51.0,2016.4221572933302,45
9294,36.4341,-96.8549,0.0,0.59,-10781838.148833433,4360518.443728243,2016,6,2,23,10,55.0,2016.4222201624966,48
9296,36.4529,-96.8512,0.0,1.7,-10781426.266717497,4363120.00327431,2016,6,3,0,53,32.0,2016.4224152660531,47
9297,36.4504,-96.8541,0.0,0.72,-10781749.0932408,4362774.014864648,2016,6,3,1,2,29.0,2016.4224322825564,43
9299,36.4617,-96.847,0.0,0.9,-10780958.724856166,4364337.971200943,2016,6,3,1,45,11.0,2016.4225134674373,24
9300,36.4306,-96.8724,0.0,1.44,-10783786.239922315,4360034.180419227,2016,6,3,2,57,46.0,2016.4226514690597,45
9304,36.4185,-96.8924,0.0,0.66,-10786012.62973818,4358360.181172472,2016,6,3,5,4,21.0,2016.4228921400868,54
9305,36.417,-96.8628,0.0,0.54,-10782717.572810698,4358152.678776818,2016,6,3,5,36,3.0,2016.4229524108298,57
9306,36.3915,-96.8345,0.0,0.9,-10779567.23122125,4354625.750965185,2016,6,3,9,22,54.0,2016.4233837173929,20
9307,36.3811,-96.9901,14.642,0.78,-10796888.543988682,4353187.6498284135,2016,6,3,13,43,24.0,2016.4238790022055,17
9311,36.4223,-96.8349,0.0,0.59,-10779611.759017568,4358885.871846195,2016,6,4,2,5,32.0,2016.4252900093798,30
9314,36.3991,-96.9337,0.133,1.97,-10790610.124707943,4355676.792697502,2016,6,4,5,15,44.0,2016.4256516338378,15
9315,36.4306,-96.8724,0.0,0.6,-10783786.239922315,4360034.180419227,2016,6,4,7,1,17.0,2016.425852314498,45
9319,36.4314,-96.8599,0.0,1.02,-10782394.746287398,4360144.867250516,2016,6,4,12,7,5.0,2016.426433727533,48
9322,36.4354,-96.8747,0.0,1.35,-10784042.27475114,4360698.318518952,2016,6,4,17,49,54.0,2016.4270855198115,44
9323,36.4504,-96.8541,0.0,1.1,-10781749.0932408,4362774.014864648,2016,6,4,19,9,15.0,2016.4272363867974,43
9325,36.4289,-96.8252,0.0,0.69,-10778531.959956871,4359798.974690148,2016,6,4,21,20,11.0,2016.4274853284153,26
9327,36.4366,-96.8967,0.0,1.02,-10786491.303548591,4360864.359461431,2016,6,5,2,20,27.0,2016.4280562210054,50
9329,36.3938,-96.836,0.0,1.11,-10779734.21045744,4354943.818540041,2016,6,5,3,11,0.0,2016.4281523309758,20
9330,36.4223,-96.8349,0.0,0.5,-10779611.759017568,4358885.871846195,2016,6,5,5,11,40.0,2016.4283817527314,30
9335,36.4216,-96.86,10.64,1.49,-10782405.878236478,4358789.032157611,2016,6,5,9,1,53.0,2016.4288194602884,57
9336,36.3938,-96.836,0.0,0.66,-10779734.21045744,4354943.818540041,2016,6,5,9,52,26.0,2016.4289155702588,20
9338,36.4533,-96.854,0.0,0.99,-10781737.961291717,4363175.362454715,2016,6,5,10,49,19.0,2016.4290237217026,46
9341,36.4233,-96.8615,0.0,0.78,-10782572.85747267,4359024.215772828,2016,6,5,14,4,38.0,2016.4293950744036,57
9343,36.413,-96.8738,0.0,0.87,-10783942.087209426,4357599.358646789,2016,6,5,14,51,2.0,2016.4294832940402,56
9345,36.4301,-96.8308,0.0,0.7,-10779155.349105315,4359965.001728936,2016,6,5,16,16,16.0,2016.4296453469212,26
9346,36.4293,-96.9131,0.0,1.2,-10788316.9431976,4359854.316751253,2016,6,5,17,34,37.0,2016.429794312622,58
9348,36.4226,-96.9072,0.0,1.02,-10787660.15820192,4358927.374837114,2016,6,6,1,0,37.0,2016.430642285852,51
9349,36.4502,-96.8609,0.0,0.56,-10782506.065778192,4362746.336273596,2016,6,6,1,41,21.0,2016.4307197315386,41
9351,36.4366,-96.8967,0.0,1.12,-10786491.303548591,4360864.359461431,2016,6,6,3,9,32.0,2016.4308873932112,50
9352,36.4543,-96.8664,0.0,1.15,-10783118.322977556,4363313.761654775,2016,6,6,3,24,34.0,2016.4309159758664,40
9353,36.4504,-96.8541,0.0,0.71,-10781749.0932408,4362774.014864648,2016,6,6,4,32,23.0,2016.4310449146956,43
9355,36.4306,-96.8724,0.0,0.94,-10783786.239922315,4360034.180419227,2016,6,6,8,57,2.0,2016.431548089842,45
9358,36.4293,-96.9131,0.0,1.3,-10788316.9431976,4359854.316751253,2016,6,6,16,9,48.0,2016.4323709027303,58
9360,36.4502,-96.8609,0.0,1.09,-10782506.065778192,4362746.336273596,2016,6,6,20,35,7.0,2016.4328753454001,41
9361,36.4502,-96.8609,0.0,2.09,-10782506.065778192,4362746.336273596,2016,6,6,20,48,20.0,2016.432900474054,41
9362,36.4306,-96.8724,0.0,0.95,-10783786.239922315,4360034.180419227,2016,6,6,22,16,41.0,2016.4330684526074,45
9363,36.4504,-96.8541,0.0,1.15,-10781749.0932408,4362774.014864648,2016,6,6,23,36,5.0,2016.4332194146577,43
9364,36.4504,-96.8541,0.0,1.32,-10781749.0932408,4362774.014864648,2016,6,7,1,4,4.0,2016.4333866960733,43
9365,36.4354,-96.8747,0.0,0.8,-10784042.27475114,4360698.318518952,2016,6,7,1,22,7.0,2016.4334210142724,44
9366,36.4301,-96.8308,0.0,0.89,-10779155.349105315,4359965.001728936,2016,6,7,1,49,42.0,2016.4334734580577,26
9367,36.4502,-96.8609,0.0,0.56,-10782506.065778192,4362746.336273596,2016,6,7,3,20,25.0,2016.4336459363196,41
9368,36.4371,-96.8361,0.0,0.91,-10779745.342406519,4360933.543945174,2016,6,7,3,57,52.0,2016.433717139453,28
9369,36.4354,-96.8747,0.0,1.62,-10784042.27475114,4360698.318518952,2016,6,7,4,8,28.0,2016.4337372930768,44
9370,36.4341,-96.8549,0.0,0.57,-10781838.148833433,4360518.443728243,2016,6,7,4,52,7.0,2016.4338202841789,48
9371,36.412,-96.9116,0.0,0.94,-10788149.963961411,4357461.033066466,2016,6,7,6,5,48.0,2016.433960377215,53
9372,36.4306,-96.8724,0.0,0.92,-10783786.239922315,4360034.180419227,2016,6,7,6,46,5.0,2016.4340369673232,45
9374,36.3938,-96.836,0.0,0.77,-10779734.21045744,4354943.818540041,2016,6,7,8,36,37.0,2016.4342471227217,20
9375,36.4543,-96.8664,0.0,1.49,-10783118.322977556,4363313.761654775,2016,6,7,9,21,24.0,2016.4343322686136,40
9377,36.4504,-96.8541,0.0,0.74,-10781749.0932408,4362774.014864648,2016,6,7,10,32,18.0,2016.4344670697392,43
9378,36.4251,-96.8481,0.0,0.9,-10781081.176296039,4359273.239330692,2016,6,7,14,20,20.0,2016.4349006261566,36
9379,36.4533,-96.854,0.0,1.95,-10781737.961291717,4363175.362454715,2016,6,7,15,43,30.0,2016.4350587497147,46
9380,36.4288,-96.8789,0.0,0.84,-10784509.81661247,4359785.139219427,2016,6,7,15,51,19.0,2016.435073611428,45
9381,36.3974,-96.9966,7.552,1.56,-10797612.120678838,4355441.682334235,2016,6,7,17,5,9.0,2016.435213989657,17
9382,36.4502,-96.8609,0.0,0.55,-10782506.065778192,4362746.336273596,2016,6,7,23,1,52.0,2016.4358922098004,41
9383,36.4161,-96.8667,0.0,1.41,-10783151.718824793,4358028.179263074,2016,6,8,20,24,22.0,2016.4383306081577,57
9384,36.4371,-96.8534,0.0,1.35,-10781671.169597242,4360933.543945174,2016,6,8,21,28,19.0,2016.4384521953507,48
9385,36.4161,-96.8667,0.0,1.69,-10783151.718824793,4358028.179263074,2016,6,8,22,36,59.0,2016.4385827502724,57
9387,36.3974,-96.9966,7.552,0.96,-10797612.120678838,4355441.682334235,2016,6,8,23,53,47.0,2016.4387287689813,17
9389,36.4502,-96.8609,0.0,1.17,-10782506.065778192,4362746.336273596,2016,6,9,1,47,52.0,2016.4389456739423,41
9390,36.4314,-96.8599,0.0,0.84,-10782394.746287398,4360144.867250516,2016,6,9,2,1,21.0,2016.4389713096052,48
9391,36.4533,-96.854,0.0,1.48,-10781737.961291717,4363175.362454715,2016,6,9,3,54,10.0,2016.4391858062718,46
9394,36.4161,-96.8667,0.0,0.98,-10783151.718824793,4358028.179263074,2016,6,9,5,33,37.0,2016.4393748890916,57
9396,36.4247,-96.8413,0.0,1.3,-10780324.203758644,4359217.900263378,2016,6,9,6,45,51.0,2016.4395122252643,37
9397,36.3974,-96.9966,7.552,0.55,-10797612.120678838,4355441.682334235,2016,6,9,7,4,56.0,2016.4395485081247,17
9398,36.4247,-96.8413,0.0,0.75,-10780324.203758644,4359217.900263378,2016,6,9,9,14,52.0,2016.4397955484574,37
9401,36.4504,-96.8541,0.0,1.34,-10781749.0932408,4362774.014864648,2016,6,9,10,56,31.0,2016.439988814105,43
9402,36.4366,-96.8967,0.0,1.17,-10786491.303548591,4360864.359461431,2016,6,9,13,27,25.0,2016.4402757180521,50
9403,36.4247,-96.9088,0.0,1.38,-10787838.26938719,4359217.900263378,2016,6,9,18,25,14.0,2016.4408419524932,51
9405,36.4366,-96.8967,0.0,1.35,-10786491.303548591,4360864.359461431,2016,6,9,19,22,40.0,2016.4409511496438,50
9406,36.4533,-96.854,0.0,1.24,-10781737.961291717,4363175.362454715,2016,6,9,22,45,27.0,2016.4413366986082,46
9408,36.4543,-96.8664,0.0,1.36,-10783118.322977556,4363313.761654775,2016,6,9,23,18,7.0,2016.4413988072604,40
9409,36.3938,-96.836,0.0,0.73,-10779734.21045744,4354943.818540041,2016,6,10,1,9,42.0,2016.4416109590084,20
9410,36.4366,-96.8967,0.0,1.11,-10786491.303548591,4360864.359461431,2016,6,10,1,29,18.0,2016.4416482241995,50
9411,36.4286,-96.8742,0.0,1.13,-10783986.615005743,4359757.468331449,2016,6,10,2,42,56.0,2016.4417882221715,45
9413,36.4247,-96.8413,0.0,0.74,-10780324.203758644,4359217.900263378,2016,6,10,3,11,59.0,2016.4418434545087,37
9414,36.4543,-96.8664,0.0,0.8,-10783118.322977556,4363313.761654775,2016,6,10,7,15,2.0,2016.4423055618931,40
9416,36.4185,-96.8924,0.0,1.43,-10786012.62973818,4358360.181172472,2016,6,10,8,50,3.0,2016.4424862156818,54
9417,36.4214,-96.9087,0.0,0.77,-10787827.137438111,4358761.363835499,2016,6,10,9,21,11.0,2016.44254540903,51
9419,36.4115,-96.8758,0.0,0.64,-10784164.726191012,4357391.870944072,2016,6,10,10,9,37.0,2016.442637494613,56
9421,36.4203,-96.8639,0.0,1.25,-10782840.024250573,4358609.189337653,2016,6,10,16,12,34.0,2016.4433275661013,57
9423,36.3974,-96.9966,7.552,1.25,-10797612.120678838,4355441.682334235,2016,6,10,18,41,26.0,2016.4436106041017,17
9424,36.4293,-96.9131,0.0,0.92,-10788316.9431976,4359854.316751253,2016,6,10,19,57,22.0,2016.4437549750298,58
9426,36.4404,-96.8843,0.0,1.28,-10785110.941862755,4361390.172717214,2016,6,10,21,19,58.0,2016.443912021193,61
9427,36.4371,-96.8361,0.0,1.24,-10779745.342406519,4360933.543945174,2016,6,10,21,44,56.0,2016.4439594899486,28
9430,36.4366,-96.8967,0.0,1.06,-10786491.303548591,4360864.359461431,2016,6,11,0,34,46.0,2016.4442823915633,50
9431,36.4175,-96.808,0.0,0.46,-10776617.26471523,4358221.845796738,2016,6,11,0,56,47.0,2016.4443242515274,19
9432,36.4242,-96.8356,0.0,0.65,-10779689.682661122,4359148.726830143,2016,6,11,1,13,3.0,2016.444355179101,30
9434,36.4354,-96.8747,0.0,0.99,-10784042.27475114,4360698.318518952,2016,6,11,2,35,37.0,2016.444512161888,44
9435,36.4404,-96.8843,0.0,1.29,-10785110.941862755,4361390.172717214,2016,6,11,2,59,47.0,2016.4445581096154,61
9436,36.4293,-96.9131,0.0,1.27,-10788316.9431976,4359854.316751253,2016,6,11,3,12,11.0,2016.4445816855527,58
9437,36.4161,-96.8667,0.0,1.15,-10783151.718824793,4358028.179263074,2016,6,11,6,30,55.0,2016.444959534312,57
9438,36.4115,-96.8758,0.0,0.79,-10784164.726191012,4357391.870944072,2016,6,11,10,33,45.0,2016.4454212297512,56
9439,36.3974,-96.9966,7.552,0.74,-10797612.120678838,4355441.682334235,2016,6,11,10,43,58.0,2016.4454406545492,17
9440,36.4529,-96.8512,0.0,0.8,-10781426.266717497,4363120.00327431,2016,6,11,12,11,54.0,2016.4456078409005,47
9441,36.3974,-96.9966,7.552,1.41,-10797612.120678838,4355441.682334235,2016,6,11,12,42,29.0,2016.4456659885416,17
9442,36.4314,-96.8599,0.0,0.82,-10782394.746287398,4360144.867250516,2016,6,11,14,1,44.0,2016.4458166653992,48
9444,36.4293,-96.9131,0.0,1.42,-10788316.9431976,4359854.316751253,2016,6,11,15,38,25.0,2016.4460004879966,58
9446,36.4379,-96.9044,0.0,0.78,-10787348.4636277,4361044.240046276,2016,6,11,17,8,20.0,2016.4461714452302,59
9447,36.4413,-96.8731,0.0,1.1,-10783864.16356587,4361514.7112069735,2016,6,11,17,22,16.0,2016.4461979364717,42
9448,36.4322,-96.8393,0.0,0.75,-10780101.564777058,4360255.555222543,2016,6,11,19,33,40.0,2016.446447765356,27
9449,36.4247,-96.8272,0.0,0.81,-10778754.59893846,4359217.900263378,2016,6,11,20,21,53.0,2016.446539438994,26
9450,36.4371,-96.8361,0.0,0.68,-10779745.342406519,4360933.543945174,2016,6,11,20,58,5.0,2016.4466082655208,28
9451,36.3923,-96.8972,0.0,0.51,-10786546.963293988,4354736.382097743,2016,6,11,21,9,53.0,2016.446630700687,18
9452,36.4341,-96.8549,0.0,1.27,-10781838.148833433,4360518.443728243,2016,6,11,21,34,52.0,2016.4466782011307,48
9453,36.4404,-96.8843,0.0,1.51,-10785110.941862755,4361390.172717214,2016,6,11,23,25,7.0,2016.4468878178316,61
9454,36.4404,-96.8843,0.0,1.17,-10785110.941862755,4361390.172717214,2016,6,12,0,6,23.0,2016.446966277537,61
9456,36.4543,-96.8664,0.0,0.99,-10783118.322977556,4363313.761654775,2016,6,12,3,4,4.0,2016.447304104241,40
9457,36.4617,-96.847,0.0,0.87,-10780958.724856166,4364337.971200943,2016,6,12,4,19,54.0,2016.4474482850408,24
9459,36.4404,-96.8843,0.0,1.82,-10785110.941862755,4361390.172717214,2016,6,12,6,12,49.0,2016.4476629718356,61
9460,36.412,-96.9116,0.0,0.78,-10788149.963961411,4357461.033066466,2016,6,12,7,46,30.0,2016.4478410905772,53
9464,36.3944,-96.8983,0.025,0.88,-10786669.41473386,4355026.794237775,2016,6,12,15,2,52.0,2016.4486707480924,18
9465,36.3974,-96.9966,7.552,1.3,-10797612.120678838,4355441.682334235,2016,6,12,16,50,0.0,2016.4488744391208,17
9466,36.4293,-96.9131,0.0,1.13,-10788316.9431976,4359854.316751253,2016,6,12,17,3,13.0,2016.4488995677746,58
9468,36.3974,-96.9966,7.552,1.41,-10797612.120678838,4355441.682334235,2016,6,12,17,37,25.0,2016.4489645917306,17
9470,36.4504,-96.8541,0.0,1.16,-10781749.0932408,4362774.014864648,2016,6,12,20,45,1.0,2016.449321272847,43
9471,36.4138,-96.8142,0.0,0.35,-10777307.445558146,4357710.020393209,2016,6,12,21,51,26.0,2016.449447549877,19
9472,36.4247,-96.8413,0.0,0.77,-10780324.203758644,4359217.900263378,2016,6,13,0,0,39.0,2016.4496932276218,37
9473,36.4371,-96.8534,0.0,2.0,-10781671.169597242,4360933.543945174,2016,6,13,0,44,19.0,2016.449776250412,48
9476,36.4366,-96.8967,0.0,1.03,-10786491.303548591,4360864.359461431,2016,6,13,7,49,7.0,2016.4505839163942,50
9477,36.4115,-96.8758,0.0,0.8,-10784164.726191012,4357391.870944072,2016,6,13,9,54,35.0,2016.4508224643191,56
9478,36.4366,-96.8967,0.0,0.92,-10786491.303548591,4360864.359461431,2016,6,13,11,1,3.0,2016.4509488364133,50
9479,36.4413,-96.8731,0.0,0.67,-10783864.16356587,4361514.7112069735,2016,6,13,11,17,51.0,2016.450980778006,42
9480,36.4228,-96.8463,0.0,0.88,-10780880.80121261,4358955.043586806,2016,6,13,13,22,10.0,2016.4512171394529,36
9481,36.4289,-96.8252,0.0,1.07,-10778531.959956871,4359798.974690148,2016,6,13,14,23,41.0,2016.451334100185,26
9482,36.4203,-96.8639,0.0,1.23,-10782840.024250573,4358609.189337653,2016,6,13,19,25,19.0,2016.4519075911983,57
9483,36.3544,-96.9172,12.094,0.9,-10788773.353109853,4349496.48208893,2016,6,13,21,34,12.0,2016.4521526351814,16
9484,36.412,-96.9116,0.0,0.94,-10788149.963961411,4357461.033066466,2016,6,14,1,16,58.0,2016.452576178163,53
9487,36.4195,-96.8801,0.0,0.73,-10784643.400001423,4358498.518329477,2016,6,14,4,29,1.0,2016.452941319999,55
9488,36.3991,-96.9337,0.133,0.93,-10790610.124707943,4355676.792697502,2016,6,14,5,34,24.0,2016.4530656323675,15
9489,36.3938,-96.836,0.0,1.0,-10779734.21045744,4354943.818540041,2016,6,14,14,55,39.0,2016.4541327287245,20
9490,36.4203,-96.8639,0.0,1.72,-10782840.024250573,4358609.189337653,2016,6,14,15,39,7.0,2016.4542153712575,57
9491,36.4543,-96.8664,0.0,1.57,-10783118.322977556,4363313.761654775,2016,6,14,16,48,24.0,2016.4543470986387,40
9492,36.4354,-96.8636,0.0,1.29,-10782806.628403334,4360698.318518952,2016,6,14,19,30,19.0,2016.4546549484119,48
9493,36.4321,-96.8583,0.0,0.84,-10782216.635102129,4360241.719163654,2016,6,14,22,10,7.0,2016.4549587737977,48
9494,36.4306,-96.8724,0.0,0.95,-10783786.239922315,4360034.180419227,2016,6,14,22,36,19.0,2016.4550085874719,45
9495,36.412,-96.9116,0.0,1.1,-10788149.963961411,4357461.033066466,2016,6,14,22,59,51.0,2016.4550533310519,53
9496,36.3811,-96.9901,14.642,1.07,-10796888.543988682,4353187.6498284135,2016,6,15,0,23,21.0,2016.4552120883718,17
9498,36.4289,-96.8252,0.0,0.91,-10778531.959956871,4359798.974690148,2016,6,15,7,4,10.0,2016.4559741551957,26
9499,36.4223,-96.8349,0.0,0.64,-10779611.759017568,4358885.871846195,2016,6,15,7,27,5.0,2016.4560177263163,30
9500,36.4543,-96.8664,0.0,0.98,-10783118.322977556,4363313.761654775,2016,6,15,10,18,42.0,2016.4563440185566,40
9502,36.4251,-96.8481,0.0,1.01,-10781081.176296039,4359273.239330692,2016,6,15,12,39,1.0,2016.456610800568,36
9503,36.4248,-96.9105,0.0,1.87,-10788027.512521537,4359231.735003479,2016,6,15,13,59,54.0,2016.456764582858,51
9504,36.4366,-96.8967,0.0,0.95,-10786491.303548591,4360864.359461431,2016,6,16,0,20,15.0,2016.4579440451746,50
9505,36.3777,-96.9196,0.0,1.19,-10789040.519887758,4352717.543096107,2016,6,16,0,53,13.0,2016.4580067242123,15
9506,36.4448,-96.8715,0.0,0.74,-10783686.0523806,4361999.041287867,2016,6,16,1,11,54.0,2016.4580422465588,42
9508,36.4404,-96.8843,0.0,1.13,-10785110.941862755,4361390.172717214,2016,6,16,3,23,27.0,2016.4582923606358,61
9512,36.4502,-96.8609,0.0,1.12,-10782506.065778192,4362746.336273596,2016,6,16,23,5,48.0,2016.4605403452733,41
9513,36.4226,-96.9072,0.0,1.2,-10787660.15820192,4358927.374837114,2016,6,17,3,58,1.0,2016.461095932517,51
9514,36.3995,-96.9101,0.0,1.1,-10787982.984725222,4355732.113530378,2016,6,17,8,9,18.0,2016.461573693817,49
9515,36.4247,-96.8272,0.0,0.55,-10778754.59893846,4359217.900263378,2016,6,17,8,42,30.0,2016.461636816488,26
9516,36.4223,-96.8349,0.0,0.92,-10779611.759017568,4358885.871846195,2016,6,17,14,55,24.0,2016.4623458057647,30
9517,36.3544,-96.9172,12.094,1.04,-10788773.353109853,4349496.48208893,2016,6,17,15,23,54.0,2016.462399992395,16
9519,36.4366,-96.8967,0.0,1.29,-10786491.303548591,4360864.359461431,2016,6,17,18,23,20.0,2016.4627411463482,50
9521,36.4161,-96.8782,0.0,1.0,-10784431.892968917,4358028.179263074,2016,6,17,21,57,58.0,2016.463149225543,55
9523,36.4529,-96.8512,0.0,0.87,-10781426.266717497,4363120.00327431,2016,6,17,22,30,50.0,2016.4632117144522,47
9524,36.4504,-96.8541,0.0,1.4,-10781749.0932408,4362774.014864648,2016,6,18,0,21,5.0,2016.463421331153,43
9526,36.4223,-96.8349,0.0,1.69,-10779611.759017568,4358885.871846195,2016,6,18,1,48,25.0,2016.4635873767334,30
9527,36.4288,-96.8789,0.0,0.7,-10784509.81661247,4359785.139219427,2016,6,18,1,57,3.0,2016.4636037911628,45
9528,36.3923,-96.8972,0.0,0.34,-10786546.963293988,4354736.382097743,2016,6,18,4,2,5.0,2016.4638415151976,18
9529,36.3699,-96.9643,0.0,1.54,-10794016.501126215,4351639.140589087,2016,6,18,8,46,31.0,2016.4643823041042,15
9530,36.3763,-96.9617,0.149,1.05,-10793727.070450153,4352523.975708959,2016,6,18,9,29,20.0,2016.4644637108017,15
9531,36.3777,-96.9196,0.0,0.84,-10789040.519887758,4352717.543096107,2016,6,18,10,50,14.0,2016.4646175247801,15
9532,36.4504,-96.8541,0.0,0.67,-10781749.0932408,4362774.014864648,2016,6,18,11,7,33.0,2016.4646504487034,43
9533,36.4366,-96.8967,0.0,0.96,-10786491.303548591,4360864.359461431,2016,6,18,12,20,5.0,2016.4647883552616,50
9534,36.4306,-96.8724,0.0,0.86,-10783786.239922315,4360034.180419227,2016,6,18,12,34,22.0,2016.4648155119528,45
9535,36.4288,-96.8789,0.0,0.71,-10784509.81661247,4359785.139219427,2016,6,18,13,14,39.0,2016.464892102061,45
9536,36.4175,-96.808,0.0,0.58,-10776617.26471523,4358221.845796738,2016,6,18,13,35,26.0,2016.4649316171065,19
9537,36.4543,-96.8664,0.0,1.51,-10783118.322977556,4363313.761654775,2016,6,18,14,12,7.0,2016.4650013625878,40
9538,36.4366,-96.8967,0.0,1.2,-10786491.303548591,4360864.359461431,2016,6,18,16,2,7.0,2016.4652105039675,50
9539,36.4242,-96.8356,0.0,0.77,-10779689.682661122,4359148.726830143,2016,6,18,17,10,3.0,2016.4653396646133,30
9543,36.4293,-96.9131,0.0,1.44,-10788316.9431976,4359854.316751253,2016,6,18,20,12,24.0,2016.465686363982,58
9544,36.412,-96.9116,0.0,0.93,-10788149.963961411,4357461.033066466,2016,6,18,22,55,15.0,2016.4659959882881,53
9547,36.3974,-96.9966,7.552,1.12,-10797612.120678838,4355441.682334235,2016,6,20,0,44,48.0,2016.4689421248763,17
9549,36.4306,-96.8724,0.0,0.82,-10783786.239922315,4360034.180419227,2016,6,20,2,22,43.0,2016.4691282923923,45
9550,36.4214,-96.9087,0.0,0.7,-10787827.137438111,4358761.363835499,2016,6,20,3,33,25.0,2016.4692627132608,51
9551,36.4617,-96.847,0.0,1.21,-10780958.724856166,4364337.971200943,2016,6,20,4,42,14.0,2016.4693935533753,24
9552,36.3991,-96.9337,0.133,0.97,-10790610.124707943,4355676.792697502,2016,6,20,5,21,7.0,2016.4694674816842,15
9553,36.4306,-96.8724,0.0,0.68,-10783786.239922315,4360034.180419227,2016,6,20,6,18,7.0,2016.4695758549447,45
9554,36.3995,-96.9101,0.0,0.82,-10787982.984725222,4355732.113530378,2016,6,20,8,6,14.0,2016.4697814155702,49
9555,36.4366,-96.8967,0.0,0.76,-10786491.303548591,4360864.359461431,2016,6,20,8,27,51.0,2016.46982251502,50
9557,36.4115,-96.8758,0.0,1.14,-10784164.726191012,4357391.870944072,2016,6,20,11,45,58.0,2016.47019919132,56
9558,36.3699,-96.9643,0.0,1.32,-10794016.501126215,4351639.140589087,2016,6,20,12,34,44.0,2016.4702919106649,15
9560,36.3974,-96.9966,7.552,1.09,-10797612.120678838,4355441.682334235,2016,6,20,15,54,32.0,2016.4706717874617,17
9562,36.412,-96.9116,0.0,1.42,-10788149.963961411,4357461.033066466,2016,6,20,19,37,29.0,2016.4710956790123,53
9563,36.3974,-96.9966,7.552,1.27,-10797612.120678838,4355441.682334235,2016,6,20,20,22,26.0,2016.471181141785,17
9565,36.3699,-96.9643,0.0,1.47,-10794016.501126215,4351639.140589087,2016,6,20,22,7,5.0,2016.4713801112885,15
9566,36.4223,-96.8349,0.0,0.62,-10779611.759017568,4358885.871846195,2016,6,21,0,58,55.0,2016.471706815474,30
9568,36.4226,-96.9072,0.0,0.96,-10787660.15820192,4358927.374837114,2016,6,21,7,49,13.0,2016.4724869128197,51
9569,36.4341,-96.8549,0.0,0.43,-10781838.148833433,4360518.443728243,2016,6,21,8,39,51.0,2016.4725831812304,48
9570,36.4161,-96.8782,0.0,0.93,-10784431.892968917,4358028.179263074,2016,6,21,9,4,3.0,2016.4726291923341,55
9571,36.3777,-96.9196,0.0,0.63,-10789040.519887758,4352717.543096107,2016,6,21,9,26,11.0,2016.4726712741146,15
9572,36.4289,-96.8252,0.0,0.77,-10778531.959956871,4359798.974690148,2016,6,21,9,51,15.0,2016.4727189329988,26
9573,36.3974,-96.9966,7.552,0.8,-10797612.120678838,4355441.682334235,2016,6,21,10,9,5.0,2016.4727528392527,17
9574,36.4366,-96.8967,0.0,1.21,-10786491.303548591,4360864.359461431,2016,6,21,11,43,20.0,2016.4729320353892,50
9575,36.4037,-96.9142,0.454,0.96,-10788439.394637473,4356312.999467568,2016,6,21,13,3,32.0,2016.4730845184679,49
9577,36.3974,-96.9966,7.552,1.78,-10797612.120678838,4355441.682334235,2016,6,21,18,18,41.0,2016.4736837085202,17
9578,36.4301,-96.8308,0.0,1.03,-10779155.349105315,4359965.001728936,2016,6,21,18,54,4.0,2016.4737509823308,26
9579,36.4502,-96.8609,0.0,1.38,-10782506.065778192,4362746.336273596,2016,6,21,19,29,41.0,2016.4738186997745,41
9580,36.4293,-96.9131,0.0,1.33,-10788316.9431976,4359854.316751253,2016,6,21,20,19,59.0,2016.4739143344234,58
9581,36.3915,-96.8345,0.0,1.94,-10779567.23122125,4354625.750965185,2016,6,21,21,28,50.0,2016.4740452379142,20
9583,36.4175,-96.808,0.0,1.23,-10776617.26471523,4358221.845796738,2016,6,22,1,7,14.0,2016.474460478617,19
9584,36.4371,-96.8534,0.0,1.19,-10781671.169597242,4360933.543945174,2016,6,22,4,49,20.0,2016.474882754075,48
9585,36.417,-96.8628,0.0,0.57,-10782717.572810698,4358152.678776818,2016,6,22,8,4,25.0,2016.475253663143,57
9587,36.4366,-96.8967,0.0,0.9,-10786491.303548591,4360864.359461431,2016,6,22,9,1,53.0,2016.4753629236698,50
9588,36.4366,-96.8967,0.0,0.96,-10786491.303548591,4360864.359461431,2016,6,22,9,48,20.0,2016.4754512383704,50
9589,36.4245,-96.8426,0.0,1.06,-10780468.919096677,4359190.23083663,2016,6,22,10,9,42.0,2016.475491862499,37
9591,36.4248,-96.9105,0.0,1.72,-10788027.512521537,4359231.735003479,2016,6,22,13,33,53.0,2016.475880073263,51
9592,36.4341,-96.8549,0.0,0.84,-10781838.148833433,4360518.443728243,2016,6,22,13,58,30.0,2016.4759268765686,48
9593,36.4618,-96.8404,0.0,1.11,-10780224.01621693,4364351.8125398075,2016,6,22,14,21,33.0,2016.475970701194,25
9595,36.412,-96.9116,0.0,1.17,-10788149.963961411,4357461.033066466,2016,6,22,16,34,7.0,2016.4762227482445,53
9597,36.3974,-96.9966,7.552,1.07,-10797612.120678838,4355441.682334235,2016,6,22,19,32,0.0,2016.4765609552057,17
9599,36.4366,-96.8967,0.0,1.75,-10786491.303548591,4360864.359461431,2016,6,22,20,48,20.0,2016.476706086648,50
9600,36.4341,-96.8549,0.0,0.74,-10781838.148833433,4360518.443728243,2016,6,22,22,7,46.0,2016.4768571120744,48
9602,36.3985,-96.8313,0.045,0.68,-10779211.00885071,4355593.811982057,2016,6,23,0,35,22.0,2016.47713774178,20
9603,36.3763,-96.9617,0.149,1.02,-10793727.070450153,4352523.975708959,2016,6,23,1,10,2.0,2016.4772036530028,15
9604,36.4212,-96.8336,0.0,0.61,-10779467.043679535,4358733.695584647,2016,6,23,3,5,7.0,2016.477422459249,30
9606,36.4371,-96.8361,0.0,1.29,-10779745.342406519,4360933.543945174,2016,6,23,3,38,13.0,2016.4774853917916,28
9607,36.4341,-96.8549,0.0,0.49,-10781838.148833433,4360518.443728243,2016,6,23,6,4,53.0,2016.4777642469642,48
9609,36.3985,-96.8313,0.045,0.53,-10779211.00885071,4355593.811982057,2016,6,23,7,26,17.0,2016.477919011585,20
9611,36.4529,-96.8512,0.0,0.84,-10781426.266717497,4363120.00327431,2016,6,23,10,0,28.0,2016.4782121580856,47
9612,36.4366,-96.8967,0.0,0.95,-10786491.303548591,4360864.359461431,2016,6,23,11,0,56.0,2016.478327122468,50
9613,36.4618,-96.8404,0.0,1.09,-10780224.01621693,4364351.8125398075,2016,6,23,13,12,24.0,2016.4785770781048,25
9616,36.3991,-96.9337,0.133,0.85,-10790610.124707943,4355676.792697502,2016,6,23,18,33,34.0,2016.479187707557,15
9617,36.4371,-96.8361,0.0,1.85,-10779745.342406519,4360933.543945174,2016,6,23,20,43,6.0,2016.4794339873754,28
9618,36.3777,-96.9196,0.0,0.93,-10789040.519887758,4352717.543096107,2016,6,23,21,4,6.0,2016.479473914366,15
9619,36.4226,-96.9072,0.0,1.13,-10787660.15820192,4358927.374837114,2016,6,23,23,42,58.0,2016.4797759652192,51
9620,36.3915,-96.8345,0.0,1.01,-10779567.23122125,4354625.750965185,2016,6,24,0,22,40.0,2016.4798514462443,20
9621,36.4502,-96.8609,0.0,0.81,-10782506.065778192,4362746.336273596,2016,6,24,2,20,55.0,2016.4800762732273,41
9622,36.4115,-96.8758,0.0,0.58,-10784164.726191012,4357391.870944072,2016,6,24,2,35,29.0,2016.480103968616,56
9623,36.4138,-96.8142,0.0,0.47,-10777307.445558146,4357710.020393209,2016,6,24,3,11,12.0,2016.4801718761883,19
9628,36.4543,-96.8664,0.0,0.98,-10783118.322977556,4363313.761654775,2016,6,24,10,21,12.0,2016.480989428854,40
9631,36.4366,-96.8967,0.0,0.99,-10786491.303548591,4360864.359461431,2016,6,24,18,8,52.0,2016.4818785965979,50
9632,36.3974,-96.9966,7.552,1.03,-10797612.120678838,4355441.682334235,2016,6,24,23,26,0.0,2016.482481557533,17
9633,36.3763,-96.9617,0.149,1.13,-10793727.070450153,4352523.975708959,2016,6,25,0,34,15.0,2016.4826113202525,15
9634,36.4543,-96.8664,0.0,1.62,-10783118.322977556,4363313.761654775,2016,6,25,1,7,22.0,2016.482674284483,40
9636,36.4195,-96.8801,0.0,0.73,-10784643.400001423,4358498.518329477,2016,6,25,3,50,46.0,2016.4829849544958,55
9637,36.4341,-96.8549,0.0,0.48,-10781838.148833433,4360518.443728243,2016,6,25,10,47,47.0,2016.483777822141,48
9638,36.4529,-96.8588,0.0,1.15,-10782272.294847528,4363120.00327431,2016,6,25,11,28,26.0,2016.4838551093874,41
9646,36.4379,-96.9044,0.0,0.46,-10787348.4636277,4361044.240046276,2016,6,26,1,9,17.0,2016.4854157794002,59
9651,36.3974,-96.9966,7.552,0.94,-10797612.120678838,4355441.682334235,2016,6,26,7,10,26.0,2016.4861024285751,17
9652,36.4618,-96.8404,0.0,0.96,-10780224.01621693,4364351.8125398075,2016,6,26,7,22,17.0,2016.4861249588055,25
9653,36.4288,-96.8789,0.0,0.35,-10784509.81661247,4359785.139219427,2016,6,26,8,0,1.0,2016.4861967006364,45
9654,36.3995,-96.9101,0.0,1.19,-10787982.984725222,4355732.113530378,2016,6,26,12,37,29.0,2016.4867242439223,49
9655,36.4336,-96.907,0.0,0.54,-10787637.894303761,4360449.261918631,2016,6,26,13,37,37.0,2016.486838574543,59
9656,36.4214,-96.8484,0.0,0.43,-10781114.572143275,4358761.363835499,2016,6,26,13,54,26.0,2016.4868705478236,36
9659,36.4371,-96.8361,0.0,0.62,-10779745.342406519,4360933.543945174,2016,6,26,20,7,29.0,2016.4875798222931,28
9666,36.4354,-96.8747,0.0,1.18,-10784042.27475114,4360698.318518952,2016,6,27,1,48,16.0,2016.4882277486247,44
9668,36.4242,-96.8356,0.0,0.64,-10779689.682661122,4359148.726830143,2016,6,27,3,58,59.0,2016.4884762782974,30
9669,36.4175,-96.808,0.0,0.49,-10776617.26471523,4358221.845796738,2016,6,27,6,2,6.0,2016.488710358202,19
9670,36.4533,-96.854,0.0,1.75,-10781737.961291717,4363175.362454715,2016,6,27,8,38,15.0,2016.4890072438968,46
9671,36.4248,-96.9105,0.0,1.5,-10788027.512521537,4359231.735003479,2016,6,27,8,55,44.0,2016.489040484701,51
9672,36.4293,-96.9131,0.0,0.7,-10788316.9431976,4359854.316751253,2016,6,27,9,22,6.0,2016.489090615256,58
9674,36.3906,-96.8988,0.015,0.55,-10786725.074479256,4354501.29230191,2016,6,27,10,1,54.0,2016.4891662864095,18
9676,36.4366,-96.8967,0.0,0.91,-10786491.303548591,4360864.359461431,2016,6,27,11,1,58.0,2016.4892804902781,50
9677,36.4504,-96.8541,0.0,1.27,-10781749.0932408,4362774.014864648,2016,6,27,12,59,38.0,2016.489504208178,43
9678,36.4504,-96.8541,0.0,0.93,-10781749.0932408,4362774.014864648,2016,6,27,15,23,46.0,2016.4897782467615,43
9679,36.4504,-96.8541,0.0,0.87,-10781749.0932408,4362774.014864648,2016,6,27,16,50,8.0,2016.4899424544326,43
9680,36.4342,-96.897,0.0,0.78,-10786524.69939583,4360532.280143644,2016,6,27,19,9,59.0,2016.4902083491775,50
9681,36.4248,-96.9105,0.0,1.8,-10788027.512521537,4359231.735003479,2016,6,27,21,27,24.0,2016.4904696174615,51
9682,36.4379,-96.9044,0.0,0.59,-10787348.4636277,4361044.240046276,2016,6,27,22,8,33.0,2016.4905478553503,59
9683,36.4504,-96.8541,0.0,0.81,-10781749.0932408,4362774.014864648,2016,6,28,0,14,49.0,2016.4907879243035,43
9685,36.4504,-96.8541,0.0,0.74,-10781749.0932408,4362774.014864648,2016,6,28,2,1,33.0,2016.490990854818,43
9686,36.3991,-96.9337,0.133,1.06,-10790610.124707943,4355676.792697502,2016,6,28,2,27,36.0,2016.4910403832992,15
9687,36.412,-96.9116,0.0,1.0,-10788149.963961411,4357461.033066466,2016,6,28,5,49,59.0,2016.4914251717494,53
9688,36.4288,-96.8789,0.0,0.65,-10784509.81661247,4359785.139219427,2016,6,28,8,8,11.0,2016.4916879293735,45
9690,36.4214,-96.9087,0.0,0.64,-10787827.137438111,4358761.363835499,2016,6,28,9,6,29.0,2016.4917987743047,51
9691,36.4226,-96.9072,0.0,0.8,-10787660.15820192,4358927.374837114,2016,6,28,9,29,5.0,2016.4918417433519,51
9692,36.3974,-96.9966,7.552,1.24,-10797612.120678838,4355441.682334235,2016,6,28,9,52,19.0,2016.4918859165462,17
9693,36.3915,-96.8345,0.0,0.97,-10779567.23122125,4354625.750965185,2016,6,28,11,17,46.0,2016.4920483813726,20
9695,36.4216,-96.86,10.64,0.82,-10782405.878236478,4358789.032157611,2016,6,28,13,15,20.0,2016.492271909144,57
9696,36.4248,-96.9105,0.0,1.87,-10788027.512521537,4359231.735003479,2016,6,28,13,27,40.0,2016.4922953583289,51
9700,36.4618,-96.8404,0.0,1.36,-10780224.01621693,4364351.8125398075,2016,6,28,18,7,31.0,2016.4928274330114,25
9701,36.4233,-96.8615,0.0,1.09,-10782572.85747267,4359024.215772828,2016,6,28,20,34,1.0,2016.4931059713033,57
9703,36.4354,-96.8636,0.0,1.58,-10782806.628403334,4360698.318518952,2016,6,28,22,25,4.0,2016.4933171090324,48
9706,36.4354,-96.8747,0.0,0.81,-10784042.27475114,4360698.318518952,2016,6,29,1,9,9.0,2016.4936290782568,44
9707,36.3995,-96.9101,0.0,0.83,-10787982.984725222,4355732.113530378,2016,6,29,3,49,40.0,2016.4939342662306,49
9711,36.4308,-96.8922,0.0,1.35,-10785990.365840022,4360061.852020108,2016,6,29,10,7,54.0,2016.4946533956954,50
9714,36.4247,-96.8413,0.0,0.99,-10780324.203758644,4359217.900263378,2016,6,29,14,38,54.0,2016.4951686440033,37
9715,36.4371,-96.8361,0.0,1.02,-10779745.342406519,4360933.543945174,2016,6,29,14,49,27.0,2016.495188702563,28
9716,36.4203,-96.8639,0.0,1.54,-10782840.024250573,4358609.189337653,2016,6,29,18,35,53.0,2016.495619216924,57
9718,36.417,-96.8628,0.0,1.03,-10782717.572810698,4358152.678776818,2016,6,29,20,48,8.0,2016.4958706619009,57
9719,36.4115,-96.8758,0.0,0.99,-10784164.726191012,4357391.870944072,2016,6,29,21,58,40.0,2016.4960047658883,56
9721,36.3777,-96.9196,0.0,0.92,-10789040.519887758,4352717.543096107,2016,6,30,3,19,2.0,2016.4966138743123,15
9722,36.4354,-96.8747,0.0,0.74,-10784042.27475114,4360698.318518952,2016,6,30,4,0,9.0,2016.496692048825,44
9723,36.4354,-96.8636,0.0,1.26,-10782806.628403334,4360698.318518952,2016,6,30,7,48,32.0,2016.4971262706924,48
9724,36.4529,-96.8512,0.0,0.91,-10781426.266717497,4363120.00327431,2016,6,30,9,1,23.0,2016.4972647793243,47
9726,36.4286,-96.8742,0.0,1.32,-10783986.615005743,4359757.468331449,2016,6,30,13,27,31.0,2016.4977707747103,45
9727,36.4354,-96.8636,0.0,1.41,-10782806.628403334,4360698.318518952,2016,6,30,14,27,11.0,2016.4978842180647,48
9729,36.4617,-96.847,0.0,1.73,-10780958.724856166,4364337.971200943,2016,6,30,21,53,25.0,2016.4987326349278,24
9733,36.4247,-96.8413,0.0,1.55,-10780324.203758644,4359217.900263378,2016,7,1,13,10,22.0,2016.5004760184552,37
9736,36.417,-96.8628,0.0,1.09,-10782717.572810698,4358152.678776818,2016,7,1,21,43,12.0,2016.5014510609171,57
9738,36.4223,-96.8349,0.0,0.68,-10779611.759017568,4358885.871846195,2016,7,1,22,44,40.0,2016.501567926585,30
9739,36.417,-96.8628,0.0,0.82,-10782717.572810698,4358152.678776818,2016,7,1,23,18,37.0,2016.5016324752198,57
9741,36.4322,-96.8393,0.0,0.93,-10780101.564777058,4360255.555222543,2016,7,1,23,55,48.0,2016.501703171344,27
9743,36.3974,-96.9966,7.552,1.11,-10797612.120678838,4355441.682334235,2016,7,3,3,3,55.0,2016.5047986855782,17
9744,36.3811,-96.9901,14.642,0.79,-10796888.543988682,4353187.6498284135,2016,7,3,3,49,21.0,2016.5048850673054,17
9745,36.4322,-96.8393,0.0,0.6,-10780101.564777058,4360255.555222543,2016,7,3,4,48,31.0,2016.5049975600173,27
9746,36.4543,-96.8664,0.0,1.39,-10783118.322977556,4363313.761654775,2016,7,3,5,20,40.0,2016.5050586863385,40
9747,36.3835,-96.9274,0.0,0.91,-10789908.811915945,4353519.502249293,2016,7,3,9,45,19.0,2016.505561861485,15
9748,36.3985,-96.8313,0.045,0.7,-10779211.00885071,4355593.811982057,2016,7,3,12,7,6.0,2016.5058314320481,20
9749,36.4404,-96.8843,0.0,1.2,-10785110.941862755,4361390.172717214,2016,7,3,13,26,35.0,2016.5059825525389,61
9750,36.4413,-96.8731,0.0,0.56,-10783864.16356587,4361514.7112069735,2016,7,3,15,55,0.0,2016.5062647349607,42
9752,36.4288,-96.8789,0.0,0.73,-10784509.81661247,4359785.139219427,2016,7,3,17,11,10.0,2016.5064095495222,45
9753,36.4354,-96.8636,0.0,1.11,-10782806.628403334,4360698.318518952,2016,7,3,17,26,51.0,2016.5064393680127,48
9756,36.4379,-96.9044,0.0,0.68,-10787348.4636277,4361044.240046276,2016,7,3,23,1,36.0,2016.5070758232566,59
9759,36.4115,-96.8758,0.0,0.92,-10784164.726191012,4357391.870944072,2016,7,4,1,57,2.0,2016.5074093720689,56
9760,36.4366,-96.8967,0.0,1.41,-10786491.303548591,4360864.359461431,2016,7,4,4,6,45.0,2016.5076560004563,50
9762,36.3915,-96.8345,0.0,0.73,-10779567.23122125,4354625.750965185,2016,7,4,6,56,21.0,2016.507978458438,20
9763,36.4293,-96.9131,0.0,0.52,-10788316.9431976,4359854.316751253,2016,7,4,8,58,59.0,2016.508211619388,58
9764,36.4618,-96.8404,0.0,0.64,-10780224.01621693,4364351.8125398075,2016,7,4,9,5,41.0,2016.5082243579993,25
9766,36.4404,-96.8843,0.0,1.37,-10785110.941862755,4361390.172717214,2016,7,4,10,7,42.0,2016.508342269374,61
9767,36.4371,-96.8534,0.0,1.13,-10781671.169597242,4360933.543945174,2016,7,4,10,51,10.0,2016.508424911907,48
9768,36.3923,-96.8972,0.0,0.35,-10786546.963293988,4354736.382097743,2016,7,4,11,1,54.0,2016.5084453190357,18
9769,36.4448,-96.8715,0.0,0.55,-10783686.0523806,4361999.041287867,2016,7,4,11,15,34.0,2016.5084713032677,42
9770,36.4248,-96.9105,0.0,1.62,-10788027.512521537,4359231.735003479,2016,7,4,14,57,39.0,2016.5088935470378,51
9773,36.4301,-96.8308,0.0,1.48,-10779155.349105315,4359965.001728936,2016,7,4,20,33,55.0,2016.5095328858974,26
9776,36.4293,-96.9131,0.0,0.61,-10788316.9431976,4359854.316751253,2016,7,5,9,40,57.0,2016.5110292607803,58
9777,36.4214,-96.8438,0.0,0.65,-10780602.502485627,4358761.363835499,2016,7,5,10,24,27.0,2016.5111119666894,36
9780,36.4502,-96.8609,0.0,1.03,-10782506.065778192,4362746.336273596,2016,7,5,16,36,36.0,2016.5118195300022,41
9781,36.4251,-96.8481,0.0,0.9,-10781081.176296039,4359273.239330692,2016,7,5,20,11,14.0,2016.5122276091972,36
9782,36.417,-96.8628,0.0,0.93,-10782717.572810698,4358152.678776818,2016,7,6,0,44,23.0,2016.5127469452684,57
9783,36.4228,-96.8463,0.0,0.93,-10780880.80121261,4358955.043586806,2016,7,6,1,56,59.0,2016.5128849785788,36
9788,36.3974,-96.9966,7.552,1.39,-10797612.120678838,4355441.682334235,2016,7,6,17,51,4.0,2016.5146989631658,17
9789,36.4354,-96.8636,0.0,1.25,-10782806.628403334,4360698.318518952,2016,7,6,18,44,11.0,2016.5147999531016,48
9790,36.4115,-96.8758,0.0,0.85,-10784164.726191012,4357391.870944072,2016,7,6,18,53,30.0,2016.5148176667428,56
9792,36.4228,-96.8463,0.0,0.85,-10780880.80121261,4358955.043586806,2016,7,6,22,21,2.0,2016.515212246812,36
9794,36.4543,-96.8664,0.0,1.42,-10783118.322977556,4363313.761654775,2016,7,7,1,18,39.0,2016.515549946764,40
9795,36.3974,-96.9966,7.552,0.67,-10797612.120678838,4355441.682334235,2016,7,7,4,8,45.0,2016.5158733553883,17
9796,36.4529,-96.8588,0.0,0.94,-10782272.294847528,4363120.00327431,2016,7,7,4,39,5.0,2016.5159310277081,41
9799,36.3985,-96.8313,0.045,0.93,-10779211.00885071,4355593.811982057,2016,7,7,7,5,5.0,2016.5162086153573,20
9800,36.4618,-96.8404,0.0,0.84,-10780224.01621693,4364351.8125398075,2016,7,7,7,17,57.0,2016.516233078561,25
9803,36.3906,-96.8988,0.015,0.63,-10786725.074479256,4354501.29230191,2016,7,7,8,0,13.0,2016.5163134395518,18
9805,36.4618,-96.8404,0.0,1.4,-10780224.01621693,4364351.8125398075,2016,7,7,9,21,24.0,2016.5164677922276,25
9806,36.4618,-96.8404,0.0,0.93,-10780224.01621693,4364351.8125398075,2016,7,7,9,44,6.0,2016.5165109514032,25
9807,36.4354,-96.8747,0.0,1.06,-10784042.27475114,4360698.318518952,2016,7,7,10,52,39.0,2016.5166412845083,44
9808,36.4404,-96.8843,0.0,1.27,-10785110.941862755,4361390.172717214,2016,7,7,11,2,47.0,2016.5166605508657,61
9809,36.3974,-96.9966,7.552,1.34,-10797612.120678838,4355441.682334235,2016,7,7,11,28,59.0,2016.5167103645397,17
9813,36.4504,-96.8541,0.0,0.73,-10781749.0932408,4362774.014864648,2016,7,7,17,21,58.0,2016.5173814865516,43
9814,36.4203,-96.8639,0.0,1.21,-10782840.024250573,4358609.189337653,2016,7,7,19,37,1.0,2016.5176382551272,57
9815,36.4341,-96.8549,0.0,0.77,-10781838.148833433,4360518.443728243,2016,7,7,20,48,8.0,2016.517773468198,48
9816,36.4175,-96.808,0.0,0.43,-10776617.26471523,4358221.845796738,2016,7,8,2,17,30.0,2016.5183996881892,19
9817,36.4529,-96.8588,0.0,0.9,-10782272.294847528,4363120.00327431,2016,7,8,2,44,28.0,2016.5184509595153,41
9818,36.4354,-96.8747,0.0,0.74,-10784042.27475114,4360698.318518952,2016,7,8,4,55,3.0,2016.5186992356832,44
9819,36.4293,-96.9131,0.0,0.72,-10788316.9431976,4359854.316751253,2016,7,8,5,33,25.0,2016.5187721816615,58
9820,36.3985,-96.8313,0.045,0.45,-10779211.00885071,4355593.811982057,2016,7,8,6,10,21.0,2016.518842402464,20
9821,36.3944,-96.8983,0.025,0.8,-10786669.41473386,4355026.794237775,2016,7,8,6,23,51.0,2016.5188680698152,18
9822,36.4379,-96.9044,0.0,0.84,-10787348.4636277,4361044.240046276,2016,7,8,7,28,56.0,2016.518991811798,59
9823,36.4618,-96.8404,0.0,1.17,-10780224.01621693,4364351.8125398075,2016,7,8,7,55,11.0,2016.5190417205365,25
9824,36.412,-96.9116,0.0,1.87,-10788149.963961411,4357461.033066466,2016,7,8,8,12,8.0,2016.5190739473217,53
9825,36.4251,-96.8481,0.0,0.95,-10781081.176296039,4359273.239330692,2016,7,8,10,26,43.0,2016.5193298286308,36
9826,36.3763,-96.9617,0.149,1.16,-10793727.070450153,4352523.975708959,2016,7,8,11,48,42.0,2016.5194857023348,15
9827,36.4185,-96.8924,0.0,0.86,-10786012.62973818,4358360.181172472,2016,7,8,12,58,48.0,2016.5196189824321,54
9828,36.417,-96.8628,0.0,1.11,-10782717.572810698,4358152.678776818,2016,7,8,13,54,40.0,2016.5197252009025,57
9829,36.4533,-96.854,0.0,1.4,-10781737.961291717,4363175.362454715,2016,7,8,14,17,50.0,2016.5197692473446,46
9830,36.4504,-96.8541,0.0,0.89,-10781749.0932408,4362774.014864648,2016,7,8,14,46,32.0,2016.5198238142318,43
9831,36.4366,-96.8967,0.0,1.09,-10786491.303548591,4360864.359461431,2016,7,8,16,26,28.0,2016.5200138160062,50
9832,36.4543,-96.8664,0.0,1.24,-10783118.322977556,4363313.761654775,2016,7,8,18,58,29.0,2016.5203028430553,40
9833,36.3995,-96.9101,0.0,1.1,-10787982.984725222,4355732.113530378,2016,7,8,19,21,43.0,2016.5203470162496,49
9834,36.4103,-96.8848,0.0,1.26,-10785166.601608152,4357225.883666574,2016,7,8,19,32,31.0,2016.5203675501305,54
9835,36.3995,-96.9101,0.0,0.87,-10787982.984725222,4355732.113530378,2016,7,8,20,17,7.0,2016.5204523474536,49
9837,36.4103,-96.8848,0.0,1.08,-10785166.601608152,4357225.883666574,2016,7,8,22,6,2.0,2016.5206594291074,54
9838,36.3915,-96.8345,0.0,1.56,-10779567.23122125,4354625.750965185,2016,7,9,1,11,30.0,2016.5210120541485,20
9839,36.3995,-96.9101,0.0,0.91,-10787982.984725222,4355732.113530378,2016,7,9,6,5,52.0,2016.5215717291555,49
9840,36.4529,-96.8512,0.0,1.5,-10781426.266717497,4363120.00327431,2016,7,9,7,45,7.0,2016.5217604317186,47
9841,36.4502,-96.8609,0.0,0.46,-10782506.065778192,4362746.336273596,2016,7,9,11,4,49.0,2016.5221401183867,41
9842,36.4138,-96.8142,0.0,0.44,-10777307.445558146,4357710.020393209,2016,7,9,12,35,13.0,2016.522311994575,19
9843,36.4366,-96.8967,0.0,1.2,-10786491.303548591,4360864.359461431,2016,7,9,13,14,54.0,2016.522387443912,50
9845,36.3915,-96.8345,0.0,1.14,-10779567.23122125,4354625.750965185,2016,7,9,16,12,9.0,2016.522724446726,20
9846,36.3995,-96.9101,0.0,0.99,-10787982.984725222,4355732.113530378,2016,7,9,18,42,17.0,2016.523009893021,49
9847,36.4341,-96.8549,0.0,0.81,-10781838.148833433,4360518.443728243,2016,7,9,18,55,28.0,2016.5230349582985,48
9848,36.4226,-96.9072,0.0,0.79,-10787660.15820192,4358927.374837114,2016,7,9,19,39,10.0,2016.5231180444648,51
9849,36.4413,-96.8731,0.0,0.57,-10783864.16356587,4361514.7112069735,2016,7,9,20,34,22.0,2016.5232229954115,42
9850,36.4379,-96.9044,0.0,0.59,-10787348.4636277,4361044.240046276,2016,7,9,21,54,25.0,2016.5233751932974,59
9855,36.3699,-96.9643,0.0,0.89,-10794016.501126215,4351639.140589087,2016,7,10,9,58,36.0,2016.524752072401,15
9856,36.4214,-96.9087,0.0,0.77,-10787827.137438111,4358761.363835499,2016,7,10,11,56,52.0,2016.5249769310722,51
9857,36.4502,-96.8609,0.0,1.31,-10782506.065778192,4362746.336273596,2016,7,10,13,17,0.0,2016.5251292873984,41
9858,36.4543,-96.8664,0.0,0.91,-10783118.322977556,4363313.761654775,2016,7,10,13,44,55.0,2016.5251823649453,40
9859,36.4223,-96.8349,0.0,0.64,-10779611.759017568,4358885.871846195,2016,7,10,14,36,35.0,2016.5252805980176,30
9860,36.4617,-96.847,0.0,1.19,-10780958.724856166,4364337.971200943,2016,7,10,17,45,41.0,2016.525640131062,24
9861,36.4502,-96.8609,0.0,1.14,-10782506.065778192,4362746.336273596,2016,7,10,18,42,10.0,2016.5257475219914,41
9862,36.3699,-96.9643,0.0,1.12,-10794016.501126215,4351639.140589087,2016,7,10,19,10,56.0,2016.525802215631,15
9863,36.3777,-96.9196,0.0,0.79,-10789040.519887758,4352717.543096107,2016,7,11,1,38,6.0,2016.526538329911,15
9864,36.4161,-96.8782,0.0,0.8,-10784431.892968917,4358028.179263074,2016,7,11,3,7,55.0,2016.5267090970162,55
9865,36.4216,-96.86,10.64,1.57,-10782405.878236478,4358789.032157611,2016,7,11,5,55,55.0,2016.5270285129413,57
9866,36.3835,-96.9274,0.0,0.94,-10789908.811915945,4353519.502249293,2016,7,11,8,11,41.0,2016.5272866441048,15
9867,36.3991,-96.9337,0.133,0.61,-10790610.124707943,4355676.792697502,2016,7,11,9,14,41.0,2016.5274064250766,15
9868,36.4618,-96.8404,0.0,0.77,-10780224.01621693,4364351.8125398075,2016,7,11,10,6,39.0,2016.5275052285344,25
9869,36.3974,-96.9966,7.552,1.41,-10797612.120678838,4355441.682334235,2016,7,11,11,1,5.0,2016.5276087218292,17
9870,36.4504,-96.8541,0.0,0.73,-10781749.0932408,4362774.014864648,2016,7,11,11,56,40.0,2016.5277144016022,43
9872,36.4322,-96.8393,0.0,1.14,-10780101.564777058,4360255.555222543,2016,7,11,13,9,41.0,2016.527853227115,27
9876,36.4293,-96.9131,0.0,0.84,-10788316.9431976,4359854.316751253,2016,7,11,18,33,3.0,2016.5284680393947,58
9880,36.3699,-96.9643,0.0,1.03,-10794016.501126215,4351639.140589087,2016,7,12,3,29,21.0,2016.5294876986843,15
9881,36.4226,-96.9072,0.0,0.78,-10787660.15820192,4358927.374837114,2016,7,12,5,18,23.0,2016.5296950021548,51
9882,36.3906,-96.8988,0.015,0.58,-10786725.074479256,4354501.29230191,2016,7,12,7,21,40.0,2016.5299293989403,18
9883,36.4214,-96.9087,0.0,0.65,-10787827.137438111,4358761.363835499,2016,7,12,7,46,26.0,2016.529976487439,51
9884,36.3974,-96.9966,7.552,0.6,-10797612.120678838,4355441.682334235,2016,7,12,8,44,30.0,2016.5300868887368,17
9886,36.4226,-96.9072,0.0,0.82,-10787660.15820192,4358927.374837114,2016,7,12,11,3,47.0,2016.5303517060865,51
9887,36.4162,-96.8808,10.896,0.84,-10784721.323644977,4358042.012471137,2016,7,12,12,40,48.0,2016.5305361624457,55
9889,36.4502,-96.8609,0.0,1.12,-10782506.065778192,4362746.336273596,2016,7,12,18,50,15.0,2016.5312385922884,41
9892,36.4618,-96.8404,0.0,0.98,-10780224.01621693,4364351.8125398075,2016,7,12,23,26,4.0,2016.5317629984536,25
9893,36.4247,-96.9088,0.0,0.89,-10787838.26938719,4359217.900263378,2016,7,13,0,10,29.0,2016.5318474472076,51
9895,36.4322,-96.8393,0.0,0.64,-10780101.564777058,4360255.555222543,2016,7,13,3,27,7.0,2016.5322213032678,27
9896,36.3777,-96.9196,0.0,0.67,-10789040.519887758,4352717.543096107,2016,7,13,5,46,31.0,2016.5324863424341,15
9899,36.4342,-96.897,0.0,0.49,-10786524.69939583,4360532.280143644,2016,7,13,7,45,31.0,2016.532712595381,50
9900,36.4247,-96.8272,0.0,0.83,-10778754.59893846,4359217.900263378,2016,7,13,8,0,57.0,2016.5327419385505,26
9901,36.4251,-96.8481,0.0,0.6,-10781081.176296039,4359273.239330692,2016,7,13,8,21,34.0,2016.5327811367151,36
9902,36.4293,-96.9131,0.0,0.71,-10788316.9431976,4359854.316751253,2016,7,13,10,3,13.0,2016.5329744023627,58
9904,36.3991,-96.9337,0.133,0.85,-10790610.124707943,4355676.792697502,2016,7,13,11,6,33.0,2016.5330948170963,15
9906,36.4228,-96.8463,0.0,1.04,-10780880.80121261,4358955.043586806,2016,7,13,16,1,37.0,2016.533655823003,36
9907,36.4342,-96.897,0.0,0.86,-10786524.69939583,4360532.280143644,2016,7,13,17,21,32.0,2016.5338077673841,50
9908,36.4543,-96.8664,0.0,1.55,-10783118.322977556,4363313.761654775,2016,7,13,19,16,53.0,2016.5340270806398,40
9909,36.4502,-96.8609,0.0,1.14,-10782506.065778192,4362746.336273596,2016,7,13,21,21,4.0,2016.5342631885821,41
9910,36.4203,-96.8639,0.0,1.17,-10782840.024250573,4358609.189337653,2016,7,13,22,3,13.0,2016.5343433277562,57
9911,36.4289,-96.8252,0.0,0.87,-10778531.959956871,4359798.974690148,2016,7,13,22,59,0.0,2016.5344493877863,26
9912,36.3923,-96.8972,0.0,0.56,-10786546.963293988,4354736.382097743,2016,7,13,23,25,32.0,2016.534499835222,18
9916,36.4404,-96.8843,0.0,1.22,-10785110.941862755,4361390.172717214,2016,7,14,3,55,31.0,2016.5350131505566,61
9918,36.4413,-96.8731,0.0,0.89,-10783864.16356587,4361514.7112069735,2016,7,14,9,8,54.0,2016.5356089816717,42
9920,36.4502,-96.8609,0.0,1.28,-10782506.065778192,4362746.336273596,2016,7,14,11,2,18.0,2016.535824587421,41
9921,36.3974,-96.9966,7.552,1.15,-10797612.120678838,4355441.682334235,2016,7,14,11,20,51.0,2016.5358598562627,17
9922,36.4306,-96.8724,0.0,0.87,-10783786.239922315,4360034.180419227,2016,7,14,13,11,11.0,2016.5360696314042,45
9923,36.4618,-96.8404,0.0,1.33,-10780224.01621693,4364351.8125398075,2016,7,14,14,10,25.0,2016.5361822508683,25
9924,36.4504,-96.8541,0.0,0.88,-10781749.0932408,4362774.014864648,2016,7,14,14,22,22.0,2016.536204971227,43
9927,36.4308,-96.8922,0.0,0.87,-10785990.365840022,4360061.852020108,2016,7,14,20,35,17.0,2016.536913992192,50
9928,36.4115,-96.8758,0.0,0.81,-10784164.726191012,4357391.870944072,2016,7,14,22,41,9.0,2016.5371533006312,56
9929,36.4371,-96.8361,0.0,0.84,-10779745.342406519,4360933.543945174,2016,7,15,1,0,55.0,2016.5374190369357,28
9930,36.4413,-96.8731,0.0,0.45,-10783864.16356587,4361514.7112069735,2016,7,15,1,36,41.0,2016.5374870395722,42
9931,36.3777,-96.9196,0.0,0.64,-10789040.519887758,4352717.543096107,2016,7,15,3,25,47.0,2016.5376944697948,15
9932,36.4502,-96.8609,0.0,0.62,-10782506.065778192,4362746.336273596,2016,7,15,3,57,35.0,2016.5377549306666,41
9935,36.4203,-96.8639,0.0,0.98,-10782840.024250573,4358609.189337653,2016,7,15,8,42,28.0,2016.5382965751514,57
9936,36.4533,-96.854,0.0,1.27,-10781737.961291717,4363175.362454715,2016,7,15,9,19,52.0,2016.5383676832205,46
9938,36.4341,-96.8549,0.0,0.53,-10781838.148833433,4360518.443728243,2016,7,15,9,54,46.0,2016.5384340380765,48
9939,36.3915,-96.8345,0.0,0.85,-10779567.23122125,4354625.750965185,2016,7,15,12,26,22.0,2016.5387222729232,20
9940,36.3995,-96.9101,0.0,0.93,-10787982.984725222,4355732.113530378,2016,7,15,13,11,51.0,2016.538808749715,49
9941,36.4502,-96.8609,0.0,1.19,-10782506.065778192,4362746.336273596,2016,7,15,13,32,46.0,2016.538848518265,41
9943,36.3699,-96.9643,0.0,1.22,-10794016.501126215,4351639.140589087,2016,7,15,21,40,1.0,2016.5397749195122,15
9944,36.3995,-96.9101,0.0,0.85,-10787982.984725222,4355732.113530378,2016,7,16,0,31,45.0,2016.5401014335691,49
9946,36.4533,-96.854,0.0,1.45,-10781737.961291717,4363175.362454715,2016,7,16,3,6,1.0,2016.5403947385098,46
9948,36.4175,-96.808,0.0,0.74,-10776617.26471523,4358221.845796738,2016,7,16,8,30,18.0,2016.5410112936345,19
9951,36.4214,-96.8484,0.0,0.57,-10781114.572143275,4358761.363835499,2016,7,16,13,4,39.0,2016.541532911248,36
9953,36.4366,-96.8967,0.0,1.31,-10786491.303548591,4360864.359461431,2016,7,16,14,45,31.0,2016.5417246875554,50
9954,36.4354,-96.8747,0.0,0.94,-10784042.27475114,4360698.318518952,2016,7,16,15,55,24.0,2016.5418575557076,44
9955,36.4617,-96.847,0.0,1.42,-10780958.724856166,4364337.971200943,2016,7,16,16,17,29.0,2016.541899542424,24
9956,36.3777,-96.9196,0.0,0.92,-10789040.519887758,4352717.543096107,2016,7,16,16,31,15.0,2016.5419257167846,15
9957,36.4233,-96.8615,0.0,0.84,-10782572.85747267,4359024.215772828,2016,7,16,18,39,55.0,2016.5421703488225,57
9958,36.3915,-96.8345,0.0,0.99,-10779567.23122125,4354625.750965185,2016,7,16,20,44,20.0,2016.542406900398,20
9959,36.4618,-96.8404,0.0,0.98,-10780224.01621693,4364351.8125398075,2016,7,16,23,49,49.0,2016.5427595571273,25
9962,36.4502,-96.8609,0.0,0.98,-10782506.065778192,4362746.336273596,2016,7,17,3,54,19.0,2016.5432244213755,41
9963,36.3985,-96.8313,0.045,0.47,-10779211.00885071,4355593.811982057,2016,7,17,4,12,37.0,2016.543259214896,20
9964,36.4504,-96.8541,0.0,0.6,-10781749.0932408,4362774.014864648,2016,7,17,13,15,31.0,2016.5442914226685,43
9965,36.4543,-96.8664,0.0,0.89,-10783118.322977556,4363313.761654775,2016,7,17,13,44,26.0,2016.5443464015007,40
9966,36.4161,-96.8782,0.0,0.88,-10784431.892968917,4358028.179263074,2016,7,17,14,33,57.0,2016.5444405468097,55
9970,36.4115,-96.8758,0.0,1.18,-10784164.726191012,4357391.870944072,2016,7,17,18,26,33.0,2016.544882785763,56
9971,36.4214,-96.9087,0.0,0.68,-10787827.137438111,4358761.363835499,2016,7,19,1,24,8.0,2016.5484145815906,51
9972,36.4404,-96.8843,0.0,1.21,-10785110.941862755,4361390.172717214,2016,7,19,4,32,56.0,2016.5487735442493,61
9973,36.4371,-96.8361,0.0,0.71,-10779745.342406519,4360933.543945174,2016,7,19,4,48,28.0,2016.548803077547,28
9976,36.4228,-96.8463,0.0,0.76,-10780880.80121261,4358955.043586806,2016,7,19,7,57,44.0,2016.5491629274723,36
9977,36.4371,-96.8361,0.0,0.57,-10779745.342406519,4360933.543945174,2016,7,19,9,47,7.0,2016.5493708963927,28
9978,36.3835,-96.9274,0.0,1.3,-10789908.811915945,4353519.502249293,2016,7,19,15,44,12.0,2016.5500498136741,15
9979,36.4301,-96.8308,0.0,1.4,-10779155.349105315,4359965.001728936,2016,7,19,18,52,16.0,2016.5504073820568,26
9980,36.4214,-96.9087,0.0,0.83,-10787827.137438111,4358761.363835499,2016,7,19,19,17,36.0,2016.5504555479504,51
9981,36.4175,-96.808,0.0,0.55,-10776617.26471523,4358221.845796738,2016,7,19,19,39,55.0,2016.5504979783,19
9982,36.3811,-96.9901,14.642,0.9,-10796888.543988682,4353187.6498284135,2016,7,19,20,46,18.0,2016.5506241919538,17
9983,36.3991,-96.9337,0.133,1.41,-10790610.124707943,4355676.792697502,2016,7,19,23,25,25.0,2016.550926718128,15
9984,36.4247,-96.8413,0.0,0.69,-10780324.203758644,4359217.900263378,2016,7,19,23,43,6.0,2016.5509603391893,37
9985,36.4214,-96.9087,0.0,0.68,-10787827.137438111,4358761.363835499,2016,7,20,0,48,54.0,2016.55108544376,51
9986,36.3995,-96.9101,0.0,1.59,-10787982.984725222,4355732.113530378,2016,7,20,1,30,33.0,2016.5511646322914,49
9987,36.3991,-96.9337,0.133,1.4,-10790610.124707943,4355676.792697502,2016,7,20,3,3,27.0,2016.5513412616929,15
9988,36.4161,-96.8667,0.0,1.17,-10783151.718824793,4358028.179263074,2016,7,20,4,24,53.0,2016.5514960896899,57
9989,36.4543,-96.8664,0.0,0.91,-10783118.322977556,4363313.761654775,2016,7,20,4,50,50.0,2016.5515454280428,40
9992,36.4533,-96.854,0.0,0.99,-10781737.961291717,4363175.362454715,2016,7,20,6,40,25.0,2016.55175377722,46
9993,36.4529,-96.8512,0.0,0.79,-10781426.266717497,4363120.00327431,2016,7,20,9,8,29.0,2016.5520352941921,47
9995,36.4248,-96.9105,0.0,1.8,-10788027.512521537,4359231.735003479,2016,7,20,12,56,23.0,2016.552468597105,51
9996,36.3938,-96.836,0.0,1.18,-10779734.21045744,4354943.818540041,2016,7,20,16,40,1.0,2016.5528937878673,20
9997,36.3995,-96.9101,0.0,2.51,-10787982.984725222,4355732.113530378,2016,7,20,19,28,2.0,2016.5532132354806,49
9998,36.4404,-96.8843,0.0,1.27,-10785110.941862755,4361390.172717214,2016,7,20,22,41,31.0,2016.553581102492,61
9999,36.3944,-96.8983,0.025,0.88,-10786669.41473386,4355026.794237775,2016,7,20,23,41,2.0,2016.5536942606536,18
10000,36.3991,-96.9337,0.133,1.0,-10790610.124707943,4355676.792697502,2016,7,21,7,16,50.0,2016.554560866479,15
10001,36.4161,-96.8782,0.0,0.78,-10784431.892968917,4358028.179263074,2016,7,21,8,45,21.0,2016.5547291619134,55
10002,36.4529,-96.8512,0.0,0.91,-10781426.266717497,4363120.00327431,2016,7,21,10,0,47.0,2016.5548725821989,47
10004,36.4248,-96.9105,0.0,1.72,-10788027.512521537,4359231.735003479,2016,7,21,12,23,7.0,2016.5551431984688,51
10005,36.4336,-96.907,0.0,0.62,-10787637.894303761,4360449.261918631,2016,7,21,13,19,20.0,2016.555250082389,59
10006,36.3974,-96.9966,7.552,1.28,-10797612.120678838,4355441.682334235,2016,7,21,18,52,13.0,2016.555882988567,17
10009,36.4301,-96.8308,0.0,1.21,-10779155.349105315,4359965.001728936,2016,7,22,3,8,49.0,2016.5568271668315,26
10010,36.4413,-96.8731,0.0,0.5,-10783864.16356587,4361514.7112069735,2016,7,22,5,21,11.0,2016.557078833625,42
10011,36.4247,-96.8413,0.0,1.5,-10780324.203758644,4359217.900263378,2016,7,22,6,19,20.0,2016.5571893933632,37
10012,36.3974,-96.9966,7.552,0.85,-10797612.120678838,4355441.682334235,2016,7,22,9,32,54.0,2016.5575574188151,17
10013,36.4212,-96.8336,0.0,0.84,-10779467.043679535,4358733.695584647,2016,7,22,12,33,9.0,2016.5579001254848,30
10016,36.4247,-96.8413,0.0,0.56,-10780324.203758644,4359217.900263378,2016,7,23,10,34,37.0,2016.5604126105914,37
10017,36.4379,-96.9044,0.0,0.57,-10787348.4636277,4361044.240046276,2016,7,23,16,7,50.0,2016.5610461505312,59
10018,36.4301,-96.8308,0.0,1.05,-10779155.349105315,4359965.001728936,2016,7,23,16,35,41.0,2016.561099101326,26
10019,36.4502,-96.8609,0.0,0.97,-10782506.065778192,4362746.336273596,2016,7,23,22,33,38.0,2016.5617796663878,41
10020,36.4529,-96.8512,0.0,0.8,-10781426.266717497,4363120.00327431,2016,7,24,1,15,33.0,2016.562087516161,47
10022,36.4533,-96.854,0.0,1.11,-10781737.961291717,4363175.362454715,2016,7,24,10,5,42.0,2016.5630954825463,46
10023,36.4138,-96.8142,0.0,0.3,-10777307.445558146,4357710.020393209,2016,7,24,11,20,17.0,2016.5632372867392,19
10025,36.4247,-96.8413,0.0,0.67,-10780324.203758644,4359217.900263378,2016,7,24,18,54,41.0,2016.5641012307653,37
10026,36.4371,-96.8361,0.0,0.72,-10779745.342406519,4360933.543945174,2016,7,24,23,41,5.0,2016.5646457588664,28
10027,36.3995,-96.9101,0.0,1.07,-10787982.984725222,4355732.113530378,2016,7,25,4,25,58.0,2016.5651874033513,49
10029,36.4293,-96.9131,0.0,1.78,-10788316.9431976,4359854.316751253,2016,7,25,6,36,1.0,2016.5654346655006,58
10030,36.4529,-96.8512,0.0,0.8,-10781426.266717497,4363120.00327431,2016,7,25,10,3,18.0,2016.5658287702488,47
10031,36.4504,-96.8541,0.0,0.55,-10781749.0932408,4362774.014864648,2016,7,25,10,24,46.0,2016.565869584506,43
10034,36.4214,-96.8438,0.0,0.88,-10780602.502485627,4358761.363835499,2016,7,26,2,36,50.0,2016.5677177605394,36
10035,36.4504,-96.8541,0.0,0.97,-10781749.0932408,4362774.014864648,2016,7,26,10,32,42.0,2016.5686225188226,43
10036,36.3974,-96.9966,7.552,1.13,-10797612.120678838,4355441.682334235,2016,7,26,12,57,5.0,2016.5688970327274,17
10037,36.4175,-96.808,0.0,0.63,-10776617.26471523,4358221.845796738,2016,7,26,15,42,40.0,2016.5692118538798,19
10038,36.3915,-96.8345,0.0,1.92,-10779567.23122125,4354625.750965185,2016,7,26,17,46,14.0,2016.569446789363,20
10040,36.4315,-96.891,0.0,0.92,-10785856.782451069,4360158.7031846335,2016,7,26,19,45,20.0,2016.5696732324384,50
10041,36.4247,-96.8413,0.0,0.85,-10780324.203758644,4359217.900263378,2016,7,26,20,27,23.0,2016.569753181484,37
10042,36.417,-96.8628,0.0,0.92,-10782717.572810698,4358152.678776818,2016,7,26,20,58,33.0,2016.5698124382081,57
10043,36.4247,-96.8413,0.0,0.85,-10780324.203758644,4359217.900263378,2016,7,26,21,40,53.0,2016.5698929259513,37
10044,36.4216,-96.86,10.64,0.84,-10782405.878236478,4358789.032157611,2016,7,26,22,52,29.0,2016.5700290579766,57
10047,36.413,-96.8738,0.0,1.34,-10783942.087209426,4357599.358646789,2016,7,27,10,49,22.0,2016.5713920576977,56
10049,36.4502,-96.8609,0.0,1.55,-10782506.065778192,4362746.336273596,2016,7,27,19,55,48.0,2016.5724309833447,41
10050,36.4502,-96.8609,0.0,1.09,-10782506.065778192,4362746.336273596,2016,7,27,20,31,41.0,2016.5724992077978,41
10052,36.4404,-96.8843,0.0,1.31,-10785110.941862755,4361390.172717214,2016,7,28,9,57,14.0,2016.574030788146,61
10053,36.4322,-96.8393,0.0,0.81,-10780101.564777058,4360255.555222543,2016,7,28,11,28,19.0,2016.574203963546,27
10054,36.4195,-96.8801,0.0,0.78,-10784643.400001423,4358498.518329477,2016,7,28,12,12,23.0,2016.5742877468501,55
10056,36.4138,-96.8142,0.0,0.81,-10777307.445558146,4357710.020393209,2016,7,28,17,57,0.0,2016.574942961442,19
10059,36.4533,-96.854,0.0,2.92,-10781737.961291717,4363175.362454715,2016,7,29,2,21,17.0,2016.575901747915,46
10061,36.4543,-96.8664,0.0,0.94,-10783118.322977556,4363313.761654775,2016,7,29,5,19,26.0,2016.5762404618856,40
10062,36.4366,-96.8967,0.0,1.61,-10786491.303548591,4360864.359461431,2016,7,29,5,38,56.0,2016.5762775369483,50
10063,36.4366,-96.8967,0.0,1.18,-10786491.303548591,4360864.359461431,2016,7,29,6,2,32.0,2016.5763224072807,50
10066,36.4115,-96.8758,0.0,0.58,-10784164.726191012,4357391.870944072,2016,7,29,9,20,30.0,2016.5766987983877,56
10067,36.4212,-96.8336,0.0,0.81,-10779467.043679535,4358733.695584647,2016,7,29,13,8,16.0,2016.5771318477957,30
10068,36.4543,-96.8664,0.0,1.99,-10783118.322977556,4363313.761654775,2016,7,29,14,16,35.0,2016.5772617372677,40
10070,36.4248,-96.9105,0.0,1.8,-10788027.512521537,4359231.735003479,2016,7,29,19,5,52.0,2016.5778117474078,51
10071,36.4533,-96.854,0.0,1.16,-10781737.961291717,4363175.362454715,2016,7,30,1,57,19.0,2016.578594031232,46
10072,36.4366,-96.8967,0.0,1.9,-10786491.303548591,4360864.359461431,2016,7,30,3,31,37.0,2016.5787733224327,50
10073,36.4618,-96.8404,0.0,0.91,-10780224.01621693,4364351.8125398075,2016,7,30,4,33,49.0,2016.5788915823764,25
10074,36.4413,-96.8731,0.0,1.63,-10783864.16356587,4361514.7112069735,2016,7,30,9,57,16.0,2016.5795065530965,42
10075,36.4529,-96.8512,0.0,1.61,-10781426.266717497,4363120.00327431,2016,7,30,11,3,10.0,2016.5796318477958,47
10076,36.4618,-96.8404,0.0,1.86,-10780224.01621693,4364351.8125398075,2016,7,30,11,27,40.0,2016.579678429285,25
10077,36.4413,-96.8731,0.0,0.53,-10783864.16356587,4361514.7112069735,2016,7,30,11,43,12.0,2016.5797079625827,42
10078,36.4618,-96.8404,0.0,1.47,-10780224.01621693,4364351.8125398075,2016,7,30,12,48,20.0,2016.5798317996298,25
10079,36.4618,-96.8404,0.0,2.3,-10780224.01621693,4364351.8125398075,2016,7,30,12,58,18.0,2016.5798507491063,25
10080,36.3995,-96.9101,0.0,0.81,-10787982.984725222,4355732.113530378,2016,7,30,13,52,52.0,2016.579954495906,49
10081,36.4336,-96.907,0.0,2.14,-10787637.894303761,4360449.261918631,2016,7,30,14,49,52.0,2016.580062869166,59
10082,36.4618,-96.8404,0.0,1.03,-10780224.01621693,4364351.8125398075,2016,7,30,16,35,28.0,2016.5802636448907,25
10083,36.4379,-96.9044,0.0,0.65,-10787348.4636277,4361044.240046276,2016,7,30,19,20,17.0,2016.580577008391,59
10084,36.4543,-96.8664,0.0,1.06,-10783118.322977556,4363313.761654775,2016,7,30,20,15,47.0,2016.5806825297234,40
10085,36.4533,-96.854,0.0,1.12,-10781737.961291717,4363175.362454715,2016,8,1,2,27,16.0,2016.5841266762998,46
10087,36.4366,-96.8967,0.0,0.87,-10786491.303548591,4360864.359461431,2016,8,1,5,42,6.0,2016.5844971100464,50
10088,36.4529,-96.8588,0.0,1.03,-10782272.294847528,4363120.00327431,2016,8,1,6,36,10.0,2016.5845999062033,41
10089,36.4366,-96.8967,0.0,0.9,-10786491.303548591,4360864.359461431,2016,8,1,6,49,41.0,2016.5846256052425,50
10090,36.4618,-96.8404,0.0,1.07,-10780224.01621693,4364351.8125398075,2016,8,1,12,17,24.0,2016.585248688113,25
10092,36.4228,-96.8463,0.0,1.03,-10780880.80121261,4358955.043586806,2016,8,1,16,4,31.0,2016.5856805016858,36
10094,36.4529,-96.8512,0.0,1.56,-10781426.266717497,4363120.00327431,2016,8,1,18,14,16.0,2016.5859271934494,47
10095,36.4366,-96.8967,0.0,2.03,-10786491.303548591,4360864.359461431,2016,8,1,18,54,4.0,2016.5860028646032,50
10096,36.4322,-96.8393,0.0,0.85,-10780101.564777058,4360255.555222543,2016,8,1,19,41,39.0,2016.586093334094,27
10097,36.4502,-96.8609,0.0,1.77,-10782506.065778192,4362746.336273596,2016,8,1,20,1,28.0,2016.5861310112302,41
10099,36.4529,-96.8512,0.0,1.49,-10781426.266717497,4363120.00327431,2016,8,1,20,38,57.0,2016.5862022777399,47
10100,36.4322,-96.8393,0.0,1.12,-10780101.564777058,4360255.555222543,2016,8,1,21,22,33.0,2016.5862851737775,27
10101,36.3915,-96.8345,0.0,0.88,-10779567.23122125,4354625.750965185,2016,8,2,1,0,42.0,2016.586699939159,20
10102,36.4618,-96.8404,0.0,1.27,-10780224.01621693,4364351.8125398075,2016,8,2,1,44,28.0,2016.5867831520775,25
10103,36.3763,-96.9617,0.149,0.99,-10793727.070450153,4352523.975708959,2016,8,2,2,16,36.0,2016.5868442467108,15
10104,36.4366,-96.8967,0.0,0.88,-10786491.303548591,4360864.359461431,2016,8,2,3,16,28.0,2016.5869580703222,50
10105,36.4618,-96.8404,0.0,0.89,-10780224.01621693,4364351.8125398075,2016,8,2,5,13,53.0,2016.5871813129008,25
10106,36.4293,-96.9131,0.0,0.49,-10788316.9431976,4359854.316751253,2016,8,2,5,38,8.0,2016.5872274190685,58
10107,36.4529,-96.8512,0.0,1.31,-10781426.266717497,4363120.00327431,2016,8,2,6,16,12.0,2016.5872997946612,47
10108,36.4529,-96.8512,0.0,1.04,-10781426.266717497,4363120.00327431,2016,8,2,14,20,12.0,2016.5882200167314,47
10109,36.4618,-96.8404,0.0,1.14,-10780224.01621693,4364351.8125398075,2016,8,2,15,18,30.0,2016.5883308616624,25
10110,36.4618,-96.8404,0.0,1.9,-10780224.01621693,4364351.8125398075,2016,8,2,17,21,30.0,2016.5885647197506,25
10113,36.4103,-96.8848,0.0,1.01,-10785166.601608152,4357225.883666574,2016,8,2,21,53,7.0,2016.5890811405177,54
10114,36.4223,-96.8349,0.0,1.28,-10779611.759017568,4358885.871846195,2016,8,3,2,17,13.0,2016.589583269957,30
10115,36.4543,-96.8664,0.0,0.97,-10783118.322977556,4363313.761654775,2016,8,3,3,40,8.0,2016.5897409181941,40
10116,36.4293,-96.9131,0.0,0.55,-10788316.9431976,4359854.316751253,2016,8,3,9,43,46.0,2016.590432288894,58
10117,36.4086,-96.8791,0.0,0.6,-10784532.08051063,4356990.739412464,2016,8,3,10,44,24.0,2016.5905475701575,56
10118,36.4288,-96.8789,0.0,0.69,-10784509.81661247,4359785.139219427,2016,8,4,1,18,6.0,2016.5922087230967,45
10119,36.4086,-96.8791,0.0,0.84,-10784532.08051063,4356990.739412464,2016,8,4,2,50,8.0,2016.5923837047178,56
10120,36.4618,-96.8404,0.0,0.97,-10780224.01621693,4364351.8125398075,2016,8,4,6,39,35.0,2016.5928199546227,25
10121,36.3544,-96.9172,12.094,0.51,-10788773.353109853,4349496.48208893,2016,8,4,7,4,53.0,2016.5928680571399,16
10122,36.4251,-96.8481,0.0,0.87,-10781081.176296039,4359273.239330692,2016,8,4,10,2,56.0,2016.593206580982,36
10124,36.4354,-96.8636,0.0,1.11,-10782806.628403334,4360698.318518952,2016,8,4,13,34,32.0,2016.593608892945,48
10125,36.412,-96.9116,0.0,1.19,-10788149.963961411,4357461.033066466,2016,8,4,14,5,38.0,2016.5936680229167,53
10126,36.3974,-96.9966,7.552,1.08,-10797612.120678838,4355441.682334235,2016,8,4,17,29,56.0,2016.5940564554971,17
10127,36.4322,-96.8393,0.0,0.88,-10780101.564777058,4360255.555222543,2016,8,4,18,22,18.0,2016.5941560194692,27
10128,36.4251,-96.8481,0.0,1.0,-10781081.176296039,4359273.239330692,2016,8,4,20,24,44.0,2016.5943888001623,36
10130,36.4533,-96.854,0.0,1.37,-10781737.961291717,4363175.362454715,2016,8,4,22,27,20.0,2016.5946218977363,46
10131,36.4322,-96.8393,0.0,0.91,-10780101.564777058,4360255.555222543,2016,8,4,23,35,49.0,2016.5947521040891,27
10132,36.4529,-96.8512,0.0,1.0,-10781426.266717497,4363120.00327431,2016,8,4,23,52,31.0,2016.594783855553,47
10133,36.4336,-96.907,0.0,0.92,-10787637.894303761,4360449.261918631,2016,8,5,1,11,14.0,2016.5949335183918,59
10135,36.3699,-96.9643,0.0,1.27,-10794016.501126215,4351639.140589087,2016,8,5,19,6,42.0,2016.5969782873221,15
10137,36.4103,-96.8848,0.0,1.42,-10785166.601608152,4357225.883666574,2016,8,5,23,32,29.0,2016.5974836172586,54
10138,36.4247,-96.8413,0.0,0.85,-10780324.203758644,4359217.900263378,2016,8,5,23,51,27.0,2016.5975196783024,37
10139,36.4341,-96.8549,0.0,0.57,-10781838.148833433,4360518.443728243,2016,8,6,0,0,20.0,2016.5975365680533,48
10140,36.4371,-96.8534,0.0,1.49,-10781671.169597242,4360933.543945174,2016,8,6,4,23,8.0,2016.598036225822,48
10142,36.4371,-96.8534,0.0,1.01,-10781671.169597242,4360933.543945174,2016,8,6,6,57,46.0,2016.5983302279008,48
10143,36.4617,-96.847,0.0,1.32,-10780958.724856166,4364337.971200943,2016,8,6,8,12,24.0,2016.598472127158,24
10145,36.4216,-96.86,10.64,0.83,-10782405.878236478,4358789.032157611,2016,8,6,19,33,23.0,2016.599766870738,57
10146,36.4247,-96.8272,0.0,0.87,-10778754.59893846,4359217.900263378,2016,8,6,22,46,33.0,2016.6001341356757,26
10147,36.4618,-96.8404,0.0,0.96,-10780224.01621693,4364351.8125398075,2016,8,6,23,4,40.0,2016.6001685806273,25
10149,36.412,-96.9116,0.0,0.73,-10788149.963961411,4357461.033066466,2016,8,7,0,28,26.0,2016.6003278449566,53
10150,36.4404,-96.8843,0.0,2.03,-10785110.941862755,4361390.172717214,2016,8,7,1,41,21.0,2016.6004664803406,61
10151,36.4404,-96.8843,0.0,1.22,-10785110.941862755,4361390.172717214,2016,8,7,2,15,24.0,2016.6005312191041,61
10152,36.4243,-96.8647,11.79,0.78,-10782929.079843206,4359162.5614811545,2016,8,7,2,29,19.0,2016.6005576786574,57
10155,36.4162,-96.8808,10.896,0.68,-10784721.323644977,4358042.012471137,2016,8,7,3,30,41.0,2016.6006743541968,55
10157,36.4138,-96.8142,0.0,0.58,-10777307.445558146,4357710.020393209,2016,8,7,11,46,5.0,2016.601616250919,19
10160,36.4543,-96.8664,0.0,1.35,-10783118.322977556,4363313.761654775,2016,8,7,15,56,24.0,2016.6020921743097,40
10161,36.3944,-96.8983,0.025,1.39,-10786669.41473386,4355026.794237775,2016,8,7,19,53,28.0,2016.6025429056708,18
10163,36.4379,-96.9044,0.0,0.69,-10787348.4636277,4361044.240046276,2016,8,8,1,9,14.0,2016.6031432681825,59
10164,36.412,-96.9116,0.0,0.84,-10788149.963961411,4357461.033066466,2016,8,8,7,43,37.0,2016.6038931034045,53
10165,36.4251,-96.8481,0.0,0.84,-10781081.176296039,4359273.239330692,2016,8,8,9,36,33.0,2016.6041078218875,36
10166,36.4248,-96.9105,0.0,1.5,-10788027.512521537,4359231.735003479,2016,8,8,10,37,59.0,2016.6042246241793,51
10169,36.4618,-96.8404,0.0,1.07,-10780224.01621693,4364351.8125398075,2016,8,8,12,20,19.0,2016.6044191890385,25
10171,36.3544,-96.9172,12.094,0.92,-10788773.353109853,4349496.48208893,2016,8,8,15,22,56.0,2016.6047663954166,16
10172,36.4195,-96.8801,0.0,0.93,-10784643.400001423,4358498.518329477,2016,8,8,16,39,38.0,2016.6049122239967,55
10173,36.4504,-96.8541,0.0,0.9,-10781749.0932408,4362774.014864648,2016,8,8,17,15,45.0,2016.604980892083,43
10174,36.4288,-96.8789,0.0,0.75,-10784509.81661247,4359785.139219427,2016,8,8,21,52,13.0,2016.6055065340838,45
10175,36.4306,-96.8724,0.0,0.91,-10783786.239922315,4360034.180419227,2016,8,9,0,6,27.0,2016.605761749943,45
10176,36.4203,-96.8639,0.0,0.99,-10782840.024250573,4358609.189337653,2016,8,9,0,58,36.0,2016.6058609019697,57
10177,36.4247,-96.8272,0.0,0.52,-10778754.59893846,4359217.900263378,2016,8,9,5,10,5.0,2016.6063390435268,26
10178,36.4371,-96.8534,0.0,1.13,-10781671.169597242,4360933.543945174,2016,8,9,5,48,26.0,2016.6064119578168,48
10179,36.3699,-96.9643,0.0,1.24,-10794016.501126215,4351639.140589087,2016,8,9,12,24,49.0,2016.6071655956093,15
10180,36.4618,-96.8404,0.0,1.12,-10780224.01621693,4364351.8125398075,2016,8,9,13,51,21.0,2016.6073301201611,25
10183,36.4504,-96.8541,0.0,1.1,-10781749.0932408,4362774.014864648,2016,8,9,20,36,36.0,2016.6081006160164,43
10184,36.4617,-96.847,0.0,1.09,-10780958.724856166,4364337.971200943,2016,8,9,20,58,46.0,2016.6081427611732,24
10185,36.3544,-96.9172,12.094,1.11,-10788773.353109853,4349496.48208893,2016,8,9,21,9,23.0,2016.6081629464852,16
10186,36.4342,-96.897,0.0,0.76,-10786524.69939583,4360532.280143644,2016,8,9,21,32,22.0,2016.6082066443582,50
10187,36.4322,-96.8393,0.0,0.73,-10780101.564777058,4360255.555222543,2016,8,9,23,29,21.0,2016.6084290630465,27
10188,36.4533,-96.854,0.0,1.41,-10781737.961291717,4363175.362454715,2016,8,9,23,49,54.0,2016.608468134459,46
10189,36.4366,-96.8967,0.0,0.92,-10786491.303548591,4360864.359461431,2016,8,10,1,48,39.0,2016.6086939120846,50
10190,36.4618,-96.8404,0.0,0.94,-10780224.01621693,4364351.8125398075,2016,8,10,4,7,5.0,2016.608957113342,25
10193,36.4366,-96.8967,0.0,0.95,-10786491.303548591,4360864.359461431,2016,8,10,9,18,2.0,2016.6095483179963,50
10194,36.4037,-96.9142,0.454,0.97,-10788439.394637473,4356312.999467568,2016,8,10,10,6,24.0,2016.6096402768271,49
10196,36.4293,-96.9131,0.0,0.52,-10788316.9431976,4359854.316751253,2016,8,10,10,38,0.0,2016.6097003574416,58
10198,36.4617,-96.847,0.0,2.56,-10780958.724856166,4364337.971200943,2016,8,10,18,29,34.0,2016.6105969401983,24
10199,36.3835,-96.9274,0.0,1.07,-10789908.811915945,4353519.502249293,2016,8,10,19,7,27.0,2016.610668967222,15
10200,36.4322,-96.8393,0.0,0.94,-10780101.564777058,4360255.555222543,2016,8,10,19,26,40.0,2016.610705503587,27
10201,36.4533,-96.854,0.0,1.97,-10781737.961291717,4363175.362454715,2016,8,10,19,58,52.0,2016.6107667249728,46
10202,36.4533,-96.854,0.0,1.3,-10781737.961291717,4363175.362454715,2016,8,10,20,9,30.0,2016.6107869419727,46
10203,36.4371,-96.8361,0.0,1.19,-10779745.342406519,4360933.543945174,2016,8,10,20,52,12.0,2016.6108681268538,28
10205,36.412,-96.9116,0.0,1.25,-10788149.963961411,4357461.033066466,2016,8,10,23,0,56.0,2016.611112885644,53
10208,36.3995,-96.9101,0.0,0.9,-10787982.984725222,4355732.113530378,2016,8,12,2,56,8.0,2016.6142979187264,49
10209,36.417,-96.8628,0.0,0.78,-10782717.572810698,4358152.678776818,2016,8,12,4,54,2.0,2016.6145220802596,57
10210,36.4301,-96.8308,0.0,1.58,-10779155.349105315,4359965.001728936,2016,8,12,8,0,23.0,2016.6148763847693,26
10211,36.4533,-96.854,0.0,1.23,-10781737.961291717,4363175.362454715,2016,8,12,8,10,6.0,2016.6148948589246,46
10212,36.4533,-96.854,0.0,1.35,-10781737.961291717,4363175.362454715,2016,8,12,8,40,59.0,2016.6149535769514,46
10213,36.4533,-96.854,0.0,1.34,-10781737.961291717,4363175.362454715,2016,8,12,9,0,50.0,2016.614991317464,46
10216,36.4533,-96.854,0.0,1.4,-10781737.961291717,4363175.362454715,2016,8,12,22,7,22.0,2016.616486741704,46
10217,36.4404,-96.8843,0.0,1.28,-10785110.941862755,4361390.172717214,2016,8,12,22,14,31.0,2016.6165003358938,61
10218,36.4533,-96.854,0.0,1.56,-10781737.961291717,4363175.362454715,2016,8,12,22,32,38.0,2016.616534780845,46
10220,36.4618,-96.8404,0.0,1.01,-10780224.01621693,4364351.8125398075,2016,8,13,1,2,34.0,2016.6168198468831,25
10221,36.4293,-96.9131,0.0,0.45,-10788316.9431976,4359854.316751253,2016,8,13,1,14,32.0,2016.6168425989301,58
10222,36.4247,-96.8413,0.0,0.69,-10780324.203758644,4359217.900263378,2016,8,13,1,32,11.0,2016.6168761566153,37
10223,36.417,-96.8628,0.0,0.8,-10782717.572810698,4358152.678776818,2016,8,13,1,43,25.0,2016.6168975143864,57
10224,36.4216,-96.86,10.64,1.05,-10782405.878236478,4358789.032157611,2016,8,13,2,35,22.0,2016.616996286156,57
10225,36.3991,-96.9337,0.133,0.77,-10790610.124707943,4355676.792697502,2016,8,13,3,54,46.0,2016.6171472482065,15
10227,36.4404,-96.8843,0.0,1.11,-10785110.941862755,4361390.172717214,2016,8,13,6,19,19.0,2016.6174220789921,61
10228,36.4404,-96.8843,0.0,1.67,-10785110.941862755,4361390.172717214,2016,8,13,7,48,42.0,2016.617592022207,61
10229,36.4308,-96.8922,0.0,0.71,-10785990.365840022,4360061.852020108,2016,8,13,8,50,51.0,2016.6177101870865,50
10230,36.4404,-96.8843,0.0,1.31,-10785110.941862755,4361390.172717214,2016,8,13,10,11,15.0,2016.617863050422,61
10231,36.3974,-96.9966,7.552,1.19,-10797612.120678838,4355441.682334235,2016,8,13,11,20,16.0,2016.6179942707938,17
10232,36.4533,-96.854,0.0,1.16,-10781737.961291717,4363175.362454715,2016,8,13,12,15,21.0,2016.6180989999239,46
10233,36.3915,-96.8345,0.0,0.86,-10779567.23122125,4354625.750965185,2016,8,13,12,52,58.0,2016.618170519938,20
10234,36.4533,-96.854,0.0,1.31,-10781737.961291717,4363175.362454715,2016,8,13,13,2,35.0,2016.6181888039648,46
10236,36.4533,-96.854,0.0,1.8,-10781737.961291717,4363175.362454715,2016,8,13,19,11,33.0,2016.618890314853,46
10237,36.4533,-96.854,0.0,1.4,-10781737.961291717,4363175.362454715,2016,8,13,22,24,6.0,2016.6192564073312,46
10238,36.4293,-96.9131,0.0,0.73,-10788316.9431976,4359854.316751253,2016,8,13,22,47,38.0,2016.6193011509113,58
10239,36.4404,-96.8843,0.0,1.17,-10785110.941862755,4361390.172717214,2016,8,14,0,8,25.0,2016.619454743073,61
10240,36.417,-96.8628,0.0,0.89,-10782717.572810698,4358152.678776818,2016,8,14,2,42,12.0,2016.6197471290593,57
10242,36.4529,-96.8512,0.0,1.78,-10781426.266717497,4363120.00327431,2016,8,14,3,23,12.0,2016.6198250817554,47
10243,36.3938,-96.836,0.0,0.73,-10779734.21045744,4354943.818540041,2016,8,14,3,39,45.0,2016.6198565480265,20
10244,36.4336,-96.907,0.0,1.65,-10787637.894303761,4360449.261918631,2016,8,14,3,51,31.0,2016.6198789198165,59
10245,36.4533,-96.854,0.0,1.37,-10781737.961291717,4363175.362454715,2016,8,14,5,8,49.0,2016.6200258891677,46
10247,36.3974,-96.9966,7.552,0.71,-10797612.120678838,4355441.682334235,2016,8,14,7,12,16.0,2016.6202606028342,17
10248,36.4543,-96.8664,0.0,0.93,-10783118.322977556,4363313.761654775,2016,8,14,8,10,11.0,2016.6203707189393,40
10249,36.4533,-96.854,0.0,1.07,-10781737.961291717,4363175.362454715,2016,8,14,8,50,27.0,2016.6204472773595,46
10250,36.4314,-96.8599,0.0,0.65,-10782394.746287398,4360144.867250516,2016,8,14,11,47,20.0,2016.6207835830355,48
10251,36.4161,-96.8782,0.0,1.61,-10784431.892968917,4358028.179263074,2016,8,14,12,4,14.0,2016.6208157147564,55
10252,36.3544,-96.9172,12.094,0.65,-10788773.353109853,4349496.48208893,2016,8,14,13,34,38.0,2016.6209875909449,16
10254,36.3544,-96.9172,12.094,1.2,-10788773.353109853,4349496.48208893,2016,8,14,16,27,41.0,2016.6213166083605,16
10255,36.3974,-96.9966,7.552,1.25,-10797612.120678838,4355441.682334235,2016,8,14,17,21,47.0,2016.6214194678937,17
10257,36.4086,-96.8791,0.0,0.34,-10784532.08051063,4356990.739412464,2016,8,14,18,13,36.0,2016.6215179861586,56
10258,36.4404,-96.8843,0.0,1.14,-10785110.941862755,4361390.172717214,2016,8,14,19,40,30.0,2016.6216832078485,61
10259,36.4404,-96.8843,0.0,1.49,-10785110.941862755,4361390.172717214,2016,8,14,21,7,36.0,2016.6218488097954,61
10260,36.3974,-96.9966,7.552,1.33,-10797612.120678838,4355441.682334235,2016,8,14,21,27,14.0,2016.621886138363,17
10263,36.412,-96.9116,0.0,0.97,-10788149.963961411,4357461.033066466,2016,8,14,23,54,56.0,2016.622166958197,53
10264,36.4529,-96.8512,0.0,1.01,-10781426.266717497,4363120.00327431,2016,8,15,1,57,12.0,2016.6223994220093,47
10265,36.4226,-96.9072,0.0,0.71,-10787660.15820192,4358927.374837114,2016,8,15,2,39,20.0,2016.6224795294952,51
10266,36.412,-96.9116,0.0,0.58,-10788149.963961411,4357461.033066466,2016,8,15,3,23,54.0,2016.6225642634422,53
10267,36.4248,-96.9105,0.0,1.32,-10788027.512521537,4359231.735003479,2016,8,15,3,49,36.0,2016.6226131264734,51
10270,36.4618,-96.8404,0.0,0.89,-10780224.01621693,4364351.8125398075,2016,8,15,5,0,20.0,2016.622747610718,25
10271,36.4245,-96.8426,0.0,0.84,-10780468.919096677,4359190.23083663,2016,8,15,5,50,29.0,2016.6228429601745,37
10272,36.4404,-96.8843,0.0,1.32,-10785110.941862755,4361390.172717214,2016,8,15,6,13,59.0,2016.6228876403782,61
10273,36.413,-96.8738,0.0,0.99,-10783942.087209426,4357599.358646789,2016,8,15,6,46,19.0,2016.6229491152685,56
10274,36.4404,-96.8843,0.0,1.45,-10785110.941862755,4361390.172717214,2016,8,15,7,50,44.0,2016.623071589728,61
10275,36.4175,-96.808,0.0,0.61,-10776617.26471523,4358221.845796738,2016,8,15,10,32,30.0,2016.6233791543084,19
10277,36.413,-96.8738,0.0,1.21,-10783942.087209426,4357599.358646789,2016,8,15,12,21,32.0,2016.6235864577789,56
10278,36.4288,-96.8789,0.0,0.8,-10784509.81661247,4359785.139219427,2016,8,15,13,43,1.0,2016.62374138084,45
10279,36.3995,-96.9101,0.0,1.02,-10787982.984725222,4355732.113530378,2016,8,15,13,54,45.0,2016.623763689254,49
10280,36.4314,-96.8599,0.0,1.07,-10782394.746287398,4360144.867250516,2016,8,15,15,32,59.0,2016.6239504588434,48
10282,36.3995,-96.9101,0.0,0.95,-10787982.984725222,4355732.113530378,2016,8,15,21,31,53.0,2016.6246328301265,49
10283,36.4533,-96.854,0.0,1.6,-10781737.961291717,4363175.362454715,2016,8,15,21,47,59.0,2016.6246634408194,46
10284,36.4618,-96.8404,0.0,2.09,-10780224.01621693,4364351.8125398075,2016,8,15,21,59,34.0,2016.6246854640403,25
10285,36.4618,-96.8404,0.0,1.55,-10780224.01621693,4364351.8125398075,2016,8,15,22,9,17.0,2016.6247039381956,25
10287,36.4618,-96.8404,0.0,2.25,-10780224.01621693,4364351.8125398075,2016,8,17,1,54,21.0,2016.6278697049206,25
10288,36.413,-96.8738,0.0,1.03,-10783942.087209426,4357599.358646789,2016,8,17,2,49,35.0,2016.6279747192436,56
10289,36.4371,-96.8534,0.0,1.0,-10781671.169597242,4360933.543945174,2016,8,17,7,31,36.0,2016.6285109133773,48
10290,36.4404,-96.8843,0.0,1.81,-10785110.941862755,4361390.172717214,2016,8,17,12,5,3.0,2016.6290308198343,61
10291,36.4288,-96.8789,0.0,0.83,-10784509.81661247,4359785.139219427,2016,8,17,17,35,56.0,2016.6296599234415,45
10293,36.4617,-96.847,0.0,1.37,-10780958.724856166,4364337.971200943,2016,8,17,22,12,29.0,2016.6301857238827,24
10294,36.4533,-96.854,0.0,1.28,-10781737.961291717,4363175.362454715,2016,8,18,1,15,13.0,2016.6305331520775,46
10295,36.4533,-96.854,0.0,1.02,-10781737.961291717,4363175.362454715,2016,8,18,3,44,10.0,2016.6308163485182,46
10296,36.4086,-96.8791,0.0,0.28,-10784532.08051063,4356990.739412464,2016,8,18,4,52,20.0,2016.6309459527974,56
10297,36.4533,-96.854,0.0,1.61,-10781737.961291717,4363175.362454715,2016,8,18,5,52,1.0,2016.6310594278398,46
10298,36.4413,-96.8731,0.0,0.43,-10783864.16356587,4361514.7112069735,2016,8,18,10,29,18.0,2016.6315866225568,42
10299,36.4529,-96.8512,0.0,1.21,-10781426.266717497,4363120.00327431,2016,8,18,11,56,36.0,2016.6317526047608,47
10301,36.4618,-96.8404,0.0,1.19,-10780224.01621693,4364351.8125398075,2016,8,18,15,10,38.0,2016.6321215174792,25
10302,36.4529,-96.8512,0.0,0.89,-10781426.266717497,4363120.00327431,2016,8,18,21,19,34.0,2016.632822964991,47
10303,36.3915,-96.8345,0.0,1.7,-10779567.23122125,4354625.750965185,2016,8,18,22,49,19.0,2016.632993605344,20
10304,36.4529,-96.8512,0.0,0.9,-10781426.266717497,4363120.00327431,2016,8,19,3,28,36.0,2016.6335246026313,47
10305,36.4617,-96.847,0.0,1.06,-10780958.724856166,4364337.971200943,2016,8,19,4,46,41.0,2016.6336730613227,24
10306,36.4617,-96.847,0.0,1.22,-10780958.724856166,4364337.971200943,2016,8,19,4,56,50.0,2016.6336923593683,24
10307,36.4618,-96.8404,0.0,1.36,-10780224.01621693,4364351.8125398075,2016,8,19,8,54,23.0,2016.634144009684,25
10308,36.4617,-96.847,0.0,1.01,-10780958.724856166,4364337.971200943,2016,8,19,9,8,49.0,2016.634171451568,24
10309,36.4618,-96.8404,0.0,0.75,-10780224.01621693,4364351.8125398075,2016,8,19,10,58,31.0,2016.634380022562,25
10310,36.4617,-96.847,0.0,1.15,-10780958.724856166,4364337.971200943,2016,8,19,13,14,41.0,2016.6346389142393,24
10311,36.3763,-96.9617,0.149,1.25,-10793727.070450153,4352523.975708959,2016,8,19,14,15,16.0,2016.6347541004386,15
10313,36.412,-96.9116,0.0,1.25,-10788149.963961411,4357461.033066466,2016,8,19,20,58,40.0,2016.635521078916,53
10315,36.4404,-96.8843,0.0,1.69,-10785110.941862755,4361390.172717214,2016,8,20,0,3,4.0,2016.6358716759196,61
10319,36.3811,-96.9901,14.642,0.84,-10796888.543988682,4353187.6498284135,2016,8,20,7,53,39.0,2016.636766389079,17
10320,36.4404,-96.8843,0.0,1.69,-10785110.941862755,4361390.172717214,2016,8,20,10,28,3.0,2016.6370599475244,61
10321,36.4533,-96.854,0.0,1.58,-10781737.961291717,4363175.362454715,2016,8,20,23,30,2.0,2016.6385467209166,46
10322,36.4371,-96.8534,0.0,2.02,-10781671.169597242,4360933.543945174,2016,8,20,23,54,55.0,2016.6385940312318,48
10323,36.4322,-96.8393,0.0,0.83,-10780101.564777058,4360255.555222543,2016,8,21,1,56,45.0,2016.6388256711537,27
10324,36.4322,-96.8393,0.0,0.63,-10780101.564777058,4360255.555222543,2016,8,21,5,44,46.0,2016.6392591958831,27
10325,36.4533,-96.854,0.0,2.21,-10781737.961291717,4363175.362454715,2016,8,21,6,5,2.0,2016.639297728598,46
10326,36.4533,-96.854,0.0,1.08,-10781737.961291717,4363175.362454715,2016,8,21,7,9,22.0,2016.6394200446168,46
10327,36.4175,-96.808,0.0,0.36,-10776617.26471523,4358221.845796738,2016,8,21,7,22,19.0,2016.6394446662612,19
10328,36.4336,-96.907,0.0,0.89,-10787637.894303761,4360449.261918631,2016,8,21,14,11,16.0,2016.6402221968717,59
10330,36.4301,-96.8308,0.0,0.9,-10779155.349105315,4359965.001728936,2016,8,21,16,30,39.0,2016.6404872043502,26
10331,36.4162,-96.8808,10.896,0.78,-10784721.323644977,4358042.012471137,2016,8,21,20,42,4.0,2016.6409652191549,55
10332,36.4175,-96.808,0.0,0.52,-10776617.26471523,4358221.845796738,2016,8,22,0,49,10.0,2016.6414350267448,19
10333,36.412,-96.9116,0.0,0.9,-10788149.963961411,4357461.033066466,2016,8,22,8,1,43.0,2016.6422574276878,53
10334,36.4293,-96.9131,0.0,0.8,-10788316.9431976,4359854.316751253,2016,8,22,10,35,58.0,2016.6425507009405,58
10335,36.4533,-96.854,0.0,1.21,-10781737.961291717,4363175.362454715,2016,8,22,10,55,57.0,2016.6425886949578,46
10336,36.4214,-96.9087,0.0,0.64,-10787827.137438111,4358761.363835499,2016,8,22,11,5,56.0,2016.6426076761225,51
10338,36.4289,-96.8252,0.0,1.23,-10778531.959956871,4359798.974690148,2016,8,22,15,26,4.0,2016.643102263797,26
10339,36.4293,-96.9131,0.0,0.86,-10788316.9431976,4359854.316751253,2016,8,22,15,41,46.0,2016.6431321139758,58
10340,36.3835,-96.9274,0.0,1.31,-10789908.811915945,4353519.502249293,2016,8,22,17,55,30.0,2016.6433863791924,15
10342,36.4301,-96.8308,0.0,1.06,-10779155.349105315,4359965.001728936,2016,8,22,21,42,26.0,2016.643817844196,26
10344,36.4315,-96.891,0.0,1.2,-10785856.782451069,4360158.7031846335,2016,8,22,22,14,16.0,2016.6438783684437,50
10345,36.4103,-96.8848,0.0,1.01,-10785166.601608152,4357225.883666574,2016,8,23,1,6,28.0,2016.644205769767,54
10347,36.4533,-96.854,0.0,1.25,-10781737.961291717,4363175.362454715,2016,8,23,13,28,40.0,2016.6456169036935,46
10348,36.4529,-96.8512,0.0,1.0,-10781426.266717497,4363120.00327431,2016,8,23,22,24,5.0,2016.6466348835145,47
10349,36.4168,-96.836,0.0,0.88,-10779734.21045744,4358125.012093533,2016,8,24,0,1,35.0,2016.6468202588283,30
10350,36.4618,-96.8404,0.0,0.94,-10780224.01621693,4364351.8125398075,2016,8,24,1,59,42.0,2016.6470448323066,25
10351,36.4322,-96.8393,0.0,0.59,-10780101.564777058,4360255.555222543,2016,8,24,5,12,4.0,2016.647410576216,27
10354,36.4354,-96.8636,0.0,0.86,-10782806.628403334,4360698.318518952,2016,8,24,8,36,33.0,2016.6477993573656,48
10355,36.4618,-96.8404,0.0,1.83,-10780224.01621693,4364351.8125398075,2016,8,24,11,58,27.0,2016.6481832268614,25
10358,36.3544,-96.9172,12.094,0.59,-10788773.353109853,4349496.48208893,2016,8,25,0,44,47.0,2016.6496402451392,16
10359,36.3544,-96.9172,12.094,0.82,-10788773.353109853,4349496.48208893,2016,8,25,4,4,49.0,2016.650020565569,16
10360,36.4214,-96.9087,0.0,0.92,-10787827.137438111,4358761.363835499,2016,8,25,4,50,38.0,2016.6501076761224,51
10361,36.4618,-96.8404,0.0,1.0,-10780224.01621693,4364351.8125398075,2016,8,25,6,50,32.0,2016.650335640226,25
10363,36.4354,-96.8747,0.0,0.66,-10784042.27475114,4360698.318518952,2016,8,25,9,56,39.0,2016.6506895011028,44
10364,36.4617,-96.847,0.0,1.43,-10780958.724856166,4364337.971200943,2016,8,25,10,22,18.0,2016.65073826907,24
10365,36.412,-96.9116,0.0,1.16,-10788149.963961411,4357461.033066466,2016,8,25,13,2,47.0,2016.6510433936674,53
10366,36.4354,-96.8636,0.0,1.39,-10782806.628403334,4360698.318518952,2016,8,25,13,32,18.0,2016.651099513271,48
10367,36.4288,-96.8789,0.0,0.81,-10784509.81661247,4359785.139219427,2016,8,25,18,4,7.0,2016.651616314295,45
10369,36.4618,-96.8404,0.0,0.95,-10780224.01621693,4364351.8125398075,2016,8,25,23,53,10.0,2016.6522799579182,25
10371,36.4404,-96.8843,0.0,1.22,-10785110.941862755,4361390.172717214,2016,8,26,5,51,33.0,2016.6529613468706,61
10372,36.4322,-96.8393,0.0,1.1,-10780101.564777058,4360255.555222543,2016,8,26,6,40,6.0,2016.6530536542703,27
10373,36.3974,-96.9966,7.552,1.55,-10797612.120678838,4355441.682334235,2016,8,26,10,28,4.0,2016.6534870839355,17
10374,36.4248,-96.9105,0.0,2.42,-10788027.512521537,4359231.735003479,2016,8,26,12,27,32.0,2016.6537142241489,51
10375,36.4533,-96.854,0.0,1.98,-10781737.961291717,4363175.362454715,2016,8,26,16,41,37.0,2016.6541973090475,46
10376,36.4533,-96.854,0.0,1.41,-10781737.961291717,4363175.362454715,2016,8,26,17,40,21.0,2016.654308977869,46
10377,36.4404,-96.8843,0.0,1.99,-10785110.941862755,4361390.172717214,2016,8,26,18,10,12.0,2016.6543657312343,61
10378,36.4533,-96.854,0.0,1.53,-10781737.961291717,4363175.362454715,2016,8,26,18,39,0.0,2016.65442048825,46
10379,36.4214,-96.8484,0.0,0.66,-10781114.572143275,4358761.363835499,2016,8,26,19,56,20.0,2016.6545675209775,36
10380,36.4529,-96.8512,0.0,0.98,-10781426.266717497,4363120.00327431,2016,8,26,23,47,58.0,2016.655007922022,47
10383,36.4289,-96.8252,0.0,0.72,-10778531.959956871,4359798.974690148,2016,8,28,4,41,36.0,2016.6583040535402,26
10384,36.412,-96.9116,0.0,0.64,-10788149.963961411,4357461.033066466,2016,8,28,5,45,1.0,2016.6584246267143,53
10385,36.4618,-96.8404,0.0,1.44,-10780224.01621693,4364351.8125398075,2016,8,28,8,50,15.0,2016.6587768081222,25
10386,36.4533,-96.854,0.0,1.38,-10781737.961291717,4363175.362454715,2016,8,28,13,27,52.0,2016.659304636601,46
10387,36.4404,-96.8843,0.0,1.37,-10785110.941862755,4361390.172717214,2016,8,28,13,42,0.0,2016.6593315080995,61
10390,36.3544,-96.9172,12.094,0.77,-10788773.353109853,4349496.48208893,2016,8,28,22,11,45.0,2016.6603006882654,16
10391,36.4504,-96.8541,0.0,0.71,-10781749.0932408,4362774.014864648,2016,8,29,14,41,57.0,2016.6621833409386,43
10394,36.4341,-96.8549,0.0,0.64,-10781838.148833433,4360518.443728243,2016,8,30,0,1,34.0,2016.663247331863,48
10395,36.4617,-96.847,0.0,1.05,-10780958.724856166,4364337.971200943,2016,8,30,0,49,43.0,2016.6633388787486,24
10397,36.3923,-96.8972,0.0,0.46,-10786546.963293988,4354736.382097743,2016,8,30,6,37,55.0,2016.6640009062794,18
10398,36.4354,-96.8747,0.0,0.53,-10784042.27475114,4360698.318518952,2016,8,30,8,8,34.0,2016.664173257789,44
10399,36.4617,-96.847,0.0,1.11,-10780958.724856166,4364337.971200943,2016,8,30,13,3,22.0,2016.6647337566862,24
10400,36.4366,-96.8967,0.0,1.58,-10786491.303548591,4360864.359461431,2016,8,30,14,1,24.0,2016.664844094608,50
10401,36.4203,-96.8639,0.0,1.22,-10782840.024250573,4358609.189337653,2016,8,30,19,55,4.0,2016.6655165158313,57
10402,36.3811,-96.9901,14.642,0.87,-10796888.543988682,4353187.6498284135,2016,8,31,1,18,10.0,2016.6661308211017,17
10404,36.4195,-96.8801,0.0,0.95,-10784643.400001423,4358498.518329477,2016,8,31,7,43,12.0,2016.6668628793063,55
10405,36.4086,-96.8791,0.0,0.52,-10784532.08051063,4356990.739412464,2016,8,31,12,25,36.0,2016.6673998022663,56
10407,36.4617,-96.847,0.0,1.09,-10780958.724856166,4364337.971200943,2016,8,31,15,52,51.0,2016.6677938436383,24
10408,36.4404,-96.8843,0.0,1.06,-10785110.941862755,4361390.172717214,2016,8,31,19,8,3.0,2016.6681649745228,61
10411,36.4617,-96.847,0.0,1.36,-10780958.724856166,4364337.971200943,2016,9,1,0,7,46.0,2016.668734821406,24
10412,36.4103,-96.8848,0.0,1.06,-10785166.601608152,4357225.883666574,2016,9,1,0,52,10.0,2016.6688192384718,54
10413,36.4617,-96.847,0.0,2.32,-10780958.724856166,4364337.971200943,2016,9,1,1,20,31.0,2016.6688731399092,24
10415,36.412,-96.9116,0.0,0.68,-10788149.963961411,4357461.033066466,2016,9,1,4,58,30.0,2016.6692875884098,53
10419,36.412,-96.9116,0.0,1.07,-10788149.963961411,4357461.033066466,2016,9,1,18,28,20.0,2016.6708273125967,53
10421,36.4533,-96.854,0.0,1.41,-10781737.961291717,4363175.362454715,2016,9,1,22,34,55.0,2016.671296137856,46
10422,36.4502,-96.8609,0.0,0.93,-10782506.065778192,4362746.336273596,2016,9,2,1,14,32.0,2016.671599614673,41
10423,36.4226,-96.9072,0.0,0.78,-10787660.15820192,4358927.374837114,2016,9,2,3,22,40.0,2016.671843232692,51
10425,36.4115,-96.8758,0.0,0.71,-10784164.726191012,4357391.870944072,2016,9,2,10,21,51.0,2016.6726402197885,56
10426,36.4404,-96.8843,0.0,1.26,-10785110.941862755,4361390.172717214,2016,9,2,11,13,48.0,2016.6727389915584,61
10427,36.4404,-96.8843,0.0,1.71,-10785110.941862755,4361390.172717214,2016,9,2,11,28,24.0,2016.6727667503233,61
10428,36.4404,-96.8843,0.0,1.39,-10785110.941862755,4361390.172717214,2016,9,2,14,28,16.0,2016.6731087281669,61
10430,36.4404,-96.8843,0.0,1.23,-10785110.941862755,4361390.172717214,2016,9,2,15,58,17.0,2016.6732798755293,61
10431,36.4502,-96.8609,0.0,1.45,-10782506.065778192,4362746.336273596,2016,9,2,19,18,36.0,2016.6736607346566,41
10432,36.3763,-96.9617,0.149,1.06,-10793727.070450153,4352523.975708959,2016,9,2,23,31,55.0,2016.6741423619033,15
10433,36.4168,-96.836,0.0,0.5,-10779734.21045744,4358125.012093533,2016,9,3,11,23,24.0,2016.675495094684,30
10434,36.4248,-96.9105,0.0,6.02,-10788027.512521537,4359231.735003479,2016,9,3,12,2,45.0,2016.6755699102594,51
10435,36.4322,-96.8393,0.0,1.57,-10780101.564777058,4360255.555222543,2016,9,3,18,31,21.0,2016.6763087497147,27
10437,36.4247,-96.8272,0.0,0.83,-10778754.59893846,4359217.900263378,2016,9,4,0,30,20.0,2016.6769912794382,26
10438,36.4301,-96.8308,0.0,1.02,-10779155.349105315,4359965.001728936,2016,9,4,10,56,4.0,2016.678180977007,26
10439,36.4115,-96.8758,0.0,0.96,-10784164.726191012,4357391.870944072,2016,9,4,13,30,28.0,2016.6784745354526,56
10443,36.4504,-96.8541,0.0,0.78,-10781749.0932408,4362774.014864648,2016,9,4,14,59,4.0,2016.6786429893275,43
10446,36.4618,-96.8404,0.0,0.9,-10780224.01621693,4364351.8125398075,2016,9,4,17,14,37.0,2016.6789007085456,25
10449,36.4214,-96.8484,0.0,1.59,-10781114.572143275,4358761.363835499,2016,9,4,20,52,2.0,2016.6793140796512,36
10450,36.3811,-96.9901,14.642,0.81,-10796888.543988682,4353187.6498284135,2016,9,4,21,27,54.0,2016.6793822724162,17
10452,36.4315,-96.891,0.0,1.25,-10785856.782451069,4360158.7031846335,2016,9,4,22,38,34.0,2016.6795166299084,50
10453,36.4243,-96.8647,11.79,0.98,-10782929.079843206,4359162.5614811545,2016,9,4,22,55,20.0,2016.6795485081248,57
10455,36.4161,-96.8667,0.0,1.17,-10783151.718824793,4358028.179263074,2016,9,5,1,8,44.0,2016.6798021395796,57
10456,36.4161,-96.8667,0.0,0.96,-10783151.718824793,4358028.179263074,2016,9,5,1,50,37.0,2016.6798817717445,57
10461,36.3811,-96.9901,14.642,0.75,-10796888.543988682,4353187.6498284135,2016,9,5,6,31,44.0,2016.6804162547214,17
10462,36.4504,-96.8541,0.0,0.82,-10781749.0932408,4362774.014864648,2016,9,5,7,31,33.0,2016.6805299832688,43
10468,36.4195,-96.8801,0.0,0.76,-10784643.400001423,4358498.518329477,2016,9,5,10,38,19.0,2016.6808850799807,55
10470,36.4371,-96.8534,0.0,1.15,-10781671.169597242,4360933.543945174,2016,9,5,11,44,54.0,2016.6810116738916,48
10471,36.4322,-96.8393,0.0,0.61,-10780101.564777058,4360255.555222543,2016,9,5,14,51,53.0,2016.6813671825487,27
10473,36.4214,-96.9087,0.0,0.63,-10787827.137438111,4358761.363835499,2016,9,5,15,57,7.0,2016.6814912097245,51
10475,36.4242,-96.8356,0.0,1.18,-10779689.682661122,4359148.726830143,2016,9,5,16,33,17.0,2016.681559972875,30
10476,36.4214,-96.9087,0.0,0.55,-10787827.137438111,4358761.363835499,2016,9,5,17,35,24.0,2016.6816780743782,51
10477,36.4321,-96.8583,0.0,1.76,-10782216.635102129,4360241.719163654,2016,9,5,18,22,54.0,2016.6817683854285,48
10479,36.4288,-96.8789,0.0,1.13,-10784509.81661247,4359785.139219427,2016,9,5,18,55,59.0,2016.6818312862829,45
10480,36.4404,-96.8843,0.0,2.04,-10785110.941862755,4361390.172717214,2016,9,5,20,8,46.0,2016.6819696681623,61
10481,36.3923,-96.8972,0.0,0.95,-10786546.963293988,4354736.382097743,2016,9,5,20,29,34.0,2016.682009214896,18
10482,36.3923,-96.8972,0.0,1.34,-10786546.963293988,4354736.382097743,2016,9,5,20,48,22.0,2016.6820449590589,18
10483,36.4162,-96.8808,10.896,0.88,-10784721.323644977,4358042.012471137,2016,9,5,22,31,8.0,2016.6822403478084,55
10484,36.4161,-96.8667,0.0,1.22,-10783151.718824793,4358028.179263074,2016,9,5,23,32,2.0,2016.6823561360814,57
10486,36.4306,-96.8724,0.0,0.95,-10783786.239922315,4360034.180419227,2016,9,6,1,38,31.0,2016.6825966169797,45
10489,36.3944,-96.8983,0.025,1.44,-10786669.41473386,4355026.794237775,2016,9,6,2,33,7.0,2016.6827004271554,18
10491,36.4315,-96.891,0.0,1.22,-10785856.782451069,4360158.7031846335,2016,9,6,4,23,1.0,2016.6829093784065,50
10493,36.4247,-96.9088,0.0,1.43,-10787838.26938719,4359217.900263378,2016,9,6,6,30,0.0,2016.6831508099476,51
10495,36.4115,-96.8758,0.0,0.53,-10784164.726191012,4357391.870944072,2016,9,6,9,8,37.0,2016.6834523854793,56
10496,36.4502,-96.8609,0.0,1.67,-10782506.065778192,4362746.336273596,2016,9,6,10,22,43.0,2016.6835932707177,41
10498,36.4216,-96.86,10.64,0.98,-10782405.878236478,4358789.032157611,2016,9,6,11,27,12.0,2016.6837158719295,57
10499,36.4214,-96.9087,0.0,0.91,-10787827.137438111,4358761.363835499,2016,9,6,13,11,7.0,2016.683913447157,51
10501,36.4214,-96.9087,0.0,1.09,-10787827.137438111,4358761.363835499,2016,9,6,15,14,22.0,2016.6841477805663,51
10502,36.4617,-96.847,0.0,1.75,-10780958.724856166,4364337.971200943,2016,9,6,15,37,17.0,2016.684191351687,24
10503,36.4288,-96.8789,0.0,0.84,-10784509.81661247,4359785.139219427,2016,9,6,15,43,43.0,2016.684203583289,45
10504,36.3544,-96.9172,12.094,0.9,-10788773.353109853,4349496.48208893,2016,9,6,16,4,3.0,2016.684242242756,16
10505,36.4448,-96.8715,0.0,1.01,-10783686.0523806,4361999.041287867,2016,9,6,17,5,30.0,2016.684359076736,42
10506,36.3938,-96.836,0.0,2.54,-10779734.21045744,4354943.818540041,2016,9,6,17,13,49.0,2016.6843748890917,20
10508,36.4618,-96.8404,0.0,1.07,-10780224.01621693,4364351.8125398075,2016,9,6,22,58,18.0,2016.6850298501788,25
10509,36.4617,-96.847,0.0,1.89,-10780958.724856166,4364337.971200943,2016,9,7,0,46,35.0,2016.6852357276853,24
10510,36.4161,-96.8667,0.0,1.38,-10783151.718824793,4358028.179263074,2016,9,7,2,2,34.0,2016.6853801936777,57
10512,36.4342,-96.897,0.0,0.68,-10786524.69939583,4360532.280143644,2016,9,7,3,6,50.0,2016.6855023829442,50
10518,36.4321,-96.8583,0.0,0.69,-10782216.635102129,4360241.719163654,2016,9,7,5,41,18.0,2016.685796068142,48
10519,36.3544,-96.9172,12.094,1.62,-10788773.353109853,4349496.48208893,2016,9,7,6,51,25.0,2016.6859293799275,16
10520,36.3938,-96.836,0.0,1.4,-10779734.21045744,4354943.818540041,2016,9,7,7,53,46.0,2016.686047925064,20
10521,36.4293,-96.9131,0.0,0.71,-10788316.9431976,4359854.316751253,2016,9,7,9,22,53.0,2016.6862173612697,58
10522,36.4321,-96.8583,0.0,1.52,-10782216.635102129,4360241.719163654,2016,9,7,10,0,28.0,2016.6862888179076,48
10523,36.3944,-96.8983,0.025,1.04,-10786669.41473386,4355026.794237775,2016,9,7,10,41,12.0,2016.6863662635942,18
10525,36.4037,-96.9142,0.454,1.08,-10788439.394637473,4356312.999467568,2016,9,7,12,9,13.0,2016.6865336083858,49
10526,36.3938,-96.836,0.0,1.33,-10779734.21045744,4354943.818540041,2016,9,7,14,9,23.0,2016.686762079499,20
10527,36.4138,-96.8142,0.0,0.91,-10777307.445558146,4357710.020393209,2016,9,7,14,39,45.0,2016.6868198151951,19
10528,36.4404,-96.8843,0.0,1.42,-10785110.941862755,4361390.172717214,2016,9,7,15,36,49.0,2016.6869283152078,61
10530,36.4138,-96.8142,0.0,1.03,-10777307.445558146,4357710.020393209,2016,9,7,17,12,0.0,2016.6871092858773,19
10531,36.4185,-96.8924,0.0,1.06,-10786012.62973818,4358360.181172472,2016,9,7,18,42,58.0,2016.6872822394605,54
10532,36.4115,-96.8758,0.0,1.07,-10784164.726191012,4357391.870944072,2016,9,7,21,23,58.0,2016.6875883463888,56
10533,36.4185,-96.8924,0.0,1.57,-10786012.62973818,4358360.181172472,2016,9,7,22,30,33.0,2016.6877149402997,54
10534,36.4543,-96.8664,0.0,1.3,-10783118.322977556,4363313.761654775,2016,9,7,22,47,1.0,2016.6877462481305,40
10536,36.4251,-96.8481,0.0,1.14,-10781081.176296039,4359273.239330692,2016,9,8,1,33,20.0,2016.6880624635587,36
10540,36.4404,-96.8843,0.0,2.03,-10785110.941862755,4361390.172717214,2016,9,8,3,22,31.0,2016.688270052222,61
10544,36.4288,-96.8789,0.0,1.03,-10784509.81661247,4359785.139219427,2016,9,8,7,34,6.0,2016.6887483839075,45
10545,36.4214,-96.8484,0.0,0.81,-10781114.572143275,4358761.363835499,2016,9,8,7,51,26.0,2016.6887813395188,36
10547,36.4214,-96.9087,0.0,1.27,-10787827.137438111,4358761.363835499,2016,9,8,8,49,27.0,2016.6888916457526,51
10548,36.4543,-96.8664,0.0,1.0,-10783118.322977556,4363313.761654775,2016,9,8,9,34,43.0,2016.688977710599,40
10549,36.4354,-96.8636,0.0,1.28,-10782806.628403334,4360698.318518952,2016,9,8,10,15,53.0,2016.689055980176,48
10551,36.4247,-96.8272,0.0,0.88,-10778754.59893846,4359217.900263378,2016,9,8,10,47,19.0,2016.6891157439095,26
10552,36.4618,-96.8404,0.0,1.15,-10780224.01621693,4364351.8125398075,2016,9,8,11,18,59.0,2016.6891759512764,25
10553,36.4315,-96.891,0.0,0.99,-10785856.782451069,4360158.7031846335,2016,9,8,13,40,45.0,2016.6894454901512,50
10555,36.4314,-96.8599,0.0,1.25,-10782394.746287398,4360144.867250516,2016,9,8,15,22,30.0,2016.6896389459275,48
10557,36.4404,-96.8843,0.0,1.56,-10785110.941862755,4361390.172717214,2016,9,8,17,4,1.0,2016.6898319580703,61
10559,36.4504,-96.8541,0.0,0.89,-10781749.0932408,4362774.014864648,2016,9,8,19,20,53.0,2016.6900921806475,43
10560,36.4315,-96.891,0.0,1.15,-10785856.782451069,4360158.7031846335,2016,9,8,20,14,54.0,2016.6901948817401,50
10561,36.3938,-96.836,0.0,1.68,-10779734.21045744,4354943.818540041,2016,9,8,22,32,28.0,2016.690456435217,20
10562,36.4216,-96.86,10.64,1.24,-10782405.878236478,4358789.032157611,2016,9,8,22,41,54.0,2016.6904743706746,57
10563,36.4161,-96.8667,0.0,1.26,-10783151.718824793,4358028.179263074,2016,9,8,23,5,36.0,2016.6905194311355,57
10565,36.4315,-96.891,0.0,0.81,-10785856.782451069,4360158.7031846335,2016,9,8,23,33,7.0,2016.6905717481684,50
10566,36.4315,-96.891,0.0,1.02,-10785856.782451069,4360158.7031846335,2016,9,9,1,5,50.0,2016.690748029001,50
10567,36.4315,-96.891,0.0,0.99,-10785856.782451069,4360158.7031846335,2016,9,9,1,50,37.0,2016.690833174893,50
10568,36.4314,-96.8599,0.0,1.89,-10782394.746287398,4360144.867250516,2016,9,9,2,25,11.0,2016.690898895987,48
10569,36.4306,-96.8724,0.0,0.83,-10783786.239922315,4360034.180419227,2016,9,9,3,23,56.0,2016.6910105964967,45
10570,36.4321,-96.8583,0.0,0.9,-10782216.635102129,4360241.719163654,2016,9,9,4,9,31.0,2016.6910972634166,48
10571,36.4306,-96.8724,0.0,1.29,-10783786.239922315,4360034.180419227,2016,9,9,5,31,2.0,2016.6912522498542,45
10574,36.4247,-96.8272,0.0,0.98,-10778754.59893846,4359217.900263378,2016,9,9,8,57,6.0,2016.691644041372,26
10576,36.3811,-96.9901,14.642,0.86,-10796888.543988682,4353187.6498284135,2016,9,9,11,22,39.0,2016.691920773443,17
10577,36.4379,-96.9044,0.0,0.9,-10787348.4636277,4361044.240046276,2016,9,9,12,27,13.0,2016.692043533095,59
10582,36.4354,-96.8747,0.0,1.34,-10784042.27475114,4360698.318518952,2016,9,9,18,24,52.0,2016.6927235277715,44
10583,36.3938,-96.836,0.0,1.43,-10779734.21045744,4354943.818540041,2016,9,9,18,53,9.0,2016.6927773024565,20
10584,36.3938,-96.836,0.0,1.13,-10779734.21045744,4354943.818540041,2016,9,9,19,10,48.0,2016.6928108601414,20
10586,36.4161,-96.8667,0.0,1.08,-10783151.718824793,4358028.179263074,2016,9,9,20,24,16.0,2016.6929505412324,57
10588,36.4138,-96.8142,0.0,1.17,-10777307.445558146,4357710.020393209,2016,9,9,23,47,54.0,2016.6933377062894,19
10590,36.4247,-96.9088,0.0,1.03,-10787838.26938719,4359217.900263378,2016,9,10,0,39,14.0,2016.6934353056,51
10593,36.4214,-96.9087,0.0,0.84,-10787827.137438111,4358761.363835499,2016,9,10,3,42,34.0,2016.693783874566,51
10594,36.4161,-96.8667,0.0,1.11,-10783151.718824793,4358028.179263074,2016,9,10,4,4,40.0,2016.6938258929704,57
10595,36.4306,-96.8724,0.0,1.02,-10783786.239922315,4360034.180419227,2016,9,10,4,52,25.0,2016.693916679342,45
10596,36.4115,-96.8758,0.0,0.82,-10784164.726191012,4357391.870944072,2016,9,10,5,43,56.0,2016.6940146272213,56
10598,36.4115,-96.8758,0.0,0.74,-10784164.726191012,4357391.870944072,2016,9,10,7,4,24.0,2016.6941676173094,56
10600,36.4161,-96.8782,0.0,1.14,-10784431.892968917,4358028.179263074,2016,9,10,10,29,5.0,2016.6945567787157,55
10602,36.4226,-96.9072,0.0,0.92,-10787660.15820192,4358927.374837114,2016,9,10,11,19,18.0,2016.6946522549242,51
10603,36.4293,-96.9131,0.0,0.72,-10788316.9431976,4359854.316751253,2016,9,10,11,47,54.0,2016.694706631683,58
10604,36.4617,-96.847,0.0,1.28,-10780958.724856166,4364337.971200943,2016,9,10,12,57,27.0,2016.6948388660735,24
10605,36.3811,-96.9901,14.642,0.87,-10796888.543988682,4353187.6498284135,2016,9,10,13,11,17.0,2016.6948651671864,17
10606,36.3938,-96.836,0.0,1.56,-10779734.21045744,4354943.818540041,2016,9,10,13,42,16.0,2016.6949240753415,20
10607,36.4161,-96.8782,0.0,1.27,-10784431.892968917,4358028.179263074,2016,9,10,13,59,39.0,2016.6949571260172,55
10611,36.4322,-96.8393,0.0,0.81,-10780101.564777058,4360255.555222543,2016,9,10,19,41,49.0,2016.69560768246,27
10613,36.4308,-96.8922,0.0,0.79,-10785990.365840022,4360061.852020108,2016,9,10,21,44,7.0,2016.6958402096484,50
10614,36.4342,-96.897,0.0,0.88,-10786524.69939583,4360532.280143644,2016,9,10,22,28,15.0,2016.6959241197048,50
10616,36.4288,-96.8789,0.0,0.66,-10784509.81661247,4359785.139219427,2016,9,11,0,15,11.0,2016.6961274304763,45
10618,36.4288,-96.8789,0.0,1.11,-10784509.81661247,4359785.139219427,2016,9,11,1,9,12.0,2016.6962301315689,45
10619,36.4617,-96.847,0.0,1.08,-10780958.724856166,4364337.971200943,2016,9,11,3,9,8.0,2016.696458159049,24
10620,36.4286,-96.8742,0.0,2.99,-10783986.615005743,4359757.468331449,2016,9,11,4,57,16.0,2016.6966637513626,45
10621,36.4288,-96.8789,0.0,0.66,-10784509.81661247,4359785.139219427,2016,9,11,5,15,28.0,2016.6966983547545,45
10622,36.4203,-96.8639,0.0,1.01,-10782840.024250573,4358609.189337653,2016,9,11,5,39,19.0,2016.6967437004082,57
10625,36.4306,-96.8724,0.0,0.86,-10783786.239922315,4360034.180419227,2016,9,11,8,40,20.0,2016.6970878647298,45
10626,36.4162,-96.8808,10.896,0.72,-10784721.323644977,4358042.012471137,2016,9,11,11,32,33.0,2016.6974152977414,55
10630,36.413,-96.8738,0.0,1.09,-10783942.087209426,4357599.358646789,2016,9,11,17,13,10.0,2016.698062907192,56
10631,36.3544,-96.9172,12.094,0.69,-10788773.353109853,4349496.48208893,2016,9,11,20,58,44.0,2016.6984917737725,16
10632,36.4214,-96.9087,0.0,0.9,-10787827.137438111,4358761.363835499,2016,9,11,21,52,23.0,2016.6985937777272,51
10634,36.4322,-96.8393,0.0,1.12,-10780101.564777058,4360255.555222543,2016,9,12,1,24,54.0,2016.6989978325348,27
10635,36.4245,-96.8426,0.0,0.83,-10780468.919096677,4359190.23083663,2016,9,12,2,40,57.0,2016.6991424252794,37
10637,36.3915,-96.8345,0.0,1.15,-10779567.23122125,4354625.750965185,2016,9,12,4,30,43.0,2016.6993511230257,20
10639,36.4366,-96.8967,0.0,0.76,-10786491.303548591,4360864.359461431,2016,9,12,7,4,45.0,2016.6996439843333,50
10640,36.4618,-96.8404,0.0,1.04,-10780224.01621693,4364351.8125398075,2016,9,12,7,34,25.0,2016.6997003891297,25
10643,36.4175,-96.808,0.0,1.29,-10776617.26471523,4358221.845796738,2016,9,12,10,24,32.0,2016.700023829442,19
10645,36.4371,-96.8534,0.0,1.43,-10781671.169597242,4360933.543945174,2016,9,12,11,22,57.0,2016.7001348961899,48
10646,36.4404,-96.8843,0.0,1.81,-10785110.941862755,4361390.172717214,2016,9,12,14,17,44.0,2016.7004672091666,61
10648,36.4161,-96.8782,0.0,1.1,-10784431.892968917,4358028.179263074,2016,9,12,14,48,38.0,2016.7005259588816,55
10649,36.4618,-96.8404,0.0,1.09,-10780224.01621693,4364351.8125398075,2016,9,12,14,56,59.0,2016.7005418346134,25
10650,36.4315,-96.891,0.0,0.96,-10785856.782451069,4360158.7031846335,2016,9,12,16,29,41.0,2016.700718083758,50
10651,36.4251,-96.8481,0.0,1.09,-10781081.176296039,4359273.239330692,2016,9,12,16,56,33.0,2016.7007691649555,36
10652,36.4543,-96.8664,0.0,1.71,-10783118.322977556,4363313.761654775,2016,9,12,18,24,28.0,2016.7009363196187,40
10653,36.3938,-96.836,0.0,0.96,-10779734.21045744,4354943.818540041,2016,9,12,19,2,10.0,2016.7010079980735,20
10654,36.4226,-96.9072,0.0,1.02,-10787660.15820192,4358927.374837114,2016,9,12,19,39,33.0,2016.7010790744544,51
10657,36.4404,-96.8843,0.0,3.24,-10785110.941862755,4361390.172717214,2016,9,12,21,39,15.0,2016.701306658301,61
10658,36.4404,-96.8843,0.0,1.25,-10785110.941862755,4361390.172717214,2016,9,12,21,57,15.0,2016.701340881436,61
10659,36.4618,-96.8404,0.0,1.09,-10780224.01621693,4364351.8125398075,2016,9,13,1,42,12.0,2016.701768575557,25
10660,36.4379,-96.9044,0.0,0.74,-10787348.4636277,4361044.240046276,2016,9,13,3,3,49.0,2016.701923752123,59
10662,36.3811,-96.9901,14.642,0.94,-10796888.543988682,4353187.6498284135,2016,9,13,4,34,49.0,2016.7020967690826,17
10663,36.4216,-96.86,10.64,1.27,-10782405.878236478,4358789.032157611,2016,9,13,4,47,58.0,2016.702121770984,57
10666,36.4301,-96.8308,0.0,0.89,-10779155.349105315,4359965.001728936,2016,9,13,5,39,19.0,2016.7022194019823,26
10668,36.4618,-96.8404,0.0,1.06,-10780224.01621693,4364351.8125398075,2016,9,13,8,13,37.0,2016.7025127702993,25
10669,36.4168,-96.836,0.0,0.73,-10779734.21045744,4358125.012093533,2016,9,13,8,29,35.0,2016.7025431274876,30
10673,36.4103,-96.8848,0.0,1.26,-10785166.601608152,4357225.883666574,2016,9,13,12,44,51.0,2016.7030284622406,54
10674,36.4371,-96.8534,0.0,1.55,-10781671.169597242,4360933.543945174,2016,9,13,13,32,31.0,2016.7031190901716,48
10675,36.4543,-96.8664,0.0,1.07,-10783118.322977556,4363313.761654775,2016,9,13,13,44,56.0,2016.7031426977971,40
10676,36.4288,-96.8789,0.0,1.58,-10784509.81661247,4359785.139219427,2016,9,13,14,23,36.0,2016.7032162141609,45
10677,36.4504,-96.8541,0.0,0.8,-10781749.0932408,4362774.014864648,2016,9,13,15,6,24.0,2016.7032975891702,43
10680,36.4233,-96.8615,0.0,1.95,-10782572.85747267,4359024.215772828,2016,9,13,17,17,23.0,2016.7035466258524,57
10681,36.4226,-96.9072,0.0,1.06,-10787660.15820192,4358927.374837114,2016,9,13,17,27,31.0,2016.7035658922098,51
10682,36.3991,-96.9337,0.133,1.43,-10790610.124707943,4355676.792697502,2016,9,13,19,26,29.0,2016.7037920817806,15
10683,36.417,-96.8628,0.0,0.99,-10782717.572810698,4358152.678776818,2016,9,13,20,59,37.0,2016.7039691548152,57
10684,36.4413,-96.8731,0.0,0.74,-10783864.16356587,4361514.7112069735,2016,9,13,22,34,25.0,2016.7041493966587,42
10685,36.4214,-96.9087,0.0,0.85,-10787827.137438111,4358761.363835499,2016,9,13,23,18,51.0,2016.704233877101,51
10686,36.4214,-96.9087,0.0,0.66,-10787827.137438111,4358761.363835499,2016,9,13,23,42,36.0,2016.7042790326261,51
10687,36.4321,-96.8583,0.0,0.8,-10782216.635102129,4360241.719163654,2016,9,14,0,43,14.0,2016.7043943138895,48
10688,36.4379,-96.9044,0.0,0.68,-10787348.4636277,4361044.240046276,2016,9,14,1,24,20.0,2016.704472456714,59
10689,36.4504,-96.8541,0.0,0.72,-10781749.0932408,4362774.014864648,2016,9,14,1,35,46.0,2016.7044941947422,43
10690,36.4618,-96.8404,0.0,0.91,-10780224.01621693,4364351.8125398075,2016,9,14,4,48,24.0,2016.7048604456613,25
10692,36.4293,-96.9131,0.0,0.83,-10788316.9431976,4359854.316751253,2016,9,14,5,44,4.0,2016.7049662838745,58
10693,36.4301,-96.8308,0.0,1.09,-10779155.349105315,4359965.001728936,2016,9,14,6,27,50.0,2016.7050494967932,26
10694,36.4529,-96.8588,0.0,1.16,-10782272.294847528,4363120.00327431,2016,9,14,6,46,22.0,2016.7050847339467,41
10696,36.3991,-96.9337,0.133,0.99,-10790610.124707943,4355676.792697502,2016,9,14,9,8,7.0,2016.7053542411336,15
10698,36.3811,-96.9901,14.642,1.34,-10796888.543988682,4353187.6498284135,2016,9,14,12,15,21.0,2016.7057102251122,17
10700,36.3991,-96.9337,0.133,1.13,-10790610.124707943,4355676.792697502,2016,9,14,14,37,55.0,2016.7059812850152,15
10701,36.4618,-96.8404,0.0,1.37,-10780224.01621693,4364351.8125398075,2016,9,14,16,50,24.0,2016.7062331736254,25
10703,36.4322,-96.8393,0.0,1.03,-10780101.564777058,4360255.555222543,2016,9,14,17,52,32.0,2016.7063513068167,27
10704,36.4618,-96.8404,0.0,1.08,-10780224.01621693,4364351.8125398075,2016,9,14,18,33,2.0,2016.70642830887,25
10705,36.4175,-96.808,0.0,0.88,-10776617.26471523,4358221.845796738,2016,9,14,18,51,20.0,2016.7064631023904,19
10706,36.4504,-96.8541,0.0,1.0,-10781749.0932408,4362774.014864648,2016,9,14,19,12,16.0,2016.706502902629,43
10707,36.3938,-96.836,0.0,1.84,-10779734.21045744,4354943.818540041,2016,9,14,19,31,4.0,2016.7065386467918,20
10709,36.4293,-96.9131,0.0,0.89,-10788316.9431976,4359854.316751253,2016,9,14,20,42,45.0,2016.7066749372575,58
10711,36.4504,-96.8541,0.0,0.66,-10781749.0932408,4362774.014864648,2016,9,14,23,9,5.0,2016.7069531586685,43
10712,36.4618,-96.8404,0.0,1.14,-10780224.01621693,4364351.8125398075,2016,9,14,23,53,36.0,2016.707037797551,25
10713,36.4161,-96.8782,0.0,0.87,-10784431.892968917,4358028.179263074,2016,9,15,0,28,12.0,2016.7071035820215,55
10714,36.3777,-96.9196,0.0,1.28,-10789040.519887758,4352717.543096107,2016,9,15,3,37,4.0,2016.7074626714325,15
10715,36.4214,-96.8484,0.0,0.55,-10781114.572143275,4358761.363835499,2016,9,15,3,54,11.0,2016.7074952150988,36
10716,36.3777,-96.9196,0.0,1.0,-10789040.519887758,4352717.543096107,2016,9,15,5,1,49.0,2016.7076238053592,15
10717,36.4379,-96.9044,0.0,0.87,-10787348.4636277,4361044.240046276,2016,9,15,6,15,0.0,2016.7077629477526,59
10718,36.4618,-96.8404,0.0,0.91,-10780224.01621693,4364351.8125398075,2016,9,15,6,40,32.0,2016.7078114939031,25
10719,36.4379,-96.9044,0.0,0.58,-10787348.4636277,4361044.240046276,2016,9,15,7,4,0.0,2016.7078561107307,59
10720,36.4293,-96.9131,0.0,1.14,-10788316.9431976,4359854.316751253,2016,9,15,7,20,28.0,2016.7078874185615,58
10721,36.4226,-96.9072,0.0,0.88,-10787660.15820192,4358927.374837114,2016,9,15,8,2,59.0,2016.7079682548735,51
10722,36.4308,-96.8922,0.0,0.62,-10785990.365840022,4360061.852020108,2016,9,15,8,28,6.0,2016.708016008822,50
10724,36.4354,-96.8747,0.0,0.78,-10784042.27475114,4360698.318518952,2016,9,15,9,59,33.0,2016.7081898813599,44
10725,36.4371,-96.8534,0.0,1.17,-10781671.169597242,4360933.543945174,2016,9,15,10,39,21.0,2016.7082655525135,48
10726,36.4543,-96.8664,0.0,1.57,-10783118.322977556,4363313.761654775,2016,9,15,10,52,45.0,2016.708291029736,40
10727,36.4371,-96.8534,0.0,1.25,-10781671.169597242,4360933.543945174,2016,9,15,11,32,28.0,2016.7083665424493,48
10732,36.4315,-96.891,0.0,1.28,-10785856.782451069,4360158.7031846335,2016,9,15,14,54,6.0,2016.7087499049358,50
10733,36.4314,-96.8599,0.0,1.56,-10782394.746287398,4360144.867250516,2016,9,15,15,35,17.0,2016.7088282062007,48
10734,36.4247,-96.9088,0.0,1.14,-10787838.26938719,4359217.900263378,2016,9,15,17,16,59.0,2016.7090215669125,51
10736,36.4354,-96.8636,0.0,1.4,-10782806.628403334,4360698.318518952,2016,9,15,18,36,33.0,2016.7091728458438,48
10737,36.4618,-96.8404,0.0,1.05,-10780224.01621693,4364351.8125398075,2016,9,15,18,50,40.0,2016.709199685654,25
10739,36.4341,-96.8549,0.0,0.69,-10781838.148833433,4360518.443728243,2016,9,15,23,50,49.0,2016.7097703564277,48
10740,36.4354,-96.8747,0.0,0.67,-10784042.27475114,4360698.318518952,2016,9,16,0,37,46.0,2016.7098596217709,44
10741,36.4301,-96.8308,0.0,1.84,-10779155.349105315,4359965.001728936,2016,9,16,1,48,12.0,2016.70999353563,26
10742,36.4306,-96.8724,0.0,0.87,-10783786.239922315,4360034.180419227,2016,9,16,3,11,10.0,2016.7101512789313,45
10743,36.4341,-96.8549,0.0,0.63,-10781838.148833433,4360518.443728243,2016,9,16,3,40,10.0,2016.710206416204,48
10744,36.4413,-96.8731,0.0,1.3,-10783864.16356587,4361514.7112069735,2016,9,16,4,45,7.0,2016.7103299046823,42
10745,36.4366,-96.8967,0.0,1.46,-10786491.303548591,4360864.359461431,2016,9,16,5,35,31.0,2016.7104257294598,50
10747,36.4301,-96.8308,0.0,1.02,-10779155.349105315,4359965.001728936,2016,9,16,12,37,46.0,2016.7112285471646,26
10748,36.4162,-96.8808,10.896,1.11,-10784721.323644977,4358042.012471137,2016,9,16,15,36,29.0,2016.7115683385302,55
10749,36.4301,-96.8308,0.0,1.32,-10779155.349105315,4359965.001728936,2016,9,16,16,51,47.0,2016.7117115053109,26
10750,36.4293,-96.9131,0.0,0.76,-10788316.9431976,4359854.316751253,2016,9,16,19,12,31.0,2016.7119790795243,58
10751,36.4504,-96.8541,0.0,0.82,-10781749.0932408,4362774.014864648,2016,9,16,22,27,17.0,2016.7123493865186,43
10752,36.4203,-96.8639,0.0,2.21,-10782840.024250573,4358609.189337653,2016,9,16,23,57,44.0,2016.7125213577713,57
10753,36.4306,-96.8724,0.0,0.92,-10783786.239922315,4360034.180419227,2016,9,17,1,14,31.0,2016.7126673447917,45
10760,36.4354,-96.8747,0.0,1.16,-10784042.27475114,4360698.318518952,2016,9,17,8,57,6.0,2016.713546847669,44
10761,36.4354,-96.8747,0.0,1.09,-10784042.27475114,4360698.318518952,2016,9,17,9,14,54.0,2016.713580690547,44
10762,36.4228,-96.8463,0.0,0.98,-10780880.80121261,4358955.043586806,2016,9,17,11,24,20.0,2016.7138267802368,36
10763,36.4115,-96.8758,0.0,1.1,-10784164.726191012,4357391.870944072,2016,9,17,12,56,39.0,2016.7140023005552,56
10765,36.4288,-96.8789,0.0,0.69,-10784509.81661247,4359785.139219427,2016,9,17,17,29,39.0,2016.7145213514336,45
10767,36.4504,-96.8541,0.0,0.73,-10781749.0932408,4362774.014864648,2016,9,17,18,1,29.0,2016.7145818756812,43
10768,36.4336,-96.907,0.0,0.54,-10787637.894303761,4360449.261918631,2016,9,17,18,18,10.0,2016.7146135954572,59
10769,36.4371,-96.8534,0.0,1.54,-10781671.169597242,4360933.543945174,2016,9,17,21,40,39.0,2016.7149985740361,48
10771,36.4223,-96.8349,0.0,0.69,-10779611.759017568,4358885.871846195,2016,9,17,22,20,8.0,2016.715073643116,30
10772,36.4288,-96.8789,0.0,0.69,-10784509.81661247,4359785.139219427,2016,9,17,23,0,42.0,2016.7151507719218,45
10773,36.4618,-96.8404,0.0,1.03,-10780224.01621693,4364351.8125398075,2016,9,18,0,15,17.0,2016.7152925761147,25
10774,36.4342,-96.897,0.0,0.55,-10786524.69939583,4360532.280143644,2016,9,18,2,2,9.0,2016.7154957601338,50
10775,36.4404,-96.8843,0.0,1.48,-10785110.941862755,4361390.172717214,2016,9,18,4,36,24.0,2016.7157890333865,61
10777,36.4529,-96.8512,0.0,0.89,-10781426.266717497,4363120.00327431,2016,9,18,6,14,17.0,2016.7159751375264,47
10778,36.4529,-96.8512,0.0,0.9,-10781426.266717497,4363120.00327431,2016,9,18,6,53,57.0,2016.7160505551753,47
10779,36.3811,-96.9901,14.642,0.69,-10796888.543988682,4353187.6498284135,2016,9,18,7,49,53.0,2016.716156900398,17
10780,36.4321,-96.8583,0.0,0.69,-10782216.635102129,4360241.719163654,2016,9,18,7,57,33.0,2016.7161714769184,48
10781,36.4354,-96.8747,0.0,0.5,-10784042.27475114,4360698.318518952,2016,9,18,8,28,11.0,2016.7162297196237,44
10782,36.4321,-96.8583,0.0,1.38,-10782216.635102129,4360241.719163654,2016,9,18,8,42,3.0,2016.716256084113,48
10783,36.4529,-96.8512,0.0,0.88,-10781426.266717497,4363120.00327431,2016,9,18,9,36,54.0,2016.71636036961,47
10785,36.4247,-96.9088,0.0,1.93,-10787838.26938719,4359217.900263378,2016,9,18,12,38,52.0,2016.7167063401525,51
10786,36.4247,-96.9088,0.0,0.96,-10787838.26938719,4359217.900263378,2016,9,18,13,32,23.0,2016.7168080906026,51
10787,36.4366,-96.8967,0.0,1.29,-10786491.303548591,4360864.359461431,2016,9,18,15,4,36.0,2016.7169834207925,50
10788,36.4341,-96.8549,0.0,1.08,-10781838.148833433,4360518.443728243,2016,9,18,16,37,51.0,2016.7171607156438,48
10791,36.4162,-96.8808,10.896,0.66,-10784721.323644977,4358042.012471137,2016,9,18,20,3,33.0,2016.7175518100237,55
10792,36.4504,-96.8541,0.0,0.88,-10781749.0932408,4362774.014864648,2016,9,19,0,31,29.0,2016.7180612277232,43
10793,36.3544,-96.9172,12.094,0.8,-10788773.353109853,4349496.48208893,2016,9,19,1,41,0.0,2016.7181933987376,16
10794,36.3906,-96.8988,0.015,0.92,-10786725.074479256,4354501.29230191,2016,9,19,2,12,6.0,2016.7182525287094,18
10795,36.4286,-96.8742,0.0,1.2,-10783986.615005743,4359757.468331449,2016,9,19,2,30,35.0,2016.7182876707989,45
10796,36.4245,-96.8426,0.0,0.83,-10780468.919096677,4359190.23083663,2016,9,19,3,13,23.0,2016.7183690458082,37
10797,36.3544,-96.9172,12.094,0.42,-10788773.353109853,4349496.48208893,2016,9,19,3,24,6.0,2016.7183894212487,16
10798,36.4247,-96.9088,0.0,2.65,-10787838.26938719,4359217.900263378,2016,9,19,4,50,33.0,2016.7185537873602,51
10800,36.4618,-96.8404,0.0,1.1,-10780224.01621693,4364351.8125398075,2016,9,19,7,48,0.0,2016.718891170431,25
10801,36.3991,-96.9337,0.133,1.11,-10790610.124707943,4355676.792697502,2016,9,19,13,33,11.0,2016.719547462418,15
10803,36.4168,-96.836,0.0,0.97,-10779734.21045744,4358125.012093533,2016,9,19,14,56,7.0,2016.719705142343,30
10805,36.4185,-96.8924,0.0,1.0,-10786012.62973818,4358360.181172472,2016,9,19,17,28,49.0,2016.7199954686034,54
10807,36.3991,-96.9337,0.133,1.13,-10790610.124707943,4355676.792697502,2016,9,19,18,49,43.0,2016.7201492825816,15
10808,36.4243,-96.8647,11.79,0.64,-10782929.079843206,4359162.5614811545,2016,9,19,19,9,15.0,2016.7201864210206,57
10809,36.4315,-96.891,0.0,1.36,-10785856.782451069,4360158.7031846335,2016,9,19,21,10,57.0,2016.7204178074378,50
10812,36.4504,-96.8541,0.0,0.63,-10781749.0932408,4362774.014864648,2016,9,20,4,23,20.0,2016.7212398915,43
10813,36.4243,-96.8647,11.79,1.39,-10782929.079843206,4359162.5614811545,2016,9,20,6,36,34.0,2016.721493206074,57
10814,36.4214,-96.8484,0.0,0.5,-10781114.572143275,4358761.363835499,2016,9,20,7,13,54.0,2016.7215641873906,36
10815,36.4341,-96.8549,0.0,0.76,-10781838.148833433,4360518.443728243,2016,9,20,8,14,40.0,2016.7216797221588,48
10816,36.4341,-96.8549,0.0,0.59,-10781838.148833433,4360518.443728243,2016,9,20,8,41,5.0,2016.721729947778,48
10818,36.4315,-96.891,0.0,0.94,-10785856.782451069,4360158.7031846335,2016,9,20,13,31,40.0,2016.722282429589,50
10820,36.4306,-96.8724,0.0,1.45,-10783786.239922315,4360034.180419227,2016,9,20,15,31,34.0,2016.7225103936928,45
10821,36.4617,-96.847,0.0,1.16,-10780958.724856166,4364337.971200943,2016,9,20,16,24,53.0,2016.7226117638857,24
10823,36.4617,-96.847,0.0,1.7,-10780958.724856166,4364337.971200943,2016,9,20,17,58,16.0,2016.7227893122417,24
10825,36.4288,-96.8789,0.0,2.08,-10784509.81661247,4359785.139219427,2016,9,20,19,23,23.0,2016.7229511433063,45
10826,36.4301,-96.8308,0.0,1.13,-10779155.349105315,4359965.001728936,2016,9,20,20,18,19.0,2016.7230555872436,26
10828,36.3923,-96.8972,0.0,0.54,-10786546.963293988,4354736.382097743,2016,9,20,22,57,51.0,2016.7233589056202,18
10831,36.4315,-96.891,0.0,1.0,-10785856.782451069,4360158.7031846335,2016,9,21,4,49,47.0,2016.7240280312824,50
10832,36.4306,-96.8724,0.0,1.07,-10783786.239922315,4360034.180419227,2016,9,21,5,7,18.0,2016.7240613354627,45
10834,36.4618,-96.8404,0.0,2.17,-10780224.01621693,4364351.8125398075,2016,9,21,7,56,29.0,2016.7243830012421,25
10835,36.4529,-96.8512,0.0,0.95,-10781426.266717497,4363120.00327431,2016,9,21,8,8,6.0,2016.7244050878394,47
10836,36.4618,-96.8404,0.0,1.14,-10780224.01621693,4364351.8125398075,2016,9,21,8,31,53.0,2016.7244503067407,25
10837,36.4618,-96.8404,0.0,0.94,-10780224.01621693,4364351.8125398075,2016,9,21,8,45,39.0,2016.7244764811012,25
10841,36.4504,-96.8541,0.0,0.73,-10781749.0932408,4362774.014864648,2016,9,21,15,28,56.0,2016.725243237762,43
10842,36.4223,-96.8349,0.0,0.74,-10779611.759017568,4358885.871846195,2016,9,21,15,46,51.0,2016.7252773024566,30
10843,36.4247,-96.9088,0.0,1.26,-10787838.26938719,4359217.900263378,2016,9,21,16,12,21.0,2016.7253257852308,51
10845,36.4301,-96.8308,0.0,1.43,-10779155.349105315,4359965.001728936,2016,9,21,18,19,16.0,2016.7255670900195,26
10846,36.4226,-96.9072,0.0,1.02,-10787660.15820192,4358927.374837114,2016,9,21,18,32,8.0,2016.7255915532232,51
10847,36.4226,-96.9072,0.0,0.98,-10787660.15820192,4358927.374837114,2016,9,21,19,40,53.0,2016.7257222665855,51
10851,36.4314,-96.8599,0.0,1.03,-10782394.746287398,4360144.867250516,2016,9,22,0,38,35.0,2016.7262882792102,48
10854,36.4342,-96.897,0.0,0.83,-10786524.69939583,4360532.280143644,2016,9,22,4,18,56.0,2016.726707227419,50
10855,36.4379,-96.9044,0.0,1.3,-10787348.4636277,4361044.240046276,2016,9,22,5,33,29.0,2016.7268489682358,59
10856,36.4342,-96.897,0.0,2.14,-10786524.69939583,4360532.280143644,2016,9,22,6,28,14.0,2016.7269530636042,50
10857,36.4342,-96.897,0.0,0.65,-10786524.69939583,4360532.280143644,2016,9,22,7,28,36.0,2016.7270678378584,50
10860,36.4543,-96.8664,0.0,1.42,-10783118.322977556,4363313.761654775,2016,9,22,8,52,54.0,2016.7272281162066,40
10863,36.3938,-96.836,0.0,1.21,-10779734.21045744,4354943.818540041,2016,9,22,10,8,33.0,2016.7273719484372,20
10864,36.4321,-96.8583,0.0,1.0,-10782216.635102129,4360241.719163654,2016,9,22,14,44,35.0,2016.7278967665475,48
10865,36.4379,-96.9044,0.0,0.86,-10787348.4636277,4361044.240046276,2016,9,22,15,11,25.0,2016.727947784369,59
10866,36.4529,-96.8588,0.0,1.74,-10782272.294847528,4363120.00327431,2016,9,22,16,59,17.0,2016.7281528696733,41
10867,36.4251,-96.8481,0.0,1.28,-10781081.176296039,4359273.239330692,2016,9,22,18,19,56.0,2016.7283062083302,36
10868,36.4214,-96.9087,0.0,1.01,-10787827.137438111,4358761.363835499,2016,9,22,19,24,20.0,2016.7284286511015,51
10869,36.4293,-96.9131,0.0,0.84,-10788316.9431976,4359854.316751253,2016,9,22,19,36,54.0,2016.7284525439197,58
10870,36.4504,-96.8541,0.0,0.69,-10781749.0932408,4362774.014864648,2016,9,22,21,53,32.0,2016.7287123228637,43
10871,36.4306,-96.8724,0.0,1.63,-10783786.239922315,4360034.180419227,2016,9,22,22,11,8.0,2016.7287457854843,45
10872,36.4529,-96.8588,0.0,1.12,-10782272.294847528,4363120.00327431,2016,9,22,23,14,18.0,2016.7288658833372,41
10873,36.4185,-96.8924,0.0,1.19,-10786012.62973818,4358360.181172472,2016,9,23,0,31,24.0,2016.7290124724314,54
10874,36.4203,-96.8639,0.0,1.05,-10782840.024250573,4358609.189337653,2016,9,23,0,52,15.0,2016.7290521142293,57
10875,36.4618,-96.8404,0.0,0.83,-10780224.01621693,4364351.8125398075,2016,9,23,1,20,46.0,2016.7291063325474,25
10877,36.4306,-96.8724,0.0,0.81,-10783786.239922315,4360034.180419227,2016,9,23,4,8,3.0,2016.7294243858848,45
10878,36.4529,-96.8512,0.0,1.35,-10781426.266717497,4363120.00327431,2016,9,23,4,23,36.0,2016.7294539508707,47
10879,36.4529,-96.8512,0.0,0.84,-10781426.266717497,4363120.00327431,2016,9,23,8,52,14.0,2016.7299646994702,47
10880,36.4618,-96.8404,0.0,1.02,-10780224.01621693,4364351.8125398075,2016,9,23,10,11,33.0,2016.73011550308,25
10881,36.4371,-96.8361,0.0,0.72,-10779745.342406519,4360933.543945174,2016,9,23,10,46,21.0,2016.7301816678075,28
10882,36.4314,-96.8599,0.0,1.11,-10782394.746287398,4360144.867250516,2016,9,23,11,54,37.0,2016.730311462215,48
10883,36.4247,-96.8413,0.0,0.95,-10780324.203758644,4359217.900263378,2016,9,23,12,17,58.0,2016.7303558572262,37
10885,36.4617,-96.847,0.0,1.55,-10780958.724856166,4364337.971200943,2016,9,23,13,16,14.0,2016.730466638781,24
10887,36.4293,-96.9131,0.0,1.31,-10788316.9431976,4359854.316751253,2016,9,23,14,36,34.0,2016.7306193753643,58
10888,36.4341,-96.8549,0.0,1.03,-10781838.148833433,4360518.443728243,2016,9,23,15,51,38.0,2016.7307620985118,48
10889,36.4543,-96.8664,0.0,2.28,-10783118.322977556,4363313.761654775,2016,9,23,17,12,39.0,2016.7309161343069,40
10891,36.412,-96.9116,0.0,1.26,-10788149.963961411,4357461.033066466,2016,9,23,18,24,42.0,2016.7310531219105,53
10892,36.4301,-96.8308,0.0,1.38,-10779155.349105315,4359965.001728936,2016,9,23,19,0,32.0,2016.731121251299,26
10893,36.4618,-96.8404,0.0,1.12,-10780224.01621693,4364351.8125398075,2016,9,23,23,37,27.0,2016.7316477488782,25
10894,36.4336,-96.907,0.0,0.62,-10787637.894303761,4360449.261918631,2016,9,24,0,28,49.0,2016.7317454115648,59
10895,36.4404,-96.8843,0.0,1.65,-10785110.941862755,4361390.172717214,2016,9,24,1,1,46.0,2016.7318080589146,61
10896,36.4214,-96.8438,0.0,0.87,-10780602.502485627,4358761.363835499,2016,9,24,1,33,43.0,2016.7318688049788,36
10897,36.3991,-96.9337,0.133,0.87,-10790610.124707943,4355676.792697502,2016,9,24,3,0,12.0,2016.7320332344666,15
10900,36.4404,-96.8843,0.0,1.31,-10785110.941862755,4361390.172717214,2016,9,24,4,58,34.0,2016.7322582832662,61
10901,36.4618,-96.8404,0.0,1.38,-10780224.01621693,4364351.8125398075,2016,9,24,6,34,46.0,2016.732441186909,25
10902,36.4247,-96.8272,0.0,0.49,-10778754.59893846,4359217.900263378,2016,9,24,8,9,3.0,2016.7326204464218,26
10904,36.4618,-96.8404,0.0,1.04,-10780224.01621693,4364351.8125398075,2016,9,24,8,47,55.0,2016.7326943430426,25
10905,36.4293,-96.9131,0.0,1.54,-10788316.9431976,4359854.316751253,2016,9,24,9,4,13.0,2016.7327253339924,58
10906,36.4315,-96.891,0.0,0.86,-10785856.782451069,4360158.7031846335,2016,9,24,11,31,36.0,2016.733005551753,50
10910,36.4618,-96.8404,0.0,1.53,-10780224.01621693,4364351.8125398075,2016,9,24,20,30,2.0,2016.7340292671179,25
10914,36.412,-96.9116,0.0,0.88,-10788149.963961411,4357461.033066466,2016,9,25,3,18,38.0,2016.7348061322787,53
10916,36.4529,-96.8588,0.0,0.95,-10782272.294847528,4363120.00327431,2016,9,25,4,57,14.0,2016.7349935990062,41
10917,36.4203,-96.8639,0.0,0.96,-10782840.024250573,4358609.189337653,2016,9,25,6,30,25.0,2016.7351707671053,57
10918,36.4162,-96.8808,10.896,0.7,-10784721.323644977,4358042.012471137,2016,9,25,6,55,38.0,2016.7352187111821,55
10919,36.4175,-96.808,0.0,0.36,-10776617.26471523,4358221.845796738,2016,9,25,9,48,28.0,2016.7355473166526,19
10920,36.4618,-96.8404,0.0,0.84,-10780224.01621693,4364351.8125398075,2016,9,25,10,5,36.0,2016.735579892007,25
10922,36.4214,-96.9087,0.0,0.79,-10787827.137438111,4358761.363835499,2016,9,25,11,33,30.0,2016.735747014982,51
10923,36.4306,-96.8724,0.0,0.82,-10783786.239922315,4360034.180419227,2016,9,25,12,19,32.0,2016.7358345374807,45
10924,36.4617,-96.847,0.0,1.2,-10780958.724856166,4364337.971200943,2016,9,25,15,31,30.0,2016.7361995208762,24
10925,36.4529,-96.8588,0.0,1.04,-10782272.294847528,4363120.00327431,2016,9,25,16,18,6.0,2016.7362881207696,41
10926,36.4293,-96.9131,0.0,1.55,-10788316.9431976,4359854.316751253,2016,9,25,17,35,20.0,2016.7364349633685,58
10928,36.4618,-96.8404,0.0,0.87,-10780224.01621693,4364351.8125398075,2016,9,25,18,50,37.0,2016.7365780984612,25
10930,36.4195,-96.8801,0.0,0.73,-10784643.400001423,4358498.518329477,2016,9,25,21,54,14.0,2016.7369272061246,55
10931,36.4379,-96.9044,0.0,0.74,-10787348.4636277,4361044.240046276,2016,9,25,22,30,42.0,2016.7369965396608,59
10932,36.4306,-96.8724,0.0,0.85,-10783786.239922315,4360034.180419227,2016,9,26,1,5,36.0,2016.737291048749,45
10933,36.4226,-96.9072,0.0,0.97,-10787660.15820192,4358927.374837114,2016,9,26,2,7,23.0,2016.7374085164904,51
10934,36.4618,-96.8404,0.0,1.15,-10780224.01621693,4364351.8125398075,2016,9,26,3,43,56.0,2016.7375920855832,25
10935,36.4617,-96.847,0.0,2.12,-10780958.724856166,4364337.971200943,2016,9,26,4,3,42.0,2016.7376296676553,24
10936,36.4366,-96.8967,0.0,0.84,-10786491.303548591,4360864.359461431,2016,9,26,4,23,2.0,2016.7376664258372,50
10937,36.4379,-96.9044,0.0,0.68,-10787348.4636277,4361044.240046276,2016,9,26,5,14,34.0,2016.7377644054047,59
10938,36.4618,-96.8404,0.0,1.37,-10780224.01621693,4364351.8125398075,2016,9,26,5,48,35.0,2016.737829080792,25
10939,36.4618,-96.8404,0.0,0.99,-10780224.01621693,4364351.8125398075,2016,9,26,6,39,36.0,2016.7379260780287,25
10940,36.3991,-96.9337,0.133,0.75,-10790610.124707943,4355676.792697502,2016,9,26,7,57,15.0,2016.7380737128299,15
10941,36.4617,-96.847,0.0,1.0,-10780958.724856166,4364337.971200943,2016,9,26,8,44,3.0,2016.7381626929805,24
10942,36.4336,-96.907,0.0,0.71,-10787637.894303761,4360449.261918631,2016,9,26,9,44,56.0,2016.7382784495653,59
10943,36.4247,-96.8272,0.0,0.84,-10778754.59893846,4359217.900263378,2016,9,26,10,8,50.0,2016.7383238902833,26
10945,36.4617,-96.847,0.0,0.99,-10780958.724856166,4364337.971200943,2016,9,26,10,58,25.0,2016.7384181623445,24
10946,36.4504,-96.8541,0.0,0.68,-10781749.0932408,4362774.014864648,2016,9,26,11,31,46.0,2016.738481570208,43
10947,36.4617,-96.847,0.0,1.18,-10780958.724856166,4364337.971200943,2016,9,26,12,10,16.0,2016.738554769691,24
10948,36.4529,-96.8588,0.0,1.17,-10782272.294847528,4363120.00327431,2016,9,26,13,8,2.0,2016.7386646006034,41
10949,36.4617,-96.847,0.0,1.18,-10780958.724856166,4364337.971200943,2016,9,26,17,11,53.0,2016.7391282290162,24
10951,36.4529,-96.8588,0.0,1.24,-10782272.294847528,4363120.00327431,2016,9,26,21,11,11.0,2016.739583206581,41
10952,36.4315,-96.891,0.0,1.24,-10785856.782451069,4360158.7031846335,2016,9,26,22,8,12.0,2016.7396916115295,50
10953,36.4618,-96.8404,0.0,1.49,-10780224.01621693,4364351.8125398075,2016,9,27,16,19,19.0,2016.7417661355744,25
10954,36.4216,-96.86,10.64,1.16,-10782405.878236478,4358789.032157611,2016,9,27,21,48,7.0,2016.7423912781708,57
10955,36.3811,-96.9901,14.642,1.02,-10796888.543988682,4353187.6498284135,2016,9,28,0,16,8.0,2016.7426727000786,17
10956,36.4336,-96.907,0.0,0.94,-10787637.894303761,4360449.261918631,2016,9,28,1,31,28.0,2016.7428159302356,59
10957,36.4366,-96.8967,0.0,1.63,-10786491.303548591,4360864.359461431,2016,9,28,6,44,14.0,2016.7434105888915,50
10959,36.4322,-96.8393,0.0,0.9,-10780101.564777058,4360255.555222543,2016,9,28,13,47,4.0,2016.7442145156792,27
10960,36.412,-96.9116,0.0,1.13,-10788149.963961411,4357461.033066466,2016,9,28,14,41,6.0,2016.74431724846,53
10961,36.4226,-96.9072,0.0,1.01,-10787660.15820192,4358927.374837114,2016,9,28,14,49,22.0,2016.7443329657515,51
10964,36.4322,-96.8393,0.0,1.71,-10780101.564777058,4360255.555222543,2016,9,28,22,5,13.0,2016.745161640936,27
10965,36.4379,-96.9044,0.0,0.99,-10787348.4636277,4361044.240046276,2016,9,28,22,47,18.0,2016.7452416533577,59
10966,36.4321,-96.8583,0.0,0.82,-10782216.635102129,4360241.719163654,2016,9,29,1,45,23.0,2016.745580240576,48
10967,36.4617,-96.847,0.0,1.68,-10780958.724856166,4364337.971200943,2016,9,29,2,5,59.0,2016.7456194070526,24
10968,36.4306,-96.8724,0.0,1.46,-10783786.239922315,4360034.180419227,2016,9,29,3,2,39.0,2016.745727146551,45
10969,36.4306,-96.8724,0.0,0.96,-10783786.239922315,4360034.180419227,2016,9,29,3,17,22.0,2016.7457551271325,45
10970,36.4247,-96.9088,0.0,1.03,-10787838.26938719,4359217.900263378,2016,9,29,4,25,34.0,2016.745884794788,51
10971,36.4529,-96.8588,0.0,1.17,-10782272.294847528,4363120.00327431,2016,9,29,5,42,43.0,2016.7460314789464,41
10972,36.3835,-96.9274,0.0,2.11,-10789908.811915945,4353519.502249293,2016,9,29,6,11,31.0,2016.7460862359621,15
10973,36.3835,-96.9274,0.0,3.03,-10789908.811915945,4353519.502249293,2016,9,29,6,24,55.0,2016.7461117131847,15
10975,36.4529,-96.8588,0.0,2.28,-10782272.294847528,4363120.00327431,2016,9,29,8,33,59.0,2016.7463571057367,41
10976,36.3699,-96.9643,0.0,0.93,-10794016.501126215,4351639.140589087,2016,9,29,8,58,24.0,2016.7464035287855,15
10977,36.4617,-96.847,0.0,1.18,-10780958.724856166,4364337.971200943,2016,9,29,9,25,58.0,2016.7464559408827,24
10978,36.4223,-96.8349,0.0,0.62,-10779611.759017568,4358885.871846195,2016,9,29,9,49,0.0,2016.74649973382,30
10980,36.4404,-96.8843,0.0,1.41,-10785110.941862755,4361390.172717214,2016,9,29,13,43,10.0,2016.7469449514538,61
10981,36.4404,-96.8843,0.0,2.02,-10785110.941862755,4361390.172717214,2016,9,29,14,5,26.0,2016.746987286739,61
10982,36.4404,-96.8843,0.0,1.83,-10785110.941862755,4361390.172717214,2016,9,29,14,35,29.0,2016.7470444203616,61
10983,36.4242,-96.8356,0.0,1.18,-10779689.682661122,4359148.726830143,2016,9,29,16,2,33.0,2016.7472099589322,30
10984,36.4529,-96.8588,0.0,1.2,-10782272.294847528,4363120.00327431,2016,9,29,17,13,17.0,2016.7473444431769,41
10985,36.4371,-96.8534,0.0,1.09,-10781671.169597242,4360933.543945174,2016,9,29,23,56,39.0,2016.7481113582783,48
10987,36.4341,-96.8549,0.0,0.81,-10781838.148833433,4360518.443728243,2016,9,30,3,16,49.0,2016.7484919322128,48
10988,36.4618,-96.8404,0.0,1.05,-10780224.01621693,4364351.8125398075,2016,9,30,3,53,39.0,2016.748561962887,25
10989,36.4618,-96.8404,0.0,0.91,-10780224.01621693,4364351.8125398075,2016,9,30,4,55,12.0,2016.7486789869952,25
10990,36.4618,-96.8404,0.0,1.15,-10780224.01621693,4364351.8125398075,2016,9,30,7,15,18.0,2016.7489453570613,25
10993,36.4086,-96.8791,0.0,0.72,-10784532.08051063,4356990.739412464,2016,9,30,8,42,43.0,2016.749111561082,56
10994,36.4162,-96.8808,10.896,1.33,-10784721.323644977,4358042.012471137,2016,9,30,12,35,49.0,2016.749554750678,55
10995,36.4618,-96.8404,0.0,1.72,-10780224.01621693,4364351.8125398075,2016,9,30,14,34,33.0,2016.7497804966158,25
10997,36.4366,-96.8967,0.0,1.26,-10786491.303548591,4360864.359461431,2016,9,30,18,8,20.0,2016.7501869597181,50
10998,36.4504,-96.8541,0.0,0.89,-10781749.0932408,4362774.014864648,2016,9,30,18,25,53.0,2016.7502203272745,43
11002,36.4504,-96.8541,0.0,1.03,-10781749.0932408,4362774.014864648,2016,10,2,7,40,33.0,2016.7544690660886,43
11003,36.4617,-96.847,0.0,1.05,-10780958.724856166,4364337.971200943,2016,10,2,9,37,34.0,2016.7546915481532,24
11004,36.3938,-96.836,0.0,1.4,-10779734.21045744,4354943.818540041,2016,10,2,9,58,5.0,2016.7547305561893,20
11006,36.4618,-96.8404,0.0,1.47,-10780224.01621693,4364351.8125398075,2016,10,2,11,49,26.0,2016.754942264304,25
11007,36.4618,-96.8404,0.0,1.05,-10780224.01621693,4364351.8125398075,2016,10,2,14,11,22.0,2016.75521212006,25
11009,36.4617,-96.847,0.0,1.13,-10780958.724856166,4364337.971200943,2016,10,2,15,10,30.0,2016.7553245493955,24
11010,36.4504,-96.8541,0.0,0.68,-10781749.0932408,4362774.014864648,2016,10,2,17,1,30.0,2016.7555355920601,43
11011,36.4533,-96.854,0.0,1.44,-10781737.961291717,4363175.362454715,2016,10,2,17,40,11.0,2016.755609140112,46
11012,36.4533,-96.854,0.0,1.29,-10781737.961291717,4363175.362454715,2016,10,3,0,22,55.0,2016.756374851066,46
11015,36.4618,-96.8404,0.0,1.05,-10780224.01621693,4364351.8125398075,2016,10,4,2,15,28.0,2016.75932669151,25
11016,36.4371,-96.8534,0.0,1.54,-10781671.169597242,4360933.543945174,2016,10,4,3,31,41.0,2016.7594716011356,48
11017,36.4529,-96.8512,0.0,1.34,-10781426.266717497,4363120.00327431,2016,10,4,4,12,24.0,2016.7595490151343,47
11018,36.4529,-96.8588,0.0,1.12,-10782272.294847528,4363120.00327431,2016,10,4,4,55,45.0,2016.7596314358507,41
11020,36.412,-96.9116,0.0,1.18,-10788149.963961411,4357461.033066466,2016,10,4,5,30,13.0,2016.7596969668161,53
11021,36.4529,-96.8588,0.0,1.28,-10782272.294847528,4363120.00327431,2016,10,4,5,41,42.0,2016.7597187999088,41
11022,36.4247,-96.8272,0.0,0.74,-10778754.59893846,4359217.900263378,2016,10,4,6,38,43.0,2016.7598272048572,26
11024,36.4315,-96.891,0.0,3.78,-10785856.782451069,4360158.7031846335,2016,10,4,9,10,38.0,2016.7601160417776,50
11025,36.4315,-96.891,0.0,1.28,-10785856.782451069,4360158.7031846335,2016,10,4,12,9,32.0,2016.7604561817122,50
11026,36.4617,-96.847,0.0,1.42,-10780958.724856166,4364337.971200943,2016,10,4,15,23,38.0,2016.7608252211828,24
11027,36.4342,-96.897,0.0,0.81,-10786524.69939583,4360532.280143644,2016,10,4,18,47,39.0,2016.7612131150659,50
11028,36.4404,-96.8843,0.0,1.71,-10785110.941862755,4361390.172717214,2016,10,4,19,42,21.0,2016.76131711537,61
11031,36.4618,-96.8404,0.0,1.52,-10780224.01621693,4364351.8125398075,2016,10,4,23,42,25.0,2016.761773550587,25
11032,36.4226,-96.9072,0.0,0.94,-10787660.15820192,4358927.374837114,2016,10,5,1,19,18.0,2016.7619577534413,51
11033,36.4214,-96.8484,0.0,0.61,-10781114.572143275,4358761.363835499,2016,10,5,1,49,25.0,2016.762015013816,36
11034,36.4115,-96.8758,0.0,0.71,-10784164.726191012,4357391.870944072,2016,10,5,1,57,15.0,2016.7620299072173,56
11035,36.4448,-96.8715,0.0,1.09,-10783686.0523806,4361999.041287867,2016,10,5,2,13,38.0,2016.7620610566075,42
11039,36.3938,-96.836,0.0,0.74,-10779734.21045744,4354943.818540041,2016,10,5,5,51,19.0,2016.7624749347226,20
11041,36.4543,-96.8664,0.0,1.11,-10783118.322977556,4363313.761654775,2016,10,5,6,58,7.0,2016.7626019405784,40
11043,36.4293,-96.9131,0.0,0.67,-10788316.9431976,4359854.316751253,2016,10,5,8,7,45.0,2016.7627343334093,58
11045,36.4366,-96.8967,0.0,0.94,-10786491.303548591,4360864.359461431,2016,10,5,8,36,53.0,2016.7627897241869,50
11046,36.412,-96.9116,0.0,1.3,-10788149.963961411,4357461.033066466,2016,10,5,9,46,29.0,2016.7629220536417,53
11047,36.4301,-96.8308,0.0,0.85,-10779155.349105315,4359965.001728936,2016,10,5,10,1,56.0,2016.762951428499,26
11049,36.3906,-96.8988,0.015,1.81,-10786725.074479256,4354501.29230191,2016,10,5,16,46,28.0,2016.7637205617664,18
11050,36.3938,-96.836,0.0,1.73,-10779734.21045744,4354943.818540041,2016,10,5,17,3,12.0,2016.7637523766066,20
11051,36.3835,-96.9274,0.0,1.96,-10789908.811915945,4353519.502249293,2016,10,5,17,18,33.0,2016.7637815613355,15
11052,36.4315,-96.891,0.0,2.07,-10785856.782451069,4360158.7031846335,2016,10,5,18,17,54.0,2016.7638944026162,50
11053,36.4342,-96.897,0.0,0.73,-10786524.69939583,4360532.280143644,2016,10,5,23,54,33.0,2016.764534470302,50
11055,36.4242,-96.8356,0.0,0.87,-10779689.682661122,4359148.726830143,2016,10,6,1,18,21.0,2016.7646937980076,30
11056,36.4618,-96.8404,0.0,1.2,-10780224.01621693,4364351.8125398075,2016,10,6,2,36,27.0,2016.764842288387,25
11058,36.4529,-96.8512,0.0,1.1,-10781426.266717497,4363120.00327431,2016,10,6,6,6,55.0,2016.7652424455598,47
11060,36.4293,-96.9131,0.0,1.45,-10788316.9431976,4359854.316751253,2016,10,6,9,34,36.0,2016.765637310822,58
11062,36.4502,-96.8609,0.0,1.08,-10782506.065778192,4362746.336273596,2016,10,6,11,44,48.0,2016.765884858164,41
11063,36.4529,-96.8588,0.0,2.11,-10782272.294847528,4363120.00327431,2016,10,6,12,0,56.0,2016.765915532233,41
11064,36.4321,-96.8583,0.0,0.96,-10782216.635102129,4360241.719163654,2016,10,6,12,19,29.0,2016.765950801075,48
11065,36.4529,-96.8588,0.0,1.3,-10782272.294847528,4363120.00327431,2016,10,6,13,32,9.0,2016.7660889611377,41
11066,36.4293,-96.9131,0.0,1.41,-10788316.9431976,4359854.316751253,2016,10,6,15,17,39.0,2016.7662895467336,58
11067,36.4379,-96.9044,0.0,0.93,-10787348.4636277,4361044.240046276,2016,10,6,17,15,32.0,2016.7665136765786,59
11068,36.4228,-96.8463,0.0,1.57,-10780880.80121261,4358955.043586806,2016,10,6,18,9,41.0,2016.766616631176,36
11069,36.4413,-96.8731,0.0,0.69,-10783864.16356587,4361514.7112069735,2016,10,6,18,51,9.0,2016.7666954711385,42
11072,36.412,-96.9116,0.0,1.09,-10788149.963961411,4357461.033066466,2016,10,6,22,41,26.0,2016.7671333054477,53
11073,36.3938,-96.836,0.0,1.77,-10779734.21045744,4354943.818540041,2016,10,6,23,12,10.0,2016.7671917382818,20
11074,36.3974,-96.9966,7.552,1.54,-10797612.120678838,4355441.682334235,2016,10,6,23,39,42.0,2016.7672440870028,17
11075,36.4618,-96.8404,0.0,1.21,-10780224.01621693,4364351.8125398075,2016,10,7,4,30,32.0,2016.7677970441352,25
11076,36.4195,-96.8801,0.0,0.78,-10784643.400001423,4358498.518329477,2016,10,7,8,36,45.0,2016.7682651722564,55
11078,36.4543,-96.8664,0.0,1.72,-10783118.322977556,4363313.761654775,2016,10,7,11,23,48.0,2016.7685827819605,40
11079,36.3938,-96.836,0.0,1.45,-10779734.21045744,4354943.818540041,2016,10,7,15,53,42.0,2016.7690959388547,20
11085,36.4354,-96.8636,0.0,1.41,-10782806.628403334,4360698.318518952,2016,10,8,9,22,7.0,2016.7710892780185,48
11086,36.4379,-96.9044,0.0,0.65,-10787348.4636277,4361044.240046276,2016,10,8,9,36,58.0,2016.7711175121049,59
11087,36.3906,-96.8988,0.015,1.28,-10786725.074479256,4354501.29230191,2016,10,8,10,32,41.0,2016.7712234453825,18
11088,36.4618,-96.8404,0.0,1.38,-10780224.01621693,4364351.8125398075,2016,10,8,13,15,30.0,2016.7715330063122,25
11089,36.4306,-96.8724,0.0,0.96,-10783786.239922315,4360034.180419227,2016,10,8,14,11,58.0,2016.7716403655538,45
11090,36.3811,-96.9901,14.642,1.16,-10796888.543988682,4353187.6498284135,2016,10,8,14,21,56.0,2016.7716593150303,17
11092,36.4529,-96.8512,0.0,1.1,-10781426.266717497,4363120.00327431,2016,10,8,15,15,19.0,2016.7717608119756,47
11093,36.4203,-96.8639,0.0,1.54,-10782840.024250573,4358609.189337653,2016,10,8,16,18,29.0,2016.7718809098283,57
11094,36.4618,-96.8404,0.0,1.19,-10780224.01621693,4364351.8125398075,2016,10,8,20,33,49.0,2016.7723663713336,25
11096,36.4618,-96.8404,0.0,1.19,-10780224.01621693,4364351.8125398075,2016,10,8,22,56,31.0,2016.7726376847415,25
11097,36.4314,-96.8599,0.0,1.13,-10782394.746287398,4360144.867250516,2016,10,9,0,5,37.0,2016.7727690635536,48
11098,36.4322,-96.8393,0.0,0.89,-10780101.564777058,4360255.555222543,2016,10,9,1,20,36.0,2016.7729116282608,27
11099,36.412,-96.9116,0.0,1.04,-10788149.963961411,4357461.033066466,2016,10,9,3,3,27.0,2016.7731071754506,53
11101,36.3991,-96.9337,0.133,0.91,-10790610.124707943,4355676.792697502,2016,10,9,4,14,42.0,2016.773242642026,15
11103,36.3938,-96.836,0.0,1.36,-10779734.21045744,4354943.818540041,2016,10,9,6,31,19.0,2016.773502389282,20
11104,36.4314,-96.8599,0.0,0.96,-10782394.746287398,4360144.867250516,2016,10,9,7,10,40.0,2016.7735772048572,48
11105,36.4322,-96.8393,0.0,0.83,-10780101.564777058,4360255.555222543,2016,10,9,7,19,56.0,2016.773594823434,27
11106,36.4617,-96.847,0.0,1.06,-10780958.724856166,4364337.971200943,2016,10,9,7,36,38.0,2016.773626574898,24
11107,36.4354,-96.8636,0.0,1.17,-10782806.628403334,4360698.318518952,2016,10,9,7,47,22.0,2016.7736469820265,48
11109,36.4288,-96.8789,0.0,1.26,-10784509.81661247,4359785.139219427,2016,10,9,13,1,40.0,2016.7742445559866,45
11110,36.4341,-96.8549,0.0,0.89,-10781838.148833433,4360518.443728243,2016,10,9,13,54,6.0,2016.7743442467108,48
11111,36.4138,-96.8142,0.0,1.38,-10777307.445558146,4357710.020393209,2016,10,9,14,8,32.0,2016.7743716885948,19
11112,36.4321,-96.8583,0.0,1.81,-10782216.635102129,4360241.719163654,2016,10,9,15,2,18.0,2016.7744739143661,48
11114,36.4341,-96.8549,0.0,0.79,-10781838.148833433,4360518.443728243,2016,10,9,15,47,49.0,2016.774560454534,48
11115,36.4203,-96.8639,0.0,1.16,-10782840.024250573,4358609.189337653,2016,10,9,16,7,56.0,2016.774598702056,57
11116,36.4288,-96.8789,0.0,1.81,-10784509.81661247,4359785.139219427,2016,10,9,16,37,58.0,2016.77465580399,45
11117,36.4288,-96.8789,0.0,1.1,-10784509.81661247,4359785.139219427,2016,10,9,18,49,34.0,2016.7749060131316,45
11118,36.4228,-96.8463,0.0,1.1,-10780880.80121261,4358955.043586806,2016,10,9,19,44,31.0,2016.775010488757,36
11119,36.4617,-96.847,0.0,1.15,-10780958.724856166,4364337.971200943,2016,10,9,20,12,56.0,2016.7750645169467,24
11120,36.4247,-96.9088,0.0,1.37,-10787838.26938719,4359217.900263378,2016,10,9,22,10,12.0,2016.7752874743326,51
11122,36.4529,-96.8588,0.0,1.23,-10782272.294847528,4363120.00327431,2016,10,10,2,17,40.0,2016.7757579790605,41
11123,36.4161,-96.8782,0.0,0.88,-10784431.892968917,4358028.179263074,2016,10,10,3,56,10.0,2016.7759452556595,55
11124,36.4185,-96.8924,0.0,0.81,-10786012.62973818,4358360.181172472,2016,10,10,5,40,5.0,2016.776142830887,54
11125,36.3938,-96.836,0.0,0.73,-10779734.21045744,4354943.818540041,2016,10,10,5,58,43.0,2016.7761782581692,20
11126,36.4354,-96.8747,0.0,0.79,-10784042.27475114,4360698.318518952,2016,10,10,8,4,10.0,2016.7764167744062,44
11127,36.4342,-96.897,0.0,0.85,-10786524.69939583,4360532.280143644,2016,10,10,10,15,57.0,2016.7766673321164,50
11129,36.4618,-96.8404,0.0,1.46,-10780224.01621693,4364351.8125398075,2016,10,10,17,20,17.0,2016.7774741108321,25
11132,36.4529,-96.8588,0.0,1.19,-10782272.294847528,4363120.00327431,2016,10,10,23,26,14.0,2016.7781698861763,41
11133,36.4342,-96.897,0.0,0.71,-10786524.69939583,4360532.280143644,2016,10,10,23,53,38.0,2016.7782219813928,50
11135,36.4228,-96.8463,0.0,0.91,-10780880.80121261,4358955.043586806,2016,10,11,6,54,26.0,2016.779022042234,36
11136,36.4366,-96.8967,0.0,1.25,-10786491.303548591,4360864.359461431,2016,10,11,11,0,20.0,2016.7794895682814,50
11137,36.4301,-96.8308,0.0,1.22,-10779155.349105315,4359965.001728936,2016,10,11,16,33,13.0,2016.7801224744594,26
11138,36.4301,-96.8308,0.0,1.28,-10779155.349105315,4359965.001728936,2016,10,11,18,22,13.0,2016.7803297145538,26
11139,36.4502,-96.8609,0.0,1.05,-10782506.065778192,4362746.336273596,2016,10,12,3,31,34.0,2016.7813741856162,41
11140,36.4247,-96.9088,0.0,1.52,-10787838.26938719,4359217.900263378,2016,10,12,11,45,29.0,2016.7823132620986,51
11141,36.4216,-96.86,10.64,1.32,-10782405.878236478,4358789.032157611,2016,10,12,11,53,11.0,2016.7823279019951,57
11142,36.4342,-96.897,0.0,0.8,-10786524.69939583,4360532.280143644,2016,10,12,14,26,47.0,2016.7826199394124,50
11143,36.4322,-96.8393,0.0,1.22,-10780101.564777058,4360255.555222543,2016,10,12,18,19,11.0,2016.7830617981087,27
11144,36.4322,-96.8393,0.0,1.13,-10780101.564777058,4360255.555222543,2016,10,12,18,27,6.0,2016.7830768499505,27
11148,36.4161,-96.8667,0.0,2.04,-10783151.718824793,4358028.179263074,2016,10,14,0,4,5.0,2016.7864554021853,57
11149,36.4529,-96.8588,0.0,2.08,-10782272.294847528,4363120.00327431,2016,10,14,3,50,39.0,2016.786886170051,41
11150,36.4529,-96.8512,0.0,1.39,-10781426.266717497,4363120.00327431,2016,10,14,4,32,39.0,2016.7869660240322,47
11151,36.4618,-96.8404,0.0,1.2,-10780224.01621693,4364351.8125398075,2016,10,14,4,56,30.0,2016.7870113696858,25
11152,36.4162,-96.8808,10.896,0.92,-10784721.323644977,4358042.012471137,2016,10,14,7,53,36.0,2016.787348087307,55
11153,36.4336,-96.907,0.0,0.91,-10787637.894303761,4360449.261918631,2016,10,14,8,23,9.0,2016.7874042702867,59
11154,36.4404,-96.8843,0.0,1.72,-10785110.941862755,4361390.172717214,2016,10,14,9,19,58.0,2016.7875122949781,61
11155,36.4336,-96.907,0.0,1.01,-10787637.894303761,4360449.261918631,2016,10,14,11,6,52.0,2016.7877155423732,59
11156,36.4322,-96.8393,0.0,0.91,-10780101.564777058,4360255.555222543,2016,10,14,11,20,55.0,2016.7877422554313,27
11157,36.4618,-96.8404,0.0,1.02,-10780224.01621693,4364351.8125398075,2016,10,14,12,8,7.0,2016.787831996096,25
11158,36.3991,-96.9337,0.133,1.45,-10790610.124707943,4355676.792697502,2016,10,14,13,3,4.0,2016.7879364717217,15
11159,36.4529,-96.8588,0.0,1.67,-10782272.294847528,4363120.00327431,2016,10,14,14,12,0.0,2016.7880675336528,41
11160,36.4322,-96.8393,0.0,0.97,-10780101.564777058,4360255.555222543,2016,10,14,15,25,54.0,2016.7882080386341,27
11161,36.4404,-96.8843,0.0,1.51,-10785110.941862755,4361390.172717214,2016,10,14,15,57,10.0,2016.7882674854868,61
11162,36.4404,-96.8843,0.0,1.57,-10785110.941862755,4361390.172717214,2016,10,14,16,16,57.0,2016.788305099247,61
11163,36.4322,-96.8393,0.0,1.06,-10780101.564777058,4360255.555222543,2016,10,14,18,48,27.0,2016.7885931439653,27
11164,36.4322,-96.8393,0.0,2.34,-10780101.564777058,4360255.555222543,2016,10,14,19,41,6.0,2016.7886932466347,27
11165,36.4162,-96.8808,10.896,1.22,-10784721.323644977,4358042.012471137,2016,10,15,0,32,45.0,2016.7892477564833,55
11166,36.4195,-96.8801,0.0,0.82,-10784643.400001423,4358498.518329477,2016,10,15,0,54,31.0,2016.7892891411261,55
11167,36.4301,-96.8308,0.0,2.28,-10779155.349105315,4359965.001728936,2016,10,15,1,43,5.0,2016.789381480214,26
11168,36.4618,-96.8404,0.0,1.52,-10780224.01621693,4364351.8125398075,2016,10,15,1,57,42.0,2016.789409270667,25
11169,36.4342,-96.897,0.0,0.67,-10786524.69939583,4360532.280143644,2016,10,15,2,6,17.0,2016.7894255900321,50
11170,36.4618,-96.8404,0.0,1.64,-10780224.01621693,4364351.8125398075,2016,10,15,5,33,16.0,2016.7898191243949,25
11172,36.4161,-96.8667,0.0,0.94,-10783151.718824793,4358028.179263074,2016,10,15,7,18,40.0,2016.7900195198622,57
11173,36.4301,-96.8308,0.0,1.0,-10779155.349105315,4359965.001728936,2016,10,15,7,29,9.0,2016.7900394516694,26
11174,36.4618,-96.8404,0.0,1.25,-10780224.01621693,4364351.8125398075,2016,10,15,7,56,8.0,2016.7900907546834,25
11176,36.4502,-96.8609,0.0,1.63,-10782506.065778192,4362746.336273596,2016,10,15,11,9,21.0,2016.7904581146856,41
11177,36.4371,-96.8361,0.0,0.66,-10779745.342406519,4360933.543945174,2016,10,15,12,3,33.0,2016.790561164347,28
11178,36.4618,-96.8404,0.0,1.46,-10780224.01621693,4364351.8125398075,2016,10,15,14,3,20.0,2016.7907889066341,25
11179,36.4529,-96.8512,0.0,1.12,-10781426.266717497,4363120.00327431,2016,10,15,15,26,11.0,2016.7909464281188,47
11180,36.3835,-96.9274,0.0,1.12,-10789908.811915945,4353519.502249293,2016,10,15,17,10,21.0,2016.7911444786675,15
11181,36.3777,-96.9196,0.0,0.92,-10789040.519887758,4352717.543096107,2016,10,15,19,40,44.0,2016.7914304002838,15
11182,36.4306,-96.8724,0.0,0.93,-10783786.239922315,4360034.180419227,2016,10,16,0,28,11.0,2016.7919769247344,45
11183,36.4529,-96.8588,0.0,1.16,-10782272.294847528,4363120.00327431,2016,10,16,0,42,53.0,2016.792004873628,41
11184,36.4115,-96.8758,0.0,1.72,-10784164.726191012,4357391.870944072,2016,10,16,2,14,40.0,2016.7921793799276,56
11185,36.4228,-96.8463,0.0,0.94,-10780880.80121261,4358955.043586806,2016,10,16,3,31,57.0,2016.7923263175908,36
11186,36.4306,-96.8724,0.0,0.93,-10783786.239922315,4360034.180419227,2016,10,16,5,2,7.0,2016.7924977501457,45
11187,36.4529,-96.8588,0.0,0.91,-10782272.294847528,4363120.00327431,2016,10,16,5,21,25.0,2016.7925344449513,41
11189,36.4529,-96.8588,0.0,1.0,-10782272.294847528,4363120.00327431,2016,10,16,7,14,31.0,2016.7927494803153,41
11192,36.4618,-96.8404,0.0,1.59,-10780224.01621693,4364351.8125398075,2016,10,16,10,56,21.0,2016.793171248764,25
11193,36.4203,-96.8639,0.0,0.99,-10782840.024250573,4358609.189337653,2016,10,16,11,16,35.0,2016.7932097181028,57
11195,36.4529,-96.8512,0.0,1.17,-10781426.266717497,4363120.00327431,2016,10,16,11,48,2.0,2016.7932695135244,47
11196,36.4617,-96.847,0.0,1.12,-10780958.724856166,4364337.971200943,2016,10,16,12,43,13.0,2016.7933744327831,24
11197,36.4168,-96.836,0.0,0.76,-10779734.21045744,4358125.012093533,2016,10,16,16,30,7.0,2016.7938058344107,30
11198,36.4529,-96.8588,0.0,1.38,-10782272.294847528,4363120.00327431,2016,10,16,18,18,22.0,2016.794011648541,41
11199,36.4214,-96.8438,0.0,1.23,-10780602.502485627,4358761.363835499,2016,10,17,0,56,31.0,2016.7947686452708,36
11200,36.4529,-96.8588,0.0,1.89,-10782272.294847528,4363120.00327431,2016,10,17,2,57,22.0,2016.7949984155955,41
11201,36.4529,-96.8588,0.0,1.37,-10782272.294847528,4363120.00327431,2016,10,17,3,7,36.0,2016.7950178720814,41
11202,36.4618,-96.8404,0.0,1.07,-10780224.01621693,4364351.8125398075,2016,10,17,3,38,5.0,2016.7950758295942,25
11203,36.4618,-96.8404,0.0,1.29,-10780224.01621693,4364351.8125398075,2016,10,17,3,48,38.0,2016.7950958881538,25
11204,36.3906,-96.8988,0.015,0.91,-10786725.074479256,4354501.29230191,2016,10,17,4,20,19.0,2016.7951561272087,18
11205,36.4617,-96.847,0.0,1.63,-10780958.724856166,4364337.971200943,2016,10,17,6,7,37.0,2016.795360135118,24
11206,36.4618,-96.8404,0.0,1.15,-10780224.01621693,4364351.8125398075,2016,10,17,7,56,41.0,2016.7955675019646,25
11207,36.4226,-96.9072,0.0,0.8,-10787660.15820192,4358927.374837114,2016,10,17,8,34,43.0,2016.795639814181,51
11210,36.4315,-96.891,0.0,1.14,-10785856.782451069,4360158.7031846335,2016,10,17,19,5,9.0,2016.7968384477906,50
11211,36.4306,-96.8724,0.0,1.47,-10783786.239922315,4360034.180419227,2016,10,17,20,46,38.0,2016.7970313965575,45
11213,36.3811,-96.9901,14.642,0.89,-10796888.543988682,4353187.6498284135,2016,10,17,22,49,42.0,2016.797265381398,17
11214,36.4293,-96.9131,0.0,0.96,-10788316.9431976,4359854.316751253,2016,10,17,23,45,48.0,2016.7973720435014,58
11215,36.4315,-96.891,0.0,1.55,-10785856.782451069,4360158.7031846335,2016,10,18,0,33,45.0,2016.79746321013,50
11216,36.4315,-96.891,0.0,0.88,-10785856.782451069,4360158.7031846335,2016,10,18,1,32,43.0,2016.7975753225846,50
11220,36.4315,-96.891,0.0,1.56,-10785856.782451069,4360158.7031846335,2016,10,18,8,29,54.0,2016.7983685071108,50
11223,36.4301,-96.8308,0.0,1.19,-10779155.349105315,4359965.001728936,2016,10,18,15,4,1.0,2016.7991178353234,26
11232,36.4404,-96.8843,0.0,1.23,-10785110.941862755,4361390.172717214,2016,10,19,1,32,21.0,2016.800312476234,61
11234,36.4618,-96.8404,0.0,0.89,-10780224.01621693,4364351.8125398075,2016,10,20,1,21,4.0,2016.8030288741857,25
11235,36.4533,-96.854,0.0,1.51,-10781737.961291717,4363175.362454715,2016,10,20,5,45,7.0,2016.8035309085608,46
11236,36.4533,-96.854,0.0,1.21,-10781737.961291717,4363175.362454715,2016,10,20,6,44,10.0,2016.803643179456,46
11237,36.3544,-96.9172,12.094,0.62,-10788773.353109853,4349496.48208893,2016,10,20,8,56,38.0,2016.803895036378,16
11238,36.4354,-96.8747,0.0,0.63,-10784042.27475114,4360698.318518952,2016,10,20,9,14,58.0,2016.8039298932745,44
11239,36.417,-96.8628,0.0,0.93,-10782717.572810698,4358152.678776818,2016,10,20,11,29,55.0,2016.8041864717216,57
11240,36.4301,-96.8308,0.0,1.22,-10779155.349105315,4359965.001728936,2016,10,20,21,54,11.0,2016.8053733807387,26
11241,36.4293,-96.9131,0.0,0.68,-10788316.9431976,4359854.316751253,2016,10,20,23,18,59.0,2016.8055346097294,58
11243,36.4543,-96.8664,0.0,1.52,-10783118.322977556,4363313.761654775,2016,10,21,4,10,33.0,2016.8060889611377,40
11245,36.412,-96.9116,0.0,1.71,-10788149.963961411,4357461.033066466,2016,10,21,10,56,55.0,2016.8068615800948,53
11246,36.4341,-96.8549,0.0,0.58,-10781838.148833433,4360518.443728243,2016,10,21,11,30,23.0,2016.806925209775,48
11247,36.4226,-96.9072,0.0,0.93,-10787660.15820192,4358927.374837114,2016,10,21,11,55,49.0,2016.806973565797,51
11248,36.4379,-96.9044,0.0,1.01,-10787348.4636277,4361044.240046276,2016,10,21,13,14,36.0,2016.8071233553883,59
11249,36.4212,-96.8336,0.0,0.96,-10779467.043679535,4358733.695584647,2016,10,21,14,24,29.0,2016.8072562235404,30
11250,36.4293,-96.9131,0.0,1.39,-10788316.9431976,4359854.316751253,2016,10,21,15,22,18.0,2016.807366149517,58
11252,36.4617,-96.847,0.0,1.39,-10780958.724856166,4364337.971200943,2016,10,21,23,54,49.0,2016.8083405899054,24
11253,36.4214,-96.8484,0.0,0.63,-10781114.572143275,4358761.363835499,2016,10,22,5,23,16.0,2016.808965067052,36
11254,36.4247,-96.8413,0.0,1.04,-10780324.203758644,4359217.900263378,2016,10,22,7,16,14.0,2016.8091798489113,37
11256,36.4336,-96.907,0.0,0.43,-10787637.894303761,4360449.261918631,2016,10,22,11,32,33.0,2016.8096671800138,59
11257,36.4223,-96.8349,0.0,0.65,-10779611.759017568,4358885.871846195,2016,10,22,13,32,55.0,2016.809896031384,30
11261,36.4322,-96.8393,0.0,0.83,-10780101.564777058,4360255.555222543,2016,10,22,22,48,16.0,2016.8109519101579,27
11262,36.3544,-96.9172,12.094,0.92,-10788773.353109853,4349496.48208893,2016,10,22,23,2,3.0,2016.8109781162066,16
11263,36.4336,-96.907,0.0,0.36,-10787637.894303761,4360449.261918631,2016,10,23,0,11,29.0,2016.8111101287805,59
11264,36.4618,-96.8404,0.0,0.92,-10780224.01621693,4364351.8125398075,2016,10,23,2,44,35.0,2016.811401215555,25
11265,36.4341,-96.8549,0.0,0.56,-10781838.148833433,4360518.443728243,2016,10,23,3,22,19.0,2016.8114729573858,48
11266,36.4161,-96.8782,0.0,0.84,-10784431.892968917,4358028.179263074,2016,10,23,4,4,15.0,2016.8115526846148,55
11268,36.417,-96.8628,0.0,0.72,-10782717.572810698,4358152.678776818,2016,10,23,6,2,13.0,2016.8117769729004,57
11269,36.3544,-96.9172,12.094,0.65,-10788773.353109853,4349496.48208893,2016,10,23,9,51,18.0,2016.8122125256673,16
11270,36.4161,-96.8667,0.0,1.0,-10783151.718824793,4358028.179263074,2016,10,23,14,25,36.0,2016.8127340482165,57
11271,36.4247,-96.9088,0.0,1.05,-10787838.26938719,4359217.900263378,2016,10,23,15,56,21.0,2016.8129065898547,51
11272,36.4214,-96.8484,0.0,0.41,-10781114.572143275,4358761.363835499,2016,10,23,16,16,54.0,2016.8129456612671,36
11273,36.3835,-96.9274,0.0,2.24,-10789908.811915945,4353519.502249293,2016,10,23,16,44,10.0,2016.8129975029788,15
11274,36.413,-96.8738,0.0,0.93,-10783942.087209426,4357599.358646789,2016,10,23,17,34,36.0,2016.8130933911325,56
11275,36.3974,-96.9966,7.552,1.34,-10797612.120678838,4355441.682334235,2016,10,23,20,4,33.0,2016.8133784888585,17
11276,36.4413,-96.8731,0.0,0.59,-10783864.16356587,4361514.7112069735,2016,10,23,20,38,46.0,2016.8134435445027,42
11277,36.3944,-96.8983,0.025,0.84,-10786669.41473386,4355026.794237775,2016,10,24,1,11,27.0,2016.8139619933074,18
11278,36.4617,-96.847,0.0,0.95,-10780958.724856166,4364337.971200943,2016,10,24,3,38,26.0,2016.814241450554,24
11279,36.4529,-96.8588,0.0,0.83,-10782272.294847528,4363120.00327431,2016,10,24,6,15,51.0,2016.8145407445434,41
11280,36.4212,-96.8336,0.0,1.06,-10779467.043679535,4358733.695584647,2016,10,24,6,53,17.0,2016.8146119159885,30
11281,36.4247,-96.9088,0.0,0.92,-10787838.26938719,4359217.900263378,2016,10,24,7,30,3.0,2016.8146818199102,51
11282,36.4161,-96.8782,0.0,1.37,-10784431.892968917,4358028.179263074,2016,10,24,8,48,26.0,2016.8148308489872,55
11283,36.4336,-96.907,0.0,0.65,-10787637.894303761,4360449.261918631,2016,10,24,12,35,0.0,2016.815261616853,59
11284,36.4293,-96.9131,0.0,0.85,-10788316.9431976,4359854.316751253,2016,10,24,12,58,59.0,2016.8153072160114,58
11286,36.4322,-96.8393,0.0,1.3,-10780101.564777058,4360255.555222543,2016,10,24,15,8,4.0,2016.8155526402516,27
11287,36.4306,-96.8724,0.0,1.77,-10783786.239922315,4360034.180419227,2016,10,24,16,14,36.0,2016.815679139098,45
11289,36.4371,-96.8361,0.0,0.71,-10779745.342406519,4360933.543945174,2016,10,24,21,17,38.0,2016.8162552919107,28
11291,36.4543,-96.8664,0.0,0.85,-10783118.322977556,4363313.761654775,2016,10,25,1,52,46.0,2016.8167783988642,40
11293,36.4354,-96.8636,0.0,0.96,-10782806.628403334,4360698.318518952,2016,10,25,6,13,8.0,2016.8172734301722,48
11294,36.4214,-96.9087,0.0,1.76,-10787827.137438111,4358761.363835499,2016,10,25,6,26,30.0,2016.8172988440185,51
11295,36.4529,-96.8512,0.0,0.92,-10781426.266717497,4363120.00327431,2016,10,25,6,57,19.0,2016.817357435293,47
11297,36.3777,-96.9196,0.0,0.88,-10789040.519887758,4352717.543096107,2016,10,25,12,29,11.0,2016.8179884084975,15
11298,36.4371,-96.8534,0.0,1.35,-10781671.169597242,4360933.543945174,2016,10,25,16,43,41.0,2016.8184722855983,48
11299,36.4306,-96.8724,0.0,1.53,-10783786.239922315,4360034.180419227,2016,10,25,18,21,1.0,2016.8186573440312,45
11300,36.4228,-96.8463,0.0,1.32,-10780880.80121261,4358955.043586806,2016,10,25,20,44,7.0,2016.8189294179533,36
11301,36.4301,-96.8308,0.0,1.12,-10779155.349105315,4359965.001728936,2016,10,25,21,2,16.0,2016.8189639262807,26
11302,36.4308,-96.8922,0.0,0.8,-10785990.365840022,4360061.852020108,2016,10,25,23,13,49.0,2016.819214040358,50
11303,36.4161,-96.8667,0.0,0.98,-10783151.718824793,4358028.179263074,2016,10,25,23,39,7.0,2016.8192621428752,57
11305,36.4161,-96.8667,0.0,0.92,-10783151.718824793,4358028.179263074,2016,10,26,8,10,55.0,2016.8202352206758,57
11306,36.4342,-96.897,0.0,0.48,-10786524.69939583,4360532.280143644,2016,10,26,8,26,58.0,2016.8202657363045,50
11307,36.4322,-96.8393,0.0,0.78,-10780101.564777058,4360255.555222543,2016,10,26,9,7,50.0,2016.8203434354957,27
11308,36.4371,-96.8534,0.0,1.0,-10781671.169597242,4360933.543945174,2016,10,26,9,23,11.0,2016.8203726202246,48
11309,36.4293,-96.9131,0.0,0.72,-10788316.9431976,4359854.316751253,2016,10,26,10,21,22.0,2016.8204832433391,58
11310,36.4617,-96.847,0.0,0.94,-10780958.724856166,4364337.971200943,2016,10,26,10,46,28.0,2016.8205309655993,24
11314,36.4413,-96.8731,0.0,0.86,-10783864.16356587,4361514.7112069735,2016,10,26,18,2,15.0,2016.8213595140314,42
11315,36.4618,-96.8404,0.0,1.1,-10780224.01621693,4364351.8125398075,2016,10,26,23,36,44.0,2016.821995462266,25
11318,36.4293,-96.9131,0.0,0.51,-10788316.9431976,4359854.316751253,2016,10,27,2,30,32.0,2016.8223259056456,58
11319,36.4161,-96.8782,0.0,1.31,-10784431.892968917,4358028.179263074,2016,10,27,3,44,5.0,2016.8224657451772,55
11320,36.4293,-96.9131,0.0,0.44,-10788316.9431976,4359854.316751253,2016,10,27,9,49,43.0,2016.8231609184475,58
11321,36.4161,-96.8782,0.0,1.48,-10784431.892968917,4358028.179263074,2016,10,27,11,56,54.0,2016.8234027302456,55
11322,36.4293,-96.9131,0.0,1.5,-10788316.9431976,4359854.316751253,2016,10,27,12,17,43.0,2016.8234423086674,58
11323,36.4301,-96.8308,0.0,1.14,-10779155.349105315,4359965.001728936,2016,10,27,12,40,42.0,2016.8234860065404,26
11324,36.4306,-96.8724,0.0,1.19,-10783786.239922315,4360034.180419227,2016,10,27,14,20,5.0,2016.823674962608,45
11327,36.4245,-96.8426,0.0,0.9,-10780468.919096677,4359190.23083663,2016,10,27,21,40,6.0,2016.8245115598145,37
11330,36.4185,-96.8924,0.0,0.67,-10786012.62973818,4358360.181172472,2016,10,28,2,9,0.0,2016.8250228154232,54
11332,36.4354,-96.8636,0.0,0.91,-10782806.628403334,4360698.318518952,2016,10,28,7,21,12.0,2016.8256163966842,48
11333,36.413,-96.8738,0.0,1.41,-10783942.087209426,4357599.358646789,2016,10,28,14,1,0.0,2016.8263765305346,56
11334,36.4214,-96.9087,0.0,2.11,-10787827.137438111,4358761.363835499,2016,10,28,15,51,32.0,2016.826586685933,51
11335,36.4529,-96.8588,0.0,3.07,-10782272.294847528,4363120.00327431,2016,10,28,18,24,54.0,2016.826878279717,41
11336,36.4617,-96.847,0.0,1.07,-10780958.724856166,4364337.971200943,2016,10,28,18,52,20.0,2016.8269304383095,24
11337,36.4161,-96.8782,0.0,0.99,-10784431.892968917,4358028.179263074,2016,10,28,19,45,58.0,2016.8270324105763,55
11338,36.4529,-96.8588,0.0,1.31,-10782272.294847528,4363120.00327431,2016,10,28,20,19,42.0,2016.827096547266,41
11339,36.4247,-96.8272,0.0,2.0,-10778754.59893846,4359217.900263378,2016,10,28,23,26,4.0,2016.8274508834638,26
11340,36.4404,-96.8843,0.0,1.92,-10785110.941862755,4361390.172717214,2016,10,29,1,34,18.0,2016.8276946916114,61
11341,36.4617,-96.847,0.0,1.2,-10780958.724856166,4364337.971200943,2016,10,29,2,0,2.0,2016.8277436180192,24
11342,36.4404,-96.8843,0.0,1.44,-10785110.941862755,4361390.172717214,2016,10,29,4,55,46.0,2016.828077737217,61
11343,36.413,-96.8738,0.0,3.32,-10783942.087209426,4357599.358646789,2016,10,29,6,6,2.0,2016.8282113341952,56
11344,36.4293,-96.9131,0.0,1.41,-10788316.9431976,4359854.316751253,2016,10,29,6,23,34.0,2016.8282446700637,58
11346,36.4175,-96.808,0.0,1.08,-10776617.26471523,4358221.845796738,2016,10,29,6,51,4.0,2016.8282969554086,19
11347,36.4301,-96.8308,0.0,1.66,-10779155.349105315,4359965.001728936,2016,10,29,7,1,28.0,2016.8283167287752,26
11348,36.4247,-96.8413,0.0,0.63,-10780324.203758644,4359217.900263378,2016,10,29,8,14,27.0,2016.828455490912,37
11349,36.4529,-96.8588,0.0,1.5,-10782272.294847528,4363120.00327431,2016,10,29,10,16,3.0,2016.8286866872006,41
11350,36.4214,-96.9087,0.0,0.81,-10787827.137438111,4358761.363835499,2016,10,29,15,55,41.0,2016.829332427054,51
11351,36.4245,-96.8426,0.0,1.05,-10780468.919096677,4359190.23083663,2016,10,29,16,48,9.0,2016.8294321811545,37
11352,36.4138,-96.8142,0.0,0.68,-10777307.445558146,4357710.020393209,2016,10,29,18,40,15.0,2016.8296453152332,19
11353,36.4404,-96.8843,0.0,1.44,-10785110.941862755,4361390.172717214,2016,10,29,19,22,57.0,2016.829726500114,61
11354,36.3777,-96.9196,0.0,1.03,-10789040.519887758,4352717.543096107,2016,10,29,20,46,21.0,2016.8298850673054,15
11355,36.4288,-96.8789,0.0,0.73,-10784509.81661247,4359785.139219427,2016,10,29,22,40,49.0,2016.8301027010925,45
11356,36.4404,-96.8843,0.0,1.76,-10785110.941862755,4361390.172717214,2016,10,30,1,22,43.0,2016.8304105191776,61
11357,36.4404,-96.8843,0.0,2.25,-10785110.941862755,4361390.172717214,2016,10,30,3,2,19.0,2016.8305998871904,61
11358,36.4529,-96.8588,0.0,0.89,-10782272.294847528,4363120.00327431,2016,10,30,3,47,3.0,2016.830684938018,41
11359,36.4212,-96.8336,0.0,0.56,-10779467.043679535,4358733.695584647,2016,10,30,4,39,12.0,2016.830784090045,30
11360,36.4288,-96.8789,0.0,1.24,-10784509.81661247,4359785.139219427,2016,10,30,6,57,56.0,2016.831047861688,45
11361,36.4288,-96.8789,0.0,1.12,-10784509.81661247,4359785.139219427,2016,10,30,7,5,16.0,2016.8310618044466,45
11362,36.4618,-96.8404,0.0,1.16,-10780224.01621693,4364351.8125398075,2016,10,30,7,43,28.0,2016.8311344335436,25
11364,36.417,-96.8628,0.0,1.21,-10782717.572810698,4358152.678776818,2016,10,30,9,20,27.0,2016.8313188265267,57
11365,36.4354,-96.8747,0.0,1.01,-10784042.27475114,4360698.318518952,2016,10,30,10,20,45.0,2016.8314334740285,44
11366,36.4214,-96.8484,0.0,0.61,-10781114.572143275,4358761.363835499,2016,10,30,16,34,44.0,2016.8321445230308,36
11367,36.4293,-96.9131,0.0,0.72,-10788316.9431976,4359854.316751253,2016,10,30,16,55,16.0,2016.832183562755,58
11368,36.4251,-96.8481,0.0,0.92,-10781081.176296039,4359273.239330692,2016,10,30,17,16,7.0,2016.832223204553,36
11370,36.3974,-96.9966,7.552,1.32,-10797612.120678838,4355441.682334235,2016,10,30,18,36,29.0,2016.8323760045123,17
11372,36.4342,-96.897,0.0,0.63,-10786524.69939583,4360532.280143644,2016,10,30,21,35,41.0,2016.8327167148325,50
11376,36.4293,-96.9131,0.0,0.45,-10788316.9431976,4359854.316751253,2016,10,31,1,23,33.0,2016.8331499543692,58
11377,36.4379,-96.9044,0.0,0.49,-10787348.4636277,4361044.240046276,2016,10,31,1,35,8.0,2016.8331719775902,59
11379,36.4342,-96.897,0.0,0.49,-10786524.69939583,4360532.280143644,2016,10,31,4,36,28.0,2016.8335167439857,50
11380,36.4404,-96.8843,0.0,2.24,-10785110.941862755,4361390.172717214,2016,10,31,7,6,16.0,2016.833801556519,61
11381,36.4404,-96.8843,0.0,1.45,-10785110.941862755,4361390.172717214,2016,10,31,11,2,37.0,2016.834250925292,61
11382,36.4185,-96.8924,0.0,0.99,-10786012.62973818,4358360.181172472,2016,10,31,13,29,35.0,2016.8345303508504,54
11383,36.4341,-96.8549,0.0,0.86,-10781838.148833433,4360518.443728243,2016,10,31,16,28,17.0,2016.834870110528,48
11384,36.4301,-96.8308,0.0,1.14,-10779155.349105315,4359965.001728936,2016,10,31,17,15,11.0,2016.8349592808072,26
11387,36.3544,-96.9172,12.094,0.7,-10788773.353109853,4349496.48208893,2016,11,1,0,57,58.0,2016.8358391639415,16
11388,36.4251,-96.8481,0.0,0.85,-10781081.176296039,4359273.239330692,2016,11,1,1,34,3.0,2016.8359077686516,36
11389,36.4543,-96.8664,0.0,0.81,-10783118.322977556,4363313.761654775,2016,11,1,2,8,37.0,2016.8359734897458,40
11390,36.3835,-96.9274,0.0,0.94,-10789908.811915945,4353519.502249293,2016,11,1,2,27,13.0,2016.8360088536517,15
11391,36.4618,-96.8404,0.0,1.56,-10780224.01621693,4364351.8125398075,2016,11,1,3,6,33.0,2016.8360836375389,25
11392,36.4223,-96.8349,0.0,0.48,-10779611.759017568,4358885.871846195,2016,11,1,6,5,34.0,2016.8364239992902,30
11393,36.4371,-96.8534,0.0,1.07,-10781671.169597242,4360933.543945174,2016,11,1,6,36,25.0,2016.8364826539407,48
11394,36.3938,-96.836,0.0,0.96,-10779734.21045744,4354943.818540041,2016,11,1,8,43,4.0,2016.83672345172,20
11395,36.4371,-96.8534,0.0,1.39,-10781671.169597242,4360933.543945174,2016,11,1,8,53,57.0,2016.8367441440414,48
11396,36.4223,-96.8349,0.0,0.54,-10779611.759017568,4358885.871846195,2016,11,1,9,9,56.0,2016.8367745329176,30
11397,36.4529,-96.8512,0.0,0.89,-10781426.266717497,4363120.00327431,2016,11,1,9,32,36.0,2016.836817628717,47
11399,36.4371,-96.8534,0.0,1.37,-10781671.169597242,4360933.543945174,2016,11,1,17,47,4.0,2016.8377577509063,48
11400,36.4618,-96.8404,0.0,2.15,-10780224.01621693,4364351.8125398075,2016,11,1,19,56,54.0,2016.8380046011102,25
11401,36.4293,-96.9131,0.0,0.74,-10788316.9431976,4359854.316751253,2016,11,1,20,12,10.0,2016.8380336273988,58
11404,36.4138,-96.8142,0.0,0.65,-10777307.445558146,4357710.020393209,2016,11,2,1,12,32.0,2016.8386047101174,19
11405,36.4226,-96.9072,0.0,1.15,-10787660.15820192,4358927.374837114,2016,11,2,3,40,41.0,2016.83888638553,51
11406,36.4223,-96.8349,0.0,1.7,-10779611.759017568,4358885.871846195,2016,11,2,5,1,30.0,2016.8390400410678,30
11407,36.417,-96.8628,0.0,0.61,-10782717.572810698,4358152.678776818,2016,11,2,6,31,9.0,2016.839210491292,57
11408,36.4308,-96.8922,0.0,1.23,-10785990.365840022,4360061.852020108,2016,11,2,8,43,16.0,2016.8394616827643,50
11409,36.4336,-96.907,0.0,0.77,-10787637.894303761,4360449.261918631,2016,11,2,11,1,21.0,2016.8397242185717,59
11411,36.4379,-96.9044,0.0,0.79,-10787348.4636277,4361044.240046276,2016,11,2,13,35,37.0,2016.8400175235126,59
11412,36.4247,-96.8272,0.0,1.07,-10778754.59893846,4359217.900263378,2016,11,2,14,40,14.0,2016.840140378229,26
11413,36.4322,-96.8393,0.0,1.1,-10780101.564777058,4360255.555222543,2016,11,2,15,5,30.0,2016.8401884173702,27
11414,36.4247,-96.8413,0.0,1.01,-10780324.203758644,4359217.900263378,2016,11,2,15,52,40.0,2016.8402780946587,37
11416,36.4342,-96.897,0.0,0.9,-10786524.69939583,4360532.280143644,2016,11,2,16,19,57.0,2016.8403299680583,50
11417,36.4308,-96.8922,0.0,0.91,-10785990.365840022,4360061.852020108,2016,11,2,20,21,20.0,2016.8407889066343,50
11418,36.4308,-96.8922,0.0,0.98,-10785990.365840022,4360061.852020108,2016,11,2,20,49,44.0,2016.8408429031358,50
11419,36.3974,-96.9966,7.552,1.67,-10797612.120678838,4355441.682334235,2016,11,2,21,1,20.0,2016.840864958045,17
11421,36.3699,-96.9643,0.0,1.33,-10794016.501126215,4351639.140589087,2016,11,2,23,27,16.0,2016.841142418942,15
11422,36.4214,-96.9087,0.0,0.81,-10787827.137438111,4358761.363835499,2016,11,3,0,14,56.0,2016.841233046873,51
11423,36.4161,-96.8667,0.0,1.02,-10783151.718824793,4358028.179263074,2016,11,3,1,3,12.0,2016.8413248155753,57
11424,36.4233,-96.8615,0.0,0.87,-10782572.85747267,4359024.215772828,2016,11,3,1,38,24.0,2016.8413917408168,57
11425,36.3777,-96.9196,0.0,0.74,-10789040.519887758,4352717.543096107,2016,11,3,2,44,26.0,2016.8415172890207,15
11427,36.4379,-96.9044,0.0,1.44,-10787348.4636277,4361044.240046276,2016,11,3,4,1,31.0,2016.8416638464269,59
11428,36.4379,-96.9044,0.0,0.51,-10787348.4636277,4361044.240046276,2016,11,3,5,45,56.0,2016.841862372297,59
11429,36.4161,-96.8667,0.0,0.99,-10783151.718824793,4358028.179263074,2016,11,3,6,1,38.0,2016.8418922224757,57
11430,36.4301,-96.8308,0.0,1.13,-10779155.349105315,4359965.001728936,2016,11,3,12,30,10.0,2016.842630935179,26
11431,36.4341,-96.8549,0.0,1.23,-10781838.148833433,4360518.443728243,2016,11,3,15,38,58.0,2016.8429898978377,48
11432,36.4212,-96.8336,0.0,0.9,-10779467.043679535,4358733.695584647,2016,11,3,16,6,12.0,2016.843041676173,30
11433,36.4354,-96.8747,0.0,1.0,-10784042.27475114,4360698.318518952,2016,11,3,16,21,48.0,2016.8430713362234,44
11434,36.4138,-96.8142,0.0,0.76,-10777307.445558146,4357710.020393209,2016,11,3,20,11,31.0,2016.8435080931376,19
11435,36.4185,-96.8924,0.0,0.76,-10786012.62973818,4358360.181172472,2016,11,3,23,15,15.0,2016.8438574226177,54
11437,36.4308,-96.8922,0.0,1.7,-10785990.365840022,4360061.852020108,2016,11,4,0,32,43.0,2016.8440047088498,50
11438,36.417,-96.8628,0.0,0.78,-10782717.572810698,4358152.678776818,2016,11,4,1,23,15.0,2016.844100787132,57
11439,36.4214,-96.8484,0.0,0.61,-10781114.572143275,4358761.363835499,2016,11,4,3,21,45.0,2016.8443260894364,36
11440,36.4413,-96.8731,0.0,0.48,-10783864.16356587,4361514.7112069735,2016,11,4,4,27,13.0,2016.8444505602454,42
11441,36.4617,-96.847,0.0,0.97,-10780958.724856166,4364337.971200943,2016,11,4,6,9,8.0,2016.8446443329024,24
11442,36.4618,-96.8404,0.0,0.91,-10780224.01621693,4364351.8125398075,2016,11,4,7,48,4.0,2016.8448324333917,25
11443,36.4293,-96.9131,0.0,0.46,-10788316.9431976,4359854.316751253,2016,11,4,8,33,46.0,2016.8449193221284,58
11444,36.4293,-96.9131,0.0,0.59,-10788316.9431976,4359854.316751253,2016,11,4,10,51,17.0,2016.8451807805409,58
11445,36.4371,-96.8534,0.0,2.12,-10781671.169597242,4360933.543945174,2016,11,4,12,34,33.0,2016.8453771199331,48
11446,36.4618,-96.8404,0.0,1.26,-10780224.01621693,4364351.8125398075,2016,11,4,14,2,54.0,2016.8455450984866,25
11448,36.4342,-96.897,0.0,0.82,-10786524.69939583,4360532.280143644,2016,11,4,16,38,18.0,2016.8458405582173,50
11449,36.4354,-96.8636,0.0,1.37,-10782806.628403334,4360698.318518952,2016,11,4,16,54,51.0,2016.8458720244885,48
11450,36.413,-96.8738,0.0,1.25,-10783942.087209426,4357599.358646789,2016,11,4,17,26,5.0,2016.845931407965,56
11451,36.412,-96.9116,0.0,1.26,-10788149.963961411,4357461.033066466,2016,11,4,19,36,5.0,2016.84617857505,53
11452,36.4533,-96.854,0.0,1.66,-10781737.961291717,4363175.362454715,2016,11,4,21,4,3.0,2016.8463458247775,46
11453,36.4533,-96.854,0.0,1.31,-10781737.961291717,4363175.362454715,2016,11,4,23,38,18.0,2016.8466390980302,46
11454,36.3944,-96.8983,0.025,0.99,-10786669.41473386,4355026.794237775,2016,11,5,1,44,38.0,2016.8468792937358,18
11455,36.4618,-96.8404,0.0,1.06,-10780224.01621693,4364351.8125398075,2016,11,5,3,15,27.0,2016.8470519621264,25
11456,36.4543,-96.8664,0.0,1.63,-10783118.322977556,4363313.761654775,2016,11,5,3,50,55.0,2016.8471193943772,40
11457,36.4617,-96.847,0.0,0.91,-10780958.724856166,4364337.971200943,2016,11,5,4,36,2.0,2016.847205174031,24
11458,36.4212,-96.8336,0.0,0.48,-10779467.043679535,4358733.695584647,2016,11,5,8,14,15.0,2016.8476200661648,30
11459,36.4247,-96.8272,0.0,0.85,-10778754.59893846,4359217.900263378,2016,11,5,9,31,51.0,2016.8477676059015,26
11460,36.4245,-96.8426,0.0,1.73,-10780468.919096677,4359190.23083663,2016,11,5,9,43,4.0,2016.8477889319847,37
11461,36.4371,-96.8361,0.0,0.84,-10779745.342406519,4360933.543945174,2016,11,5,10,47,25.0,2016.8479112796917,28
11463,36.4529,-96.8512,0.0,0.99,-10781426.266717497,4363120.00327431,2016,11,5,11,31,52.0,2016.8479957918219,47
11464,36.4301,-96.8308,0.0,1.12,-10779155.349105315,4359965.001728936,2016,11,5,12,56,21.0,2016.848156418739,26
11466,36.4214,-96.9087,0.0,0.73,-10787827.137438111,4358761.363835499,2016,11,5,17,49,48.0,2016.8487143509012,51
11469,36.4293,-96.9131,0.0,0.85,-10788316.9431976,4359854.316751253,2016,11,5,20,8,7.0,2016.848977330342,58
11470,36.4288,-96.8789,0.0,0.69,-10784509.81661247,4359785.139219427,2016,11,5,20,16,26.0,2016.8489931426977,45
11471,36.4293,-96.9131,0.0,0.6,-10788316.9431976,4359854.316751253,2016,11,6,0,19,25.0,2016.84945512333,58
11474,36.3944,-96.8983,0.025,0.82,-10786669.41473386,4355026.794237775,2016,11,6,3,19,42.0,2016.849797893376,18
11475,36.4529,-96.8588,0.0,0.9,-10782272.294847528,4363120.00327431,2016,11,6,5,26,30.0,2016.850038976348,41
11476,36.4228,-96.8463,0.0,1.91,-10780880.80121261,4358955.043586806,2016,11,6,7,21,9.0,2016.850256958704,36
11478,36.4617,-96.847,0.0,0.92,-10780958.724856166,4364337.971200943,2016,11,6,9,23,42.0,2016.8504899612137,24
11479,36.4308,-96.8922,0.0,1.62,-10785990.365840022,4360061.852020108,2016,11,6,10,30,36.0,2016.8506171571983,50
11480,36.4301,-96.8308,0.0,0.9,-10779155.349105315,4359965.001728936,2016,11,6,12,47,40.0,2016.8508777600325,26
11482,36.4413,-96.8731,0.0,0.62,-10783864.16356587,4361514.7112069735,2016,11,6,14,25,11.0,2016.8510631670342,42
11483,36.4233,-96.8615,0.0,1.39,-10782572.85747267,4359024.215772828,2016,11,6,15,59,41.0,2016.8512428384922,57
11484,36.4301,-96.8308,0.0,0.92,-10779155.349105315,4359965.001728936,2016,11,6,16,25,28.0,2016.851291859964,26
11485,36.4175,-96.808,0.0,0.66,-10776617.26471523,4358221.845796738,2016,11,6,17,30,30.0,2016.8514155068826,19
11488,36.4228,-96.8463,0.0,2.68,-10780880.80121261,4358955.043586806,2016,11,6,19,43,51.0,2016.8516690432732,36
11489,36.4371,-96.8361,0.0,0.73,-10779745.342406519,4360933.543945174,2016,11,6,20,9,15.0,2016.8517173359191,28
11490,36.4314,-96.8599,0.0,0.77,-10782394.746287398,4360144.867250516,2016,11,6,20,57,45.0,2016.8518095482546,48
11491,36.4371,-96.8361,0.0,0.54,-10779745.342406519,4360933.543945174,2016,11,6,21,38,3.0,2016.8518861700509,28
11493,36.4306,-96.8724,0.0,1.38,-10783786.239922315,4360034.180419227,2016,11,7,1,2,46.0,2016.8522753948337,45
11494,36.4371,-96.8361,0.0,0.93,-10779745.342406519,4360933.543945174,2016,11,7,2,0,9.0,2016.85238449692,28
11495,36.4245,-96.8426,0.0,1.35,-10780468.919096677,4359190.23083663,2016,11,7,2,7,54.0,2016.8523992318808,37
11496,36.4233,-96.8615,0.0,0.94,-10782572.85747267,4359024.215772828,2016,11,7,5,51,59.0,2016.8528252782214,57
11498,36.4293,-96.9131,0.0,0.54,-10788316.9431976,4359854.316751253,2016,11,7,11,38,7.0,2016.853483376429,58
11502,36.4161,-96.8782,0.0,0.98,-10784431.892968917,4358028.179263074,2016,11,7,21,19,18.0,2016.8545883717393,55
11503,36.4354,-96.8747,0.0,0.81,-10784042.27475114,4360698.318518952,2016,11,7,23,51,40.0,2016.8548780642382,44
11504,36.4293,-96.9131,0.0,0.45,-10788316.9431976,4359854.316751253,2016,11,8,0,4,41.0,2016.8549028126347,58
11505,36.4214,-96.8484,0.0,0.55,-10781114.572143275,4358761.363835499,2016,11,8,0,13,43.0,2016.8549199875783,36
11506,36.4293,-96.9131,0.0,0.67,-10788316.9431976,4359854.316751253,2016,11,8,1,4,24.0,2016.8550163510533,58
11507,36.4175,-96.808,0.0,0.39,-10776617.26471523,4358221.845796738,2016,11,8,2,3,35.0,2016.8551288754531,19
11509,36.3777,-96.9196,0.0,0.7,-10789040.519887758,4352717.543096107,2016,11,8,6,42,41.0,2016.8556595241716,15
11510,36.4533,-96.854,0.0,1.21,-10781737.961291717,4363175.362454715,2016,11,8,7,1,20.0,2016.855694983142,46
11511,36.4533,-96.854,0.0,1.31,-10781737.961291717,4363175.362454715,2016,11,8,7,47,27.0,2016.8557826640808,46
11512,36.4533,-96.854,0.0,1.12,-10781737.961291717,4363175.362454715,2016,11,8,9,24,1.0,2016.8559662648618,46
11513,36.3974,-96.9966,7.552,1.19,-10797612.120678838,4355441.682334235,2016,11,8,10,2,52.0,2016.8560401297943,17
11514,36.4617,-96.847,0.0,0.97,-10780958.724856166,4364337.971200943,2016,11,8,10,38,35.0,2016.8561080373665,24
11516,36.3938,-96.836,0.0,1.2,-10779734.21045744,4354943.818540041,2016,11,8,12,0,50.0,2016.85626441808,20
11517,36.4529,-96.8588,0.0,1.39,-10782272.294847528,4363120.00327431,2016,11,8,13,44,25.0,2016.8564613595456,41
11519,36.4306,-96.8724,0.0,1.15,-10783786.239922315,4360034.180419227,2016,11,8,18,57,14.0,2016.8570561132658,45
11520,36.4379,-96.9044,0.0,0.77,-10787348.4636277,4361044.240046276,2016,11,8,19,28,2.0,2016.8571146728523,59
11521,36.4618,-96.8404,0.0,1.26,-10780224.01621693,4364351.8125398075,2016,11,8,20,19,6.0,2016.8572117651534,25
11522,36.4529,-96.8588,0.0,1.53,-10782272.294847528,4363120.00327431,2016,11,8,20,52,25.0,2016.8572751096408,41
11523,36.412,-96.9116,0.0,1.17,-10788149.963961411,4357461.033066466,2016,11,8,21,18,25.0,2016.8573245430578,53
11524,36.4404,-96.8843,0.0,1.47,-10785110.941862755,4361390.172717214,2016,11,8,22,16,34.0,2016.8574351027962,61
11525,36.4322,-96.8393,0.0,0.94,-10780101.564777058,4360255.555222543,2016,11,8,22,47,59.0,2016.8574948348416,27
11526,36.4529,-96.8512,0.0,1.11,-10781426.266717497,4363120.00327431,2016,11,9,0,2,40.0,2016.857636829163,47
11527,36.4226,-96.9072,0.0,2.22,-10787660.15820192,4358927.374837114,2016,11,9,0,52,23.0,2016.8577313547291,51
11529,36.4223,-96.8349,0.0,0.86,-10779611.759017568,4358885.871846195,2016,11,9,2,38,57.0,2016.8579339683627,30
11530,36.4617,-96.847,0.0,1.02,-10780958.724856166,4364337.971200943,2016,11,9,3,50,25.0,2016.8580698468832,24
11531,36.4308,-96.8922,0.0,0.6,-10785990.365840022,4360061.852020108,2016,11,9,4,1,43.0,2016.8580913314067,50
11533,36.412,-96.9116,0.0,0.89,-10788149.963961411,4357461.033066466,2016,11,9,6,46,33.0,2016.8584047265952,53
11534,36.4293,-96.9131,0.0,0.83,-10788316.9431976,4359854.316751253,2016,11,9,7,42,48.0,2016.8585116738916,58
11535,36.4618,-96.8404,0.0,1.69,-10780224.01621693,4364351.8125398075,2016,11,9,11,6,21.0,2016.858898680508,25
11536,36.4617,-96.847,0.0,0.99,-10780958.724856166,4364337.971200943,2016,11,9,11,51,35.0,2016.8589846819784,24
11537,36.3915,-96.8345,0.0,0.96,-10779567.23122125,4354625.750965185,2016,11,9,19,12,9.0,2016.8598223248916,20
11538,36.3974,-96.9966,7.552,1.45,-10797612.120678838,4355441.682334235,2016,11,9,21,14,24.0,2016.8600547570156,17
11541,36.4354,-96.8747,0.0,0.75,-10784042.27475114,4360698.318518952,2016,11,10,0,59,1.0,2016.860481817375,44
11542,36.4226,-96.9072,0.0,0.87,-10787660.15820192,4358927.374837114,2016,11,10,3,31,29.0,2016.8607717000025,51
11543,36.4214,-96.9087,0.0,0.65,-10787827.137438111,4358761.363835499,2016,11,10,4,56,9.0,2016.8609326754886,51
11544,36.4529,-96.8588,0.0,0.81,-10782272.294847528,4363120.00327431,2016,11,10,8,28,18.0,2016.8613360331585,41
11545,36.4371,-96.8361,0.0,0.48,-10779745.342406519,4360933.543945174,2016,11,10,9,5,10.0,2016.8614061272087,28
11546,36.3915,-96.8345,0.0,0.67,-10779567.23122125,4354625.750965185,2016,11,10,10,46,36.0,2016.8615989809111,20
11549,36.4226,-96.9072,0.0,0.94,-10787660.15820192,4358927.374837114,2016,11,10,12,57,44.0,2016.861848302786,51
11550,36.413,-96.8738,0.0,1.7,-10783942.087209426,4357599.358646789,2016,11,10,16,49,54.0,2016.8622897178493,56
11553,36.413,-96.8738,0.0,1.29,-10783942.087209426,4357599.358646789,2016,11,10,19,10,48.0,2016.8625576089437,56
11554,36.3938,-96.836,0.0,0.78,-10779734.21045744,4354943.818540041,2016,11,10,22,31,29.0,2016.8629391652091,20
11555,36.4371,-96.8534,0.0,1.11,-10781671.169597242,4360933.543945174,2016,11,11,7,39,53.0,2016.8639818300505,48
11556,36.4306,-96.8724,0.0,0.78,-10783786.239922315,4360034.180419227,2016,11,11,9,3,43.0,2016.864141221132,45
11557,36.4533,-96.854,0.0,1.31,-10781737.961291717,4363175.362454715,2016,11,11,9,45,15.0,2016.864220187847,46
11559,36.4214,-96.8484,0.0,0.78,-10781114.572143275,4358761.363835499,2016,11,11,12,14,33.0,2016.8645040497377,36
11560,36.4371,-96.8361,0.0,0.61,-10779745.342406519,4360933.543945174,2016,11,11,12,52,57.0,2016.864577059092,28
11561,36.3915,-96.8345,0.0,0.91,-10779567.23122125,4354625.750965185,2016,11,11,13,44,33.0,2016.8646751654119,20
11563,36.4226,-96.9072,0.0,1.1,-10787660.15820192,4358927.374837114,2016,11,11,21,29,14.0,2016.8655586609882,51
11564,36.4185,-96.8924,0.0,1.04,-10786012.62973818,4358360.181172472,2016,11,11,21,47,7.0,2016.8655926623064,54
11565,36.4214,-96.9087,0.0,1.49,-10787827.137438111,4358761.363835499,2016,11,12,0,52,50.0,2016.8659457626688,51
11567,36.4161,-96.8667,0.0,0.92,-10783151.718824793,4358028.179263074,2016,11,12,1,52,14.0,2016.8660586990138,57
11568,36.4293,-96.9131,0.0,0.6,-10788316.9431976,4359854.316751253,2016,11,12,2,9,37.0,2016.8660917496895,58
11569,36.4354,-96.8747,0.0,0.67,-10784042.27475114,4360698.318518952,2016,11,12,2,17,52.0,2016.8661074352929,44
11570,36.413,-96.8738,0.0,1.65,-10783942.087209426,4357599.358646789,2016,11,12,6,39,57.0,2016.8666057304738,56
11571,36.4233,-96.8615,0.0,0.98,-10782572.85747267,4359024.215772828,2016,11,12,14,13,48.0,2016.8674686287932,57
11572,36.4618,-96.8404,0.0,1.17,-10780224.01621693,4364351.8125398075,2016,11,12,14,35,3.0,2016.867509031105,25
11573,36.4617,-96.847,0.0,1.09,-10780958.724856166,4364337.971200943,2016,11,12,17,11,7.0,2016.8678057583593,24
11574,36.4618,-96.8404,0.0,1.42,-10780224.01621693,4364351.8125398075,2016,11,12,19,25,59.0,2016.868062178366,25
11575,36.3974,-96.9966,7.552,1.31,-10797612.120678838,4355441.682334235,2016,11,12,20,52,47.0,2016.8682272099272,17
11576,36.4247,-96.8413,0.0,0.65,-10780324.203758644,4359217.900263378,2016,11,12,22,50,40.0,2016.8684513397723,37
11578,36.4618,-96.8404,0.0,1.21,-10780224.01621693,4364351.8125398075,2016,11,13,2,16,23.0,2016.8688424658403,25
11579,36.3995,-96.9101,0.0,1.04,-10787982.984725222,4355732.113530378,2016,11,13,4,50,42.0,2016.8691358658452,49
11580,36.4354,-96.8747,0.0,0.61,-10784042.27475114,4360698.318518952,2016,11,13,6,47,31.0,2016.8693579676528,44
11581,36.4293,-96.9131,0.0,0.6,-10788316.9431976,4359854.316751253,2016,11,13,8,12,33.0,2016.8695196402768,58
11582,36.4379,-96.9044,0.0,0.34,-10787348.4636277,4361044.240046276,2016,11,13,8,29,41.0,2016.869552215631,59
11583,36.4245,-96.8426,0.0,0.82,-10780468.919096677,4359190.23083663,2016,11,13,12,32,58.0,2016.8700147666489,37
11584,36.4306,-96.8724,0.0,0.8,-10783786.239922315,4360034.180419227,2016,11,13,15,57,19.0,2016.8704032942935,45
11586,36.3944,-96.8983,0.025,0.92,-10786669.41473386,4355026.794237775,2016,11,13,16,25,9.0,2016.8704562134003,18
11588,36.3995,-96.9101,0.0,1.0,-10787982.984725222,4355732.113530378,2016,11,13,22,27,50.0,2016.8711457778793,49
11589,36.3544,-96.9172,12.094,0.62,-10788773.353109853,4349496.48208893,2016,11,13,23,11,41.0,2016.8712291492382,16
11590,36.4301,-96.8308,0.0,0.76,-10779155.349105315,4359965.001728936,2016,11,14,3,44,58.0,2016.8717487388142,26
11591,36.4413,-96.8731,0.0,0.49,-10783864.16356587,4361514.7112069735,2016,11,14,7,40,56.0,2016.8721973787615,42
11592,36.4341,-96.8549,0.0,0.74,-10781838.148833433,4360518.443728243,2016,11,14,9,26,1.0,2016.872397172155,48
11593,36.4342,-96.897,0.0,0.48,-10786524.69939583,4360532.280143644,2016,11,14,10,3,25.0,2016.8724682802242,50
11594,36.3699,-96.9643,0.0,1.33,-10794016.501126215,4351639.140589087,2016,11,14,13,17,30.0,2016.8728372880066,15
11597,36.4175,-96.808,0.0,0.83,-10776617.26471523,4358221.845796738,2016,11,14,21,28,36.0,2016.8737710092023,19
11598,36.413,-96.8738,0.0,1.94,-10783942.087209426,4357599.358646789,2016,11,14,22,1,53.0,2016.8738342903137,56
11599,36.4617,-96.847,0.0,1.07,-10780958.724856166,4364337.971200943,2016,11,15,0,32,3.0,2016.8741197999848,24
11600,36.4617,-96.847,0.0,2.14,-10780958.724856166,4364337.971200943,2016,11,15,1,27,0.0,2016.8742242756102,24
11601,36.4617,-96.847,0.0,1.27,-10780958.724856166,4364337.971200943,2016,11,15,2,3,32.0,2016.8742937358988,24
11602,36.4617,-96.847,0.0,1.1,-10780958.724856166,4364337.971200943,2016,11,15,3,32,46.0,2016.874463393921,24
11604,36.4314,-96.8599,0.0,1.24,-10782394.746287398,4360144.867250516,2016,11,15,9,19,51.0,2016.8751232983498,48
11605,36.4306,-96.8724,0.0,0.81,-10783786.239922315,4360034.180419227,2016,11,15,9,36,27.0,2016.8751548596852,45
11606,36.4618,-96.8404,0.0,0.93,-10780224.01621693,4364351.8125398075,2016,11,15,11,25,9.0,2016.8753615293938,25
11607,36.412,-96.9116,0.0,1.21,-10788149.963961411,4357461.033066466,2016,11,15,15,24,19.0,2016.875816253454,53
11609,36.4251,-96.8481,0.0,1.13,-10781081.176296039,4359273.239330692,2016,11,15,15,56,41.0,2016.8758777917205,36
11610,36.4314,-96.8599,0.0,1.15,-10782394.746287398,4360144.867250516,2016,11,15,16,13,36.0,2016.8759099551296,48
11614,36.4617,-96.847,0.0,1.52,-10780958.724856166,4364337.971200943,2016,11,15,23,41,9.0,2016.8767608753517,24
11615,36.4293,-96.9131,0.0,1.43,-10788316.9431976,4359854.316751253,2016,11,16,1,16,7.0,2016.8769414340761,58
11616,36.4289,-96.8252,0.0,0.69,-10778531.959956871,4359798.974690148,2016,11,16,5,1,47.0,2016.877370490785,26
11617,36.4212,-96.8336,0.0,1.61,-10779467.043679535,4358733.695584647,2016,11,16,9,16,42.0,2016.8778551600883,30
11619,36.4161,-96.8782,0.0,1.07,-10784431.892968917,4358028.179263074,2016,11,16,17,17,43.0,2016.8787697099906,55
11621,36.4371,-96.8534,0.0,1.37,-10781671.169597242,4360933.543945174,2016,11,16,19,55,31.0,2016.879069732806,48
11622,36.4371,-96.8534,0.0,1.35,-10781671.169597242,4360933.543945174,2016,11,16,22,33,23.0,2016.8793698823738,48
11623,36.3699,-96.9643,0.0,1.38,-10794016.501126215,4351639.140589087,2016,11,16,23,0,32.0,2016.8794215022688,15
11624,36.4212,-96.8336,0.0,0.62,-10779467.043679535,4358733.695584647,2016,11,17,4,22,44.0,2016.8800340963826,30
11625,36.4413,-96.8731,0.0,1.23,-10783864.16356587,4361514.7112069735,2016,11,17,5,8,42.0,2016.8801214921286,42
11626,36.4529,-96.8512,0.0,1.0,-10781426.266717497,4363120.00327431,2016,11,17,6,48,43.0,2016.8803116523436,47
11627,36.4247,-96.8272,0.0,0.82,-10778754.59893846,4359217.900263378,2016,11,17,8,3,35.0,2016.8804539952341,26
11628,36.4161,-96.8782,0.0,0.78,-10784431.892968917,4358028.179263074,2016,11,17,10,1,7.0,2016.8806774596294,55
11629,36.4618,-96.8404,0.0,0.94,-10780224.01621693,4364351.8125398075,2016,11,17,10,16,30.0,2016.8807067077344,25
11630,36.4293,-96.9131,0.0,0.6,-10788316.9431976,4359854.316751253,2016,11,17,11,5,1.0,2016.8807989517582,58
11633,36.4404,-96.8843,0.0,1.6,-10785110.941862755,4361390.172717214,2016,11,17,16,2,31.0,2016.8813645841255,61
11634,36.4214,-96.8484,0.0,0.9,-10781114.572143275,4358761.363835499,2016,11,17,18,31,46.0,2016.881648350952,36
11636,36.4214,-96.9087,0.0,1.11,-10787827.137438111,4358761.363835499,2016,11,17,21,16,42.0,2016.881961936269,51
11638,36.4212,-96.8336,0.0,0.82,-10779467.043679535,4358733.695584647,2016,11,17,22,59,10.0,2016.882156754633,30
11639,36.4251,-96.8481,0.0,0.97,-10781081.176296039,4359273.239330692,2016,11,17,23,18,48.0,2016.8821940832001,36
11641,36.413,-96.8738,0.0,0.97,-10783942.087209426,4357599.358646789,2016,11,18,1,20,51.0,2016.8824261350674,56
11642,36.4251,-96.8481,0.0,0.81,-10781081.176296039,4359273.239330692,2016,11,18,1,45,3.0,2016.8824721461708,36
11644,36.4404,-96.8843,0.0,1.57,-10785110.941862755,4361390.172717214,2016,11,18,2,52,32.0,2016.8826004512384,61
11645,36.4214,-96.9087,0.0,0.55,-10787827.137438111,4358761.363835499,2016,11,18,3,24,11.0,2016.8826606269172,51
11646,36.4404,-96.8843,0.0,1.49,-10785110.941862755,4361390.172717214,2016,11,18,5,7,7.0,2016.8828563325474,61
11647,36.4214,-96.9087,0.0,0.78,-10787827.137438111,4358761.363835499,2016,11,18,6,7,39.0,2016.8829714236824,51
11648,36.4618,-96.8404,0.0,1.03,-10780224.01621693,4364351.8125398075,2016,11,18,7,33,14.0,2016.8831341420134,25
11649,36.4161,-96.8667,0.0,1.29,-10783151.718824793,4358028.179263074,2016,11,18,10,16,3.0,2016.8834437029432,57
11651,36.4306,-96.8724,0.0,1.27,-10783786.239922315,4360034.180419227,2016,11,18,14,54,51.0,2016.8839737812762,45
11652,36.4543,-96.8664,0.0,1.23,-10783118.322977556,4363313.761654775,2016,11,18,15,50,56.0,2016.8840804116917,40
11653,36.4247,-96.8272,0.0,1.17,-10778754.59893846,4359217.900263378,2016,11,18,17,13,57.0,2016.884238250057,26
11654,36.3974,-96.9966,7.552,1.52,-10797612.120678838,4355441.682334235,2016,11,18,19,43,47.0,2016.8845231259666,17
11655,36.4341,-96.8549,0.0,0.91,-10781838.148833433,4360518.443728243,2016,11,18,20,42,19.0,2016.8846344145309,48
11656,36.4617,-96.847,0.0,1.12,-10780958.724856166,4364337.971200943,2016,11,18,21,18,15.0,2016.8847027340482,24
11657,36.4371,-96.8361,0.0,0.78,-10779745.342406519,4360933.543945174,2016,11,18,21,40,33.0,2016.8847451327097,28
11658,36.4618,-96.8404,0.0,1.35,-10780224.01621693,4364351.8125398075,2016,11,18,22,3,30.0,2016.8847887672066,25
11659,36.4371,-96.8534,0.0,1.47,-10781671.169597242,4360933.543945174,2016,11,19,0,12,16.0,2016.885033589373,48
11660,36.4214,-96.9087,0.0,0.82,-10787827.137438111,4358761.363835499,2016,11,19,1,39,49.0,2016.8852000468983,51
11661,36.412,-96.9116,0.0,0.87,-10788149.963961411,4357461.033066466,2016,11,19,3,36,21.0,2016.8854216100083,53
11662,36.4617,-96.847,0.0,2.01,-10780958.724856166,4364337.971200943,2016,11,19,4,30,53.0,2016.8855252934318,24
11663,36.4529,-96.8512,0.0,0.7,-10781426.266717497,4363120.00327431,2016,11,19,5,24,13.0,2016.8856266953128,47
11664,36.4342,-96.897,0.0,0.46,-10786524.69939583,4360532.280143644,2016,11,19,11,16,44.0,2016.886296930058,50
11665,36.4223,-96.8349,0.0,0.42,-10779611.759017568,4358885.871846195,2016,11,19,12,52,37.0,2016.8864792316272,30
11666,36.4354,-96.8747,0.0,0.75,-10784042.27475114,4360698.318518952,2016,11,19,15,23,2.0,2016.8867652166198,44
11667,36.4247,-96.8272,0.0,0.91,-10778754.59893846,4359217.900263378,2016,11,19,16,6,57.0,2016.886848714731,26
11668,36.4371,-96.8534,0.0,1.18,-10781671.169597242,4360933.543945174,2016,11,19,16,56,7.0,2016.8869421945901,48
11669,36.4293,-96.9131,0.0,0.54,-10788316.9431976,4359854.316751253,2016,11,19,21,0,44.0,2016.887407280655,58
11670,36.3995,-96.9101,0.0,0.89,-10787982.984725222,4355732.113530378,2016,11,19,22,16,11.0,2016.8875507326286,49
11671,36.4161,-96.8667,0.0,0.96,-10783151.718824793,4358028.179263074,2016,11,19,22,50,5.0,2016.8876151861991,57
11673,36.4379,-96.9044,0.0,0.58,-10787348.4636277,4361044.240046276,2016,11,20,0,14,32.0,2016.88777574974,59
11675,36.412,-96.9116,0.0,1.12,-10788149.963961411,4357461.033066466,2016,11,20,1,24,20.0,2016.8879084594519,53
11676,36.4161,-96.8782,0.0,1.07,-10784431.892968917,4358028.179263074,2016,11,20,2,16,19.0,2016.8880072945979,55
11677,36.4247,-96.8413,0.0,0.57,-10780324.203758644,4359217.900263378,2016,11,20,2,48,48.0,2016.888069054681,37
11678,36.4161,-96.8782,0.0,1.16,-10784431.892968917,4358028.179263074,2016,11,20,2,56,5.0,2016.8880829023753,55
11679,36.4226,-96.9072,0.0,0.89,-10787660.15820192,4358927.374837114,2016,11,20,4,56,56.0,2016.8883126727,51
11681,36.4529,-96.8588,0.0,0.86,-10782272.294847528,4363120.00327431,2016,11,20,7,16,37.0,2016.888578250564,41
11682,36.4529,-96.8588,0.0,0.97,-10782272.294847528,4363120.00327431,2016,11,20,7,41,48.0,2016.8886261312648,41
11683,36.4529,-96.8512,0.0,0.63,-10781426.266717497,4363120.00327431,2016,11,20,8,53,22.0,2016.8887621999138,47
11684,36.4618,-96.8404,0.0,1.02,-10780224.01621693,4364351.8125398075,2016,11,20,11,6,48.0,2016.889015894745,25
11686,36.4161,-96.8667,0.0,0.89,-10783151.718824793,4358028.179263074,2016,11,20,12,4,42.0,2016.889125979162,57
11687,36.4413,-96.8731,0.0,0.45,-10783864.16356587,4361514.7112069735,2016,11,20,13,18,57.0,2016.889267149593,42
11690,36.4214,-96.8484,0.0,0.87,-10781114.572143275,4358761.363835499,2016,11,20,19,21,45.0,2016.8899569358887,36
11691,36.3995,-96.9101,0.0,0.95,-10787982.984725222,4355732.113530378,2016,11,20,19,50,23.0,2016.8900113760235,49
11693,36.4233,-96.8615,0.0,0.78,-10782572.85747267,4359024.215772828,2016,11,21,1,30,15.0,2016.8906575595101,57
11694,36.3995,-96.9101,0.0,0.8,-10787982.984725222,4355732.113530378,2016,11,21,2,8,12.0,2016.8907297132862,49
11696,36.4214,-96.9087,0.0,0.73,-10787827.137438111,4358761.363835499,2016,11,21,5,41,18.0,2016.891134877177,51
11697,36.4306,-96.8724,0.0,0.79,-10783786.239922315,4360034.180419227,2016,11,21,7,10,30.0,2016.8913044718229,45
11698,36.4175,-96.808,0.0,0.64,-10776617.26471523,4358221.845796738,2016,11,21,8,45,38.0,2016.8914853474282,19
11699,36.4247,-96.8272,0.0,0.7,-10778754.59893846,4359217.900263378,2016,11,21,9,3,3.0,2016.89151846148,26
11701,36.4161,-96.8782,0.0,1.02,-10784431.892968917,4358028.179263074,2016,11,21,14,10,9.0,2016.892102346186,55
11703,36.4226,-96.9072,0.0,0.77,-10787660.15820192,4358927.374837114,2016,11,22,1,10,1.0,2016.8933569409587,51
11704,36.4371,-96.8534,0.0,1.18,-10781671.169597242,4360933.543945174,2016,11,22,1,24,34.0,2016.8933846046593,48
11705,36.4306,-96.8724,0.0,0.79,-10783786.239922315,4360034.180419227,2016,11,22,2,25,29.0,2016.8935004246205,45
11706,36.4341,-96.8549,0.0,0.74,-10781838.148833433,4360518.443728243,2016,11,22,2,51,8.0,2016.8935491925874,48
11707,36.4212,-96.8336,0.0,0.72,-10779467.043679535,4358733.695584647,2016,11,22,4,46,53.0,2016.8937692663574,30
11709,36.4529,-96.8588,0.0,0.96,-10782272.294847528,4363120.00327431,2016,11,22,9,18,15.0,2016.8942852118032,41
11710,36.4529,-96.8588,0.0,1.03,-10782272.294847528,4363120.00327431,2016,11,22,9,37,53.0,2016.8943225403707,41
11711,36.4175,-96.808,0.0,0.57,-10776617.26471523,4358221.845796738,2016,11,22,10,12,37.0,2016.8943885783456,19
11712,36.4223,-96.8349,0.0,0.6,-10779611.759017568,4358885.871846195,2016,11,22,10,34,53.0,2016.894430913631,30
11713,36.3944,-96.8983,0.025,0.97,-10786669.41473386,4355026.794237775,2016,11,22,12,58,47.0,2016.894704508581,18
11716,36.4161,-96.8667,0.0,1.09,-10783151.718824793,4358028.179263074,2016,11,22,22,13,25.0,2016.8957590247674,57
11717,36.4161,-96.8782,0.0,0.97,-10784431.892968917,4358028.179263074,2016,11,22,22,23,43.0,2016.8957786080057,55
11718,36.4618,-96.8404,0.0,1.07,-10780224.01621693,4364351.8125398075,2016,11,22,23,37,28.0,2016.8959188277943,25
11719,36.413,-96.8738,0.0,0.99,-10783942.087209426,4357599.358646789,2016,11,23,5,3,52.0,2016.896539407306,56
11720,36.4543,-96.8664,0.0,0.94,-10783118.322977556,4363313.761654775,2016,11,23,6,52,58.0,2016.8967468375288,40
11721,36.4223,-96.8349,0.0,0.64,-10779611.759017568,4358885.871846195,2016,11,23,9,8,50.0,2016.8970051588208,30
11722,36.3777,-96.9196,0.0,0.7,-10789040.519887758,4352717.543096107,2016,11,23,9,14,42.0,2016.8970163130275,15
11724,36.4413,-96.8731,0.0,0.44,-10783864.16356587,4361514.7112069735,2016,11,23,11,21,49.0,2016.8972579980734,42
11725,36.4245,-96.8426,0.0,1.18,-10780468.919096677,4359190.23083663,2016,11,23,16,44,23.0,2016.897871289325,37
11727,36.4371,-96.8361,0.0,0.97,-10779745.342406519,4360933.543945174,2016,11,23,19,45,11.0,2016.8982150417016,28
11728,36.4533,-96.854,0.0,1.41,-10781737.961291717,4363175.362454715,2016,11,23,22,29,13.0,2016.8985269158618,46
11729,36.4289,-96.8252,0.0,0.92,-10778531.959956871,4359798.974690148,2016,11,23,23,49,1.0,2016.8986786384262,26
11730,36.4214,-96.9087,0.0,0.98,-10787827.137438111,4358761.363835499,2016,11,24,1,0,37.0,2016.8988147704515,51
11733,36.3777,-96.9196,0.0,0.98,-10789040.519887758,4352717.543096107,2016,11,24,3,22,51.0,2016.899085196593,15
11735,36.4529,-96.8512,0.0,0.73,-10781426.266717497,4363120.00327431,2016,11,24,5,22,4.0,2016.899311861485,47
11736,36.4618,-96.8404,0.0,1.29,-10780224.01621693,4364351.8125398075,2016,11,24,7,35,43.0,2016.8995659682612,25
11737,36.4371,-96.8361,0.0,0.31,-10779745.342406519,4360933.543945174,2016,11,24,10,37,27.0,2016.8999114951707,28
11738,36.4161,-96.8667,0.0,0.91,-10783151.718824793,4358028.179263074,2016,11,24,11,35,47.0,2016.900022403478,57
11739,36.4175,-96.808,0.0,0.41,-10776617.26471523,4358221.845796738,2016,11,24,13,53,48.0,2016.9002848125333,19
11740,36.3777,-96.9196,0.0,0.7,-10789040.519887758,4352717.543096107,2016,11,24,14,48,35.0,2016.9003889712778,15
11743,36.3777,-96.9196,0.0,0.72,-10789040.519887758,4352717.543096107,2016,11,24,17,43,21.0,2016.9007212525667,15
11744,36.4371,-96.8361,0.0,0.67,-10779745.342406519,4360933.543945174,2016,11,24,23,26,10.0,2016.901373044845,28
11745,36.3699,-96.9643,0.0,1.65,-10794016.501126215,4351639.140589087,2016,11,25,3,49,34.0,2016.9018738433847,15
11746,36.3944,-96.8983,0.025,0.7,-10786669.41473386,4355026.794237775,2016,11,25,5,12,9.0,2016.90203085786,18
11748,36.4185,-96.8924,0.0,0.58,-10786012.62973818,4358360.181172472,2016,11,25,8,54,28.0,2016.9024535452634,54
11749,36.417,-96.8628,0.0,1.36,-10782717.572810698,4358152.678776818,2016,11,25,10,30,9.0,2016.9026354665755,57
11750,36.4247,-96.8272,0.0,0.74,-10778754.59893846,4359217.900263378,2016,11,25,11,3,53.0,2016.902699603265,26
11751,36.4371,-96.8361,0.0,0.37,-10779745.342406519,4360933.543945174,2016,11,25,12,10,32.0,2016.9028263239284,28
11752,36.4306,-96.8724,0.0,0.75,-10783786.239922315,4360034.180419227,2016,11,25,12,24,35.0,2016.9028530369862,45
11753,36.3699,-96.9643,0.0,1.07,-10794016.501126215,4351639.140589087,2016,11,25,13,29,12.0,2016.9029758917027,15
11755,36.3938,-96.836,0.0,0.63,-10779734.21045744,4354943.818540041,2016,11,25,15,2,36.0,2016.903153471747,20
11756,36.4288,-96.8789,0.0,0.98,-10784509.81661247,4359785.139219427,2016,11,25,15,43,37.0,2016.903231456131,45
11757,36.4533,-96.854,0.0,1.63,-10781737.961291717,4363175.362454715,2016,11,25,15,56,4.0,2016.9032551271325,46
11758,36.417,-96.8628,0.0,0.91,-10782717.572810698,4358152.678776818,2016,11,25,16,31,45.0,2016.9033229713286,57
11759,36.412,-96.9116,0.0,0.97,-10788149.963961411,4357461.033066466,2016,11,25,16,43,48.0,2016.903345881816,53
11760,36.4617,-96.847,0.0,1.24,-10780958.724856166,4364337.971200943,2016,11,25,17,25,23.0,2016.9034249435952,24
11761,36.4543,-96.8664,0.0,1.63,-10783118.322977556,4363313.761654775,2016,11,25,22,0,7.0,2016.9039472900347,40
11762,36.4342,-96.897,0.0,0.78,-10786524.69939583,4360532.280143644,2016,11,25,22,47,5.0,2016.9040365870662,50
11763,36.3544,-96.9172,12.094,1.1,-10788773.353109853,4349496.48208893,2016,11,25,22,58,17.0,2016.9040578814613,16
11768,36.4354,-96.8747,0.0,0.89,-10784042.27475114,4360698.318518952,2016,11,27,0,19,38.0,2016.906950401805,44
11769,36.3915,-96.8345,0.0,1.35,-10779567.23122125,4354625.750965185,2016,11,27,3,17,21.0,2016.9072882918854,20
11770,36.4322,-96.8393,0.0,0.66,-10780101.564777058,4360255.555222543,2016,11,27,3,51,36.0,2016.9073534109057,27
11771,36.4175,-96.808,0.0,0.37,-10776617.26471523,4358221.845796738,2016,11,27,5,36,26.0,2016.907552728978,19
11772,36.3995,-96.9101,0.0,0.78,-10787982.984725222,4355732.113530378,2016,11,27,12,47,10.0,2016.9083716759196,49
11773,36.4226,-96.9072,0.0,1.45,-10787660.15820192,4358927.374837114,2016,11,27,13,24,39.0,2016.908442942429,51
11774,36.4214,-96.9087,0.0,0.71,-10787827.137438111,4358761.363835499,2016,11,27,19,49,54.0,2016.9091754125789,51
11775,36.3544,-96.9172,12.094,0.67,-10788773.353109853,4349496.48208893,2016,11,27,21,30,24.0,2016.9093664917484,16
11776,36.4161,-96.8782,0.0,0.92,-10784431.892968917,4358028.179263074,2016,11,27,21,57,10.0,2016.9094173828175,55
11777,36.4529,-96.8512,0.0,0.84,-10781426.266717497,4363120.00327431,2016,11,27,22,52,46.0,2016.9095230942785,47
11778,36.4342,-96.897,0.0,0.63,-10786524.69939583,4360532.280143644,2016,11,27,23,1,32.0,2016.9095397622125,50
11779,36.3544,-96.9172,12.094,0.74,-10788773.353109853,4349496.48208893,2016,11,28,4,31,10.0,2016.9101664892135,16
11780,36.3944,-96.8983,0.025,1.35,-10786669.41473386,4355026.794237775,2016,11,28,6,52,2.0,2016.9104343169315,18
11781,36.3777,-96.9196,0.0,0.72,-10789040.519887758,4352717.543096107,2016,11,28,10,42,55.0,2016.910873292012,15
11783,36.412,-96.9116,0.0,1.22,-10788149.963961411,4357461.033066466,2016,11,28,15,26,30.0,2016.9114124648263,53
11784,36.4354,-96.8636,0.0,1.44,-10782806.628403334,4360698.318518952,2016,11,28,16,20,2.0,2016.9115142469643,48
11785,36.4288,-96.8789,0.0,1.09,-10784509.81661247,4359785.139219427,2016,11,28,19,9,4.0,2016.911835627551,45
11786,36.4314,-96.8599,0.0,0.9,-10782394.746287398,4360144.867250516,2016,11,28,21,10,29.0,2016.9120664752706,48
11787,36.3915,-96.8345,0.0,1.0,-10779567.23122125,4354625.750965185,2016,11,28,21,22,46.0,2016.9120898293913,20
11789,36.3938,-96.836,0.0,0.58,-10779734.21045744,4354943.818540041,2016,11,29,2,14,0.0,2016.9126435470378,20
11790,36.4404,-96.8843,0.0,1.15,-10785110.941862755,4361390.172717214,2016,11,29,7,16,20.0,2016.9132183689508,61
11791,36.4212,-96.8336,0.0,0.46,-10779467.043679535,4358733.695584647,2016,11,29,8,8,27.0,2016.9133174576014,30
11792,36.3995,-96.9101,0.0,0.71,-10787982.984725222,4355732.113530378,2016,11,29,8,25,24.0,2016.9133496843867,49
11793,36.3944,-96.8983,0.025,0.88,-10786669.41473386,4355026.794237775,2016,11,29,9,33,58.0,2016.91348004918,18
11794,36.4301,-96.8308,0.0,0.87,-10779155.349105315,4359965.001728936,2016,11,29,9,53,39.0,2016.9135174728117,26
11795,36.4617,-96.847,0.0,0.93,-10780958.724856166,4364337.971200943,2016,11,29,11,12,15.0,2016.9136669138338,24
11797,36.3699,-96.9643,0.0,1.36,-10794016.501126215,4351639.140589087,2016,11,29,12,55,51.0,2016.9138638869877,15
11799,36.417,-96.8628,0.0,0.98,-10782717.572810698,4358152.678776818,2016,11,29,22,26,26.0,2016.9149487286738,57
11800,36.3915,-96.8345,0.0,0.79,-10779567.23122125,4354625.750965185,2016,11,29,23,19,49.0,2016.915050225619,20
11802,36.4379,-96.9044,0.0,0.53,-10787348.4636277,4361044.240046276,2016,11,30,7,2,9.0,2016.9159292531751,59
11803,36.4533,-96.854,0.0,1.07,-10781737.961291717,4363175.362454715,2016,11,30,7,30,46.0,2016.915983661622,46
11804,36.3544,-96.9172,12.094,1.67,-10788773.353109853,4349496.48208893,2016,11,30,8,21,21.0,2016.9160798349685,16
11805,36.4289,-96.8252,0.0,0.73,-10778531.959956871,4359798.974690148,2016,11,30,8,35,39.0,2016.9161070233479,26
11806,36.4185,-96.8924,0.0,0.82,-10786012.62973818,4358360.181172472,2016,11,30,9,50,4.0,2016.91624851066,54
11807,36.4233,-96.8615,0.0,0.82,-10782572.85747267,4359024.215772828,2016,11,30,10,32,22.0,2016.9163289350267,57
11808,36.4138,-96.8142,0.0,0.92,-10777307.445558146,4357710.020393209,2016,11,30,11,44,5.0,2016.9164652888687,19
11809,36.4251,-96.8481,0.0,1.01,-10781081.176296039,4359273.239330692,2016,11,30,15,10,1.0,2016.9168568268817,36
11811,36.3944,-96.8983,0.025,1.18,-10786669.41473386,4355026.794237775,2016,11,30,16,17,5.0,2016.916984339747,18
11812,36.4371,-96.8361,0.0,0.81,-10779745.342406519,4360933.543945174,2016,11,30,19,30,43.0,2016.9173524919513,28
11813,36.3974,-96.9966,7.552,1.43,-10797612.120678838,4355441.682334235,2016,11,30,21,33,50.0,2016.917586571856,17
11815,36.4354,-96.8747,0.0,0.81,-10784042.27475114,4360698.318518952,2016,11,30,23,56,48.0,2016.9178583922733,44
11816,36.4618,-96.8404,0.0,1.54,-10780224.01621693,4364351.8125398075,2016,12,1,2,41,37.0,2016.9181717557735,25
11817,36.4404,-96.8843,0.0,1.66,-10785110.941862755,4361390.172717214,2016,12,1,6,3,8.0,2016.9185548964433,61
11819,36.4543,-96.8664,0.0,1.52,-10783118.322977556,4363313.761654775,2016,12,1,7,49,16.0,2016.9187566861865,40
11820,36.4371,-96.8534,0.0,1.76,-10781671.169597242,4360933.543945174,2016,12,1,9,48,31.0,2016.918983414455,48
11821,36.4185,-96.8924,0.0,0.63,-10786012.62973818,4358360.181172472,2016,12,1,10,47,9.0,2016.9190948931478,54
11822,36.4529,-96.8512,0.0,0.71,-10781426.266717497,4363120.00327431,2016,12,1,11,11,23.0,2016.9191409676275,47
11823,36.4413,-96.8731,0.0,1.34,-10783864.16356587,4361514.7112069735,2016,12,1,12,31,58.0,2016.919294179532,42
11824,36.4223,-96.8349,0.0,1.05,-10779611.759017568,4358885.871846195,2016,12,1,12,57,54.0,2016.9193434861966,30
11825,36.3699,-96.9643,0.0,1.89,-10794016.501126215,4351639.140589087,2016,12,1,16,9,14.0,2016.9197072654447,15
11826,36.4342,-96.897,0.0,1.68,-10786524.69939583,4360532.280143644,2016,12,1,16,37,52.0,2016.9197617055797,50
11827,36.4354,-96.8747,0.0,1.49,-10784042.27475114,4360698.318518952,2016,12,1,20,39,15.0,2016.9202206441555,44
11828,36.3944,-96.8983,0.025,1.92,-10786669.41473386,4355026.794237775,2016,12,1,22,19,45.0,2016.920411723325,18
11830,36.4301,-96.8308,0.0,1.02,-10779155.349105315,4359965.001728936,2016,12,1,23,46,0.0,2016.9205757091795,26
11831,36.4223,-96.8349,0.0,0.57,-10779611.759017568,4358885.871846195,2016,12,2,2,29,6.0,2016.9208858088068,30
11832,36.4226,-96.9072,0.0,0.62,-10787660.15820192,4358927.374837114,2016,12,2,3,5,0.0,2016.9209540649479,51
11834,36.4214,-96.8484,0.0,0.44,-10781114.572143275,4358761.363835499,2016,12,2,5,28,58.0,2016.9212277866504,36
11835,36.4247,-96.9088,0.0,2.02,-10787838.26938719,4359217.900263378,2016,12,2,6,25,47.0,2016.9213358113418,51
11836,36.417,-96.8628,0.0,0.71,-10782717.572810698,4358152.678776818,2016,12,2,9,14,18.0,2016.9216562095976,57
11837,36.3995,-96.9101,0.0,1.01,-10787982.984725222,4355732.113530378,2016,12,2,10,3,15.0,2016.9217492775117,49
11838,36.4342,-96.897,0.0,0.87,-10786524.69939583,4360532.280143644,2016,12,2,13,43,26.0,2016.9221679088398,50
11840,36.4529,-96.8588,0.0,1.26,-10782272.294847528,4363120.00327431,2016,12,2,16,52,1.0,2016.9225264595534,41
11842,36.4341,-96.8549,0.0,0.73,-10781838.148833433,4360518.443728243,2016,12,2,19,37,9.0,2016.9228404251273,48
11844,36.3944,-96.8983,0.025,0.82,-10786669.41473386,4355026.794237775,2016,12,2,23,26,47.0,2016.9232770236013,18
11845,36.4293,-96.9131,0.0,0.45,-10788316.9431976,4359854.316751253,2016,12,3,7,4,17.0,2016.9241468616117,58
11846,36.4293,-96.9131,0.0,0.34,-10788316.9431976,4359854.316751253,2016,12,3,9,5,45.0,2016.9243778043958,58
11847,36.4336,-96.907,0.0,0.18,-10787637.894303761,4360449.261918631,2016,12,3,10,57,18.0,2016.9245898927675,59
11848,36.4161,-96.8782,0.0,0.8,-10784431.892968917,4358028.179263074,2016,12,3,21,21,4.0,2016.9257758511421,55
11849,36.4138,-96.8142,0.0,0.39,-10777307.445558146,4357710.020393209,2016,12,3,21,33,4.0,2016.9257986665652,19
11850,36.4228,-96.8463,0.0,0.86,-10780880.80121261,4358955.043586806,2016,12,4,2,13,30.0,2016.9263318503308,36
11853,36.3995,-96.9101,0.0,0.83,-10787982.984725222,4355732.113530378,2016,12,4,5,6,0.0,2016.9266598220397,49
11854,36.4212,-96.8336,0.0,0.52,-10779467.043679535,4358733.695584647,2016,12,4,5,50,49.0,2016.9267450313077,30
11855,36.4203,-96.8639,0.0,1.24,-10782840.024250573,4358609.189337653,2016,12,4,6,22,34.0,2016.926805397115,57
11857,36.4354,-96.8747,0.0,0.65,-10784042.27475114,4360698.318518952,2016,12,4,6,54,39.0,2016.926866396684,44
11858,36.4301,-96.8308,0.0,0.7,-10779155.349105315,4359965.001728936,2016,12,4,7,15,26.0,2016.9269059117296,26
11859,36.4371,-96.8534,0.0,1.23,-10781671.169597242,4360933.543945174,2016,12,4,10,52,34.0,2016.9273187441377,48
11861,36.4161,-96.8782,0.0,0.71,-10784431.892968917,4358028.179263074,2016,12,4,12,42,20.0,2016.927527441884,55
11862,36.4161,-96.8782,0.0,1.14,-10784431.892968917,4358028.179263074,2016,12,4,18,57,38.0,2016.9282409942455,55
11863,36.4212,-96.8336,0.0,0.72,-10779467.043679535,4358733.695584647,2016,12,4,19,18,7.0,2016.9282799389055,30
11864,36.4214,-96.9087,0.0,0.63,-10787827.137438111,4358761.363835499,2016,12,4,19,28,42.0,2016.9283000608411,51
11865,36.4308,-96.8922,0.0,0.63,-10785990.365840022,4360061.852020108,2016,12,4,20,5,18.0,2016.928369647882,50
11866,36.4289,-96.8252,0.0,0.77,-10778531.959956871,4359798.974690148,2016,12,4,23,32,47.0,2016.9287641328872,26
11868,36.3544,-96.9172,12.094,0.61,-10788773.353109853,4349496.48208893,2016,12,5,5,12,7.0,2016.929409302355,16
11869,36.4413,-96.8731,0.0,0.7,-10783864.16356587,4361514.7112069735,2016,12,5,6,2,16.0,2016.9295046518114,42
11870,36.4371,-96.8361,0.0,0.44,-10779745.342406519,4360933.543945174,2016,12,5,6,52,16.0,2016.9295997160748,28
11871,36.4617,-96.847,0.0,1.03,-10780958.724856166,4364337.971200943,2016,12,5,8,12,36.0,2016.929752452658,24
11872,36.4529,-96.8512,0.0,0.71,-10781426.266717497,4363120.00327431,2016,12,5,11,12,31.0,2016.930094525566,47
11873,36.4336,-96.907,0.0,0.32,-10787637.894303761,4360449.261918631,2016,12,5,11,35,5.0,2016.9301374312367,59
11874,36.4223,-96.8349,0.0,0.72,-10779611.759017568,4358885.871846195,2016,12,5,16,43,11.0,2016.9307232172282,30
11875,36.4214,-96.8484,0.0,1.6,-10781114.572143275,4358761.363835499,2016,12,5,17,13,58.0,2016.9307817451263,36
11876,36.4161,-96.8667,0.0,1.1,-10783151.718824793,4358028.179263074,2016,12,5,17,38,27.0,2016.9308282949273,57
11877,36.413,-96.8738,0.0,0.95,-10783942.087209426,4357599.358646789,2016,12,6,0,34,1.0,2016.9316184057088,56
11879,36.4371,-96.8534,0.0,1.22,-10781671.169597242,4360933.543945174,2016,12,6,4,24,16.0,2016.9320561766422,48
11880,36.4314,-96.8599,0.0,0.66,-10782394.746287398,4360144.867250516,2016,12,6,4,40,36.0,2016.9320872309681,48
11881,36.4371,-96.8361,0.0,0.4,-10779745.342406519,4360933.543945174,2016,12,6,4,48,43.0,2016.9321026630669,28
11883,36.4342,-96.897,0.0,0.53,-10786524.69939583,4360532.280143644,2016,12,6,6,37,26.0,2016.9323093644637,50
11885,36.4618,-96.8404,0.0,0.97,-10780224.01621693,4364351.8125398075,2016,12,6,9,17,29.0,2016.932613665171,25
11886,36.4293,-96.9131,0.0,0.77,-10788316.9431976,4359854.316751253,2016,12,6,9,38,22.0,2016.932653370345,58
11887,36.4138,-96.8142,0.0,0.27,-10777307.445558146,4357710.020393209,2016,12,6,10,30,27.0,2016.9327523956194,19
11889,36.4226,-96.9072,0.0,0.83,-10787660.15820192,4358927.374837114,2016,12,6,11,49,8.0,2016.932901995082,51
11890,36.412,-96.9116,0.0,1.15,-10788149.963961411,4357461.033066466,2016,12,6,12,31,1.0,2016.9329816272466,53
11891,36.3974,-96.9966,7.552,1.37,-10797612.120678838,4355441.682334235,2016,12,6,13,2,15.0,2016.9330410107232,17
11892,36.3944,-96.8983,0.025,1.04,-10786669.41473386,4355026.794237775,2016,12,6,14,4,0.0,2016.9331584150887,18
11894,36.4529,-96.8512,0.0,1.28,-10781426.266717497,4363120.00327431,2016,12,6,20,29,37.0,2016.9338915823764,47
11895,36.4342,-96.897,0.0,1.0,-10786524.69939583,4360532.280143644,2016,12,6,21,22,51.0,2016.933992794129,50
11896,36.3974,-96.9966,7.552,2.37,-10797612.120678838,4355441.682334235,2016,12,6,21,33,27.0,2016.9340129477528,17
11897,36.3544,-96.9172,12.094,1.46,-10788773.353109853,4349496.48208893,2016,12,6,21,47,56.0,2016.934040484701,16
11898,36.4248,-96.9105,0.0,1.62,-10788027.512521537,4359231.735003479,2016,12,6,23,0,25.0,2016.934178296195,51
11899,36.4247,-96.9088,0.0,0.94,-10787838.26938719,4359217.900263378,2016,12,7,0,39,43.0,2016.9343670938222,51
11900,36.4247,-96.8413,0.0,0.67,-10780324.203758644,4359217.900263378,2016,12,7,1,18,55.0,2016.9344416242047,37
11902,36.4203,-96.8639,0.0,1.05,-10782840.024250573,4358609.189337653,2016,12,7,6,54,21.0,2016.93507937866,57
11903,36.4371,-96.8534,0.0,1.29,-10781671.169597242,4360933.543945174,2016,12,7,9,24,5.0,2016.9353640644408,48
11904,36.4306,-96.8724,0.0,1.12,-10783786.239922315,4360034.180419227,2016,12,7,10,21,45.0,2016.9354737052247,45
11905,36.4371,-96.8534,0.0,1.09,-10781671.169597242,4360933.543945174,2016,12,7,10,55,30.0,2016.9355378736025,48
11906,36.4289,-96.8252,0.0,0.79,-10778531.959956871,4359798.974690148,2016,12,7,11,18,21.0,2016.935581317971,26
11907,36.4354,-96.8747,0.0,0.79,-10784042.27475114,4360698.318518952,2016,12,7,11,53,3.0,2016.9356472925697,44
11909,36.4161,-96.8782,0.0,1.16,-10784431.892968917,4358028.179263074,2016,12,7,15,59,29.0,2016.9361158326362,55
11910,36.4226,-96.9072,0.0,1.15,-10787660.15820192,4358927.374837114,2016,12,7,21,26,32.0,2016.9367376479834,51
11911,36.3944,-96.8983,0.025,0.85,-10786669.41473386,4355026.794237775,2016,12,8,0,30,22.0,2016.937087167592,18
11912,36.4289,-96.8252,0.0,0.89,-10778531.959956871,4359798.974690148,2016,12,8,2,36,4.0,2016.9373261591502,26
11913,36.4529,-96.8512,0.0,0.65,-10781426.266717497,4363120.00327431,2016,12,8,11,23,9.0,2016.9383282949273,47
11914,36.4413,-96.8731,0.0,0.63,-10783864.16356587,4361514.7112069735,2016,12,8,12,6,58.0,2016.9384116029103,42
11915,36.3974,-96.9966,7.552,1.65,-10797612.120678838,4355441.682334235,2016,12,8,12,19,37.0,2016.9384356541689,17
11917,36.4533,-96.854,0.0,1.52,-10781737.961291717,4363175.362454715,2016,12,8,15,8,55.0,2016.938757541765,46
11918,36.4341,-96.8549,0.0,0.85,-10781838.148833433,4360518.443728243,2016,12,8,16,22,2.0,2016.9388965574062,48
11919,36.4371,-96.8361,0.0,0.72,-10779745.342406519,4360933.543945174,2016,12,8,16,53,8.0,2016.938955687378,28
11921,36.4308,-96.8922,0.0,0.77,-10785990.365840022,4360061.852020108,2016,12,8,17,44,25.0,2016.9390531916242,50
11922,36.3835,-96.9274,0.0,1.09,-10789908.811915945,4353519.502249293,2016,12,8,18,28,1.0,2016.9391360876618,15
11923,36.417,-96.8628,0.0,0.93,-10782717.572810698,4358152.678776818,2016,12,8,19,25,20.0,2016.939245062996,57
11924,36.4286,-96.8742,0.0,1.26,-10783986.615005743,4359757.468331449,2016,12,8,20,16,39.0,2016.9393426306183,45
